{
"type": "FeatureCollection",
"name": "placas_60",
"features": [
{ "type": "Feature", "properties": { "value": "regulatory--maximum-speed-limit-60--g1", "speed": 60 }, "geometry": { "type": "Point", "coordinates": [ -34.906386823203, -8.143685236573999 ] } },
{ "type": "Feature", "properties": { "value": "regulatory--maximum-speed-limit-60--g1", "speed": 60 }, "geometry": { "type": "Point", "coordinates": [ -34.898018267486002, -8.060554715659 ] } },
{ "type": "Feature", "properties": { "value": "regulatory--maximum-speed-limit-60--g1", "speed": 60 }, "geometry": { "type": "Point", "coordinates": [ -34.914445275752001, -8.0623933564949 ] } },
{ "type": "Feature", "properties": { "value": "regulatory--maximum-speed-limit-60--g1", "speed": 60 }, "geometry": { "type": "Point", "coordinates": [ -34.914448877637, -8.062318621093199 ] } },
{ "type": "Feature", "properties": { "value": "regulatory--maximum-speed-limit-60--g1", "speed": 60 }, "geometry": { "type": "Point", "coordinates": [ -34.915164464682, -8.062410155125299 ] } },
{ "type": "Feature", "properties": { "value": "regulatory--maximum-speed-limit-60--g1", "speed": 60 }, "geometry": { "type": "Point", "coordinates": [ -34.91445001676, -8.062357196064101 ] } },
{ "type": "Feature", "properties": { "value": "regulatory--maximum-speed-limit-60--g1", "speed": 60 }, "geometry": { "type": "Point", "coordinates": [ -34.915948345021, -8.062297911062499 ] } },
{ "type": "Feature", "properties": { "value": "regulatory--maximum-speed-limit-60--g1", "speed": 60 }, "geometry": { "type": "Point", "coordinates": [ -34.915165223997001, -8.0623050031882 ] } },
{ "type": "Feature", "properties": { "value": "regulatory--maximum-speed-limit-60--g1", "speed": 60 }, "geometry": { "type": "Point", "coordinates": [ -34.891376338977999, -8.0807821287117 ] } },
{ "type": "Feature", "properties": { "value": "regulatory--maximum-speed-limit-60--g1", "speed": 60 }, "geometry": { "type": "Point", "coordinates": [ -34.878132166714998, -8.039210267790899 ] } },
{ "type": "Feature", "properties": { "value": "regulatory--maximum-speed-limit-60--g1", "speed": 60 }, "geometry": { "type": "Point", "coordinates": [ -34.886591169939997, -8.0855203401381 ] } },
{ "type": "Feature", "properties": { "value": "regulatory--maximum-speed-limit-60--g1", "speed": 60 }, "geometry": { "type": "Point", "coordinates": [ -34.888392200871998, -8.1029843013494 ] } },
{ "type": "Feature", "properties": { "value": "regulatory--maximum-speed-limit-60--g1", "speed": 60 }, "geometry": { "type": "Point", "coordinates": [ -34.889185149162003, -8.1041934828898 ] } },
{ "type": "Feature", "properties": { "value": "regulatory--maximum-speed-limit-60--g1", "speed": 60 }, "geometry": { "type": "Point", "coordinates": [ -34.889358657568998, -8.104601313172701 ] } },
{ "type": "Feature", "properties": { "value": "regulatory--maximum-speed-limit-60--g1", "speed": 60 }, "geometry": { "type": "Point", "coordinates": [ -34.889231838701001, -8.1014710056123 ] } },
{ "type": "Feature", "properties": { "value": "regulatory--maximum-speed-limit-60--g1", "speed": 60 }, "geometry": { "type": "Point", "coordinates": [ -34.891723564129002, -8.088960085221 ] } },
{ "type": "Feature", "properties": { "value": "regulatory--maximum-speed-limit-60--g1", "speed": 60 }, "geometry": { "type": "Point", "coordinates": [ -34.892494509609001, -8.0898761114285 ] } },
{ "type": "Feature", "properties": { "value": "regulatory--maximum-speed-limit-60--g1", "speed": 60 }, "geometry": { "type": "Point", "coordinates": [ -34.897791214599998, -8.061291353557101 ] } },
{ "type": "Feature", "properties": { "value": "regulatory--maximum-speed-limit-60--g1", "speed": 60 }, "geometry": { "type": "Point", "coordinates": [ -34.891458801389, -8.0817627837781 ] } },
{ "type": "Feature", "properties": { "value": "regulatory--maximum-speed-limit-60--g1", "speed": 60 }, "geometry": { "type": "Point", "coordinates": [ -34.898632134262002, -8.1211462828935 ] } },
{ "type": "Feature", "properties": { "value": "regulatory--maximum-speed-limit-60--g1", "speed": 60 }, "geometry": { "type": "Point", "coordinates": [ -34.897120185928998, -8.0634121167306 ] } },
{ "type": "Feature", "properties": { "value": "regulatory--maximum-speed-limit-60--g1", "speed": 60 }, "geometry": { "type": "Point", "coordinates": [ -34.897252790465998, -8.063423617925899 ] } },
{ "type": "Feature", "properties": { "value": "regulatory--maximum-speed-limit-60--g1", "speed": 60 }, "geometry": { "type": "Point", "coordinates": [ -34.897203414091997, -8.064113876796 ] } },
{ "type": "Feature", "properties": { "value": "regulatory--maximum-speed-limit-60--g1", "speed": 60 }, "geometry": { "type": "Point", "coordinates": [ -34.889331337495001, -8.044880497831301 ] } },
{ "type": "Feature", "properties": { "value": "regulatory--maximum-speed-limit-60--g1", "speed": 60 }, "geometry": { "type": "Point", "coordinates": [ -34.885222628633002, -8.0887350238692 ] } },
{ "type": "Feature", "properties": { "value": "regulatory--maximum-speed-limit-60--g1", "speed": 60 }, "geometry": { "type": "Point", "coordinates": [ -34.928254983957999, -8.0998617802254 ] } },
{ "type": "Feature", "properties": { "value": "regulatory--maximum-speed-limit-60--g1", "speed": 60 }, "geometry": { "type": "Point", "coordinates": [ -34.928371415420997, -8.0998076564562 ] } },
{ "type": "Feature", "properties": { "value": "regulatory--maximum-speed-limit-60--g1", "speed": 60 }, "geometry": { "type": "Point", "coordinates": [ -34.888507640848999, -8.1015372383408 ] } },
{ "type": "Feature", "properties": { "value": "regulatory--maximum-speed-limit-60--g1", "speed": 60 }, "geometry": { "type": "Point", "coordinates": [ -34.888263935544003, -8.101555438782301 ] } },
{ "type": "Feature", "properties": { "value": "regulatory--maximum-speed-limit-60--g1", "speed": 60 }, "geometry": { "type": "Point", "coordinates": [ -34.887918726759999, -8.098977799028701 ] } },
{ "type": "Feature", "properties": { "value": "regulatory--maximum-speed-limit-60--g1", "speed": 60 }, "geometry": { "type": "Point", "coordinates": [ -34.882139223591999, -8.090082594767701 ] } },
{ "type": "Feature", "properties": { "value": "regulatory--maximum-speed-limit-60--g1", "speed": 60 }, "geometry": { "type": "Point", "coordinates": [ -34.883163722623998, -8.0959915441832 ] } },
{ "type": "Feature", "properties": { "value": "regulatory--maximum-speed-limit-60--g1", "speed": 60 }, "geometry": { "type": "Point", "coordinates": [ -34.883076903853002, -8.0960035077995 ] } },
{ "type": "Feature", "properties": { "value": "regulatory--maximum-speed-limit-60--g1", "speed": 60 }, "geometry": { "type": "Point", "coordinates": [ -34.889362326392998, -8.104697126062501 ] } },
{ "type": "Feature", "properties": { "value": "regulatory--maximum-speed-limit-60--g1", "speed": 60 }, "geometry": { "type": "Point", "coordinates": [ -34.882992310448998, -8.0893513772474 ] } },
{ "type": "Feature", "properties": { "value": "regulatory--maximum-speed-limit-60--g1", "speed": 60 }, "geometry": { "type": "Point", "coordinates": [ -34.878915201966997, -8.072067313850299 ] } },
{ "type": "Feature", "properties": { "value": "regulatory--maximum-speed-limit-60--g1", "speed": 60 }, "geometry": { "type": "Point", "coordinates": [ -34.877934095017999, -8.071732183718501 ] } },
{ "type": "Feature", "properties": { "value": "regulatory--maximum-speed-limit-60--g1", "speed": 60 }, "geometry": { "type": "Point", "coordinates": [ -34.914970218009003, -8.062378403450399 ] } },
{ "type": "Feature", "properties": { "value": "regulatory--maximum-speed-limit-60--g1", "speed": 60 }, "geometry": { "type": "Point", "coordinates": [ -34.914928417276002, -8.0625098917149 ] } },
{ "type": "Feature", "properties": { "value": "regulatory--maximum-speed-limit-60--g1", "speed": 60 }, "geometry": { "type": "Point", "coordinates": [ -34.898898633304, -8.121067353806 ] } },
{ "type": "Feature", "properties": { "value": "regulatory--maximum-speed-limit-60--g1", "speed": 60 }, "geometry": { "type": "Point", "coordinates": [ -34.894821714818001, -8.0515999299794 ] } },
{ "type": "Feature", "properties": { "value": "regulatory--maximum-speed-limit-60--g1", "speed": 60 }, "geometry": { "type": "Point", "coordinates": [ -34.894931152818998, -8.051508877226301 ] } },
{ "type": "Feature", "properties": { "value": "regulatory--maximum-speed-limit-60--g1", "speed": 60 }, "geometry": { "type": "Point", "coordinates": [ -34.916510082447999, -8.062373087972199 ] } },
{ "type": "Feature", "properties": { "value": "regulatory--maximum-speed-limit-60--g1", "speed": 60 }, "geometry": { "type": "Point", "coordinates": [ -34.917264875053, -8.0626120267664 ] } },
{ "type": "Feature", "properties": { "value": "regulatory--maximum-speed-limit-60--g1", "speed": 60 }, "geometry": { "type": "Point", "coordinates": [ -34.879874438458998, -8.072367158339199 ] } },
{ "type": "Feature", "properties": { "value": "regulatory--maximum-speed-limit-60--g1", "speed": 60 }, "geometry": { "type": "Point", "coordinates": [ -34.891224894044001, -8.080802457040299 ] } },
{ "type": "Feature", "properties": { "value": "regulatory--maximum-speed-limit-60--g1", "speed": 60 }, "geometry": { "type": "Point", "coordinates": [ -34.889505569763003, -8.105265828499199 ] } },
{ "type": "Feature", "properties": { "value": "regulatory--maximum-speed-limit-60--g1", "speed": 60 }, "geometry": { "type": "Point", "coordinates": [ -34.889397467766003, -8.1052516577947 ] } },
{ "type": "Feature", "properties": { "value": "regulatory--maximum-speed-limit-60--g1", "speed": 60 }, "geometry": { "type": "Point", "coordinates": [ -34.919245755534, -8.062225086905601 ] } },
{ "type": "Feature", "properties": { "value": "regulatory--maximum-speed-limit-60--g1", "speed": 60 }, "geometry": { "type": "Point", "coordinates": [ -34.919217693840999, -8.062125539614099 ] } },
{ "type": "Feature", "properties": { "value": "regulatory--maximum-speed-limit-60--g1", "speed": 60 }, "geometry": { "type": "Point", "coordinates": [ -34.918327116046001, -8.0624264363296 ] } },
{ "type": "Feature", "properties": { "value": "regulatory--maximum-speed-limit-60--g1", "speed": 60 }, "geometry": { "type": "Point", "coordinates": [ -34.918312517838999, -8.062321448063701 ] } },
{ "type": "Feature", "properties": { "value": "regulatory--maximum-speed-limit-60--g1", "speed": 60 }, "geometry": { "type": "Point", "coordinates": [ -34.894211705431999, -8.107671454071101 ] } },
{ "type": "Feature", "properties": { "value": "regulatory--maximum-speed-limit-60--g1", "speed": 60 }, "geometry": { "type": "Point", "coordinates": [ -34.915125665132003, -8.124771160226199 ] } },
{ "type": "Feature", "properties": { "value": "regulatory--maximum-speed-limit-60--g1", "speed": 60 }, "geometry": { "type": "Point", "coordinates": [ -34.915284718426001, -8.1263757269962 ] } },
{ "type": "Feature", "properties": { "value": "regulatory--maximum-speed-limit-60--g1", "speed": 60 }, "geometry": { "type": "Point", "coordinates": [ -34.915915392226999, -8.130205961209899 ] } },
{ "type": "Feature", "properties": { "value": "regulatory--maximum-speed-limit-60--g1", "speed": 60 }, "geometry": { "type": "Point", "coordinates": [ -34.914995862299001, -8.124805784016999 ] } },
{ "type": "Feature", "properties": { "value": "regulatory--maximum-speed-limit-60--g1", "speed": 60 }, "geometry": { "type": "Point", "coordinates": [ -34.916107262673002, -8.1301668166314 ] } },
{ "type": "Feature", "properties": { "value": "regulatory--maximum-speed-limit-60--g1", "speed": 60 }, "geometry": { "type": "Point", "coordinates": [ -34.915416544053002, -8.126364066907801 ] } },
{ "type": "Feature", "properties": { "value": "regulatory--maximum-speed-limit-60--g1", "speed": 60 }, "geometry": { "type": "Point", "coordinates": [ -34.915966267900998, -8.1305202459285 ] } },
{ "type": "Feature", "properties": { "value": "regulatory--maximum-speed-limit-60--g1", "speed": 60 }, "geometry": { "type": "Point", "coordinates": [ -34.936337010743998, -8.064348573747299 ] } },
{ "type": "Feature", "properties": { "value": "regulatory--maximum-speed-limit-60--g1", "speed": 60 }, "geometry": { "type": "Point", "coordinates": [ -34.890841360899003, -8.082610401293399 ] } },
{ "type": "Feature", "properties": { "value": "regulatory--maximum-speed-limit-60--g1", "speed": 60 }, "geometry": { "type": "Point", "coordinates": [ -34.891404565439998, -8.0822682617257 ] } },
{ "type": "Feature", "properties": { "value": "regulatory--maximum-speed-limit-60--g1", "speed": 60 }, "geometry": { "type": "Point", "coordinates": [ -34.889905404331003, -8.0837133655562 ] } },
{ "type": "Feature", "properties": { "value": "regulatory--maximum-speed-limit-60--g1", "speed": 60 }, "geometry": { "type": "Point", "coordinates": [ -34.889169980189003, -8.100279818241299 ] } },
{ "type": "Feature", "properties": { "value": "regulatory--maximum-speed-limit-60--g1", "speed": 60 }, "geometry": { "type": "Point", "coordinates": [ -34.889203288589997, -8.1025279127959 ] } },
{ "type": "Feature", "properties": { "value": "regulatory--maximum-speed-limit-60--g1", "speed": 60 }, "geometry": { "type": "Point", "coordinates": [ -34.889126340944998, -8.101392057062499 ] } },
{ "type": "Feature", "properties": { "value": "regulatory--maximum-speed-limit-60--g1", "speed": 60 }, "geometry": { "type": "Point", "coordinates": [ -34.890864752847001, -8.0867183386577 ] } },
{ "type": "Feature", "properties": { "value": "regulatory--maximum-speed-limit-60--g1", "speed": 60 }, "geometry": { "type": "Point", "coordinates": [ -34.891020248216002, -8.0867229713509 ] } },
{ "type": "Feature", "properties": { "value": "regulatory--maximum-speed-limit-60--g1", "speed": 60 }, "geometry": { "type": "Point", "coordinates": [ -34.890896848475002, -8.086864796036799 ] } },
{ "type": "Feature", "properties": { "value": "regulatory--maximum-speed-limit-60--g1", "speed": 60 }, "geometry": { "type": "Point", "coordinates": [ -34.891058232642003, -8.0868524548706 ] } },
{ "type": "Feature", "properties": { "value": "regulatory--maximum-speed-limit-60--g1", "speed": 60 }, "geometry": { "type": "Point", "coordinates": [ -34.890974705738998, -8.0871354306204 ] } },
{ "type": "Feature", "properties": { "value": "regulatory--maximum-speed-limit-60--g1", "speed": 60 }, "geometry": { "type": "Point", "coordinates": [ -34.888858750403998, -8.0832492482695 ] } },
{ "type": "Feature", "properties": { "value": "regulatory--maximum-speed-limit-60--g1", "speed": 60 }, "geometry": { "type": "Point", "coordinates": [ -34.890845358482999, -8.081112356249699 ] } },
{ "type": "Feature", "properties": { "value": "regulatory--maximum-speed-limit-60--g1", "speed": 60 }, "geometry": { "type": "Point", "coordinates": [ -34.890591217561003, -8.085669904830199 ] } },
{ "type": "Feature", "properties": { "value": "regulatory--maximum-speed-limit-60--g1", "speed": 60 }, "geometry": { "type": "Point", "coordinates": [ -34.891236466072002, -8.087277952083401 ] } },
{ "type": "Feature", "properties": { "value": "regulatory--maximum-speed-limit-60--g1", "speed": 60 }, "geometry": { "type": "Point", "coordinates": [ -34.895453862514998, -8.052225476613801 ] } },
{ "type": "Feature", "properties": { "value": "regulatory--maximum-speed-limit-60--g1", "speed": 60 }, "geometry": { "type": "Point", "coordinates": [ -34.892892769696999, -8.0279982211835 ] } },
{ "type": "Feature", "properties": { "value": "regulatory--maximum-speed-limit-60--g1", "speed": 60 }, "geometry": { "type": "Point", "coordinates": [ -34.906931495309003, -8.144825631784199 ] } },
{ "type": "Feature", "properties": { "value": "regulatory--maximum-speed-limit-60--g1", "speed": 60 }, "geometry": { "type": "Point", "coordinates": [ -34.907222476173999, -8.1454657509111 ] } },
{ "type": "Feature", "properties": { "value": "regulatory--maximum-speed-limit-60--g1", "speed": 60 }, "geometry": { "type": "Point", "coordinates": [ -34.891705341147997, -8.105508764175999 ] } },
{ "type": "Feature", "properties": { "value": "regulatory--maximum-speed-limit-60--g1", "speed": 60 }, "geometry": { "type": "Point", "coordinates": [ -34.892288429395002, -8.106053819838101 ] } },
{ "type": "Feature", "properties": { "value": "regulatory--maximum-speed-limit-60--g1", "speed": 60 }, "geometry": { "type": "Point", "coordinates": [ -34.893726229385997, -8.1072468457797 ] } },
{ "type": "Feature", "properties": { "value": "regulatory--maximum-speed-limit-60--g1", "speed": 60 }, "geometry": { "type": "Point", "coordinates": [ -34.897940221808, -8.0613052869145 ] } },
{ "type": "Feature", "properties": { "value": "regulatory--maximum-speed-limit-60--g1", "speed": 60 }, "geometry": { "type": "Point", "coordinates": [ -34.934758993628002, -8.0635380856837 ] } },
{ "type": "Feature", "properties": { "value": "regulatory--maximum-speed-limit-60--g1", "speed": 60 }, "geometry": { "type": "Point", "coordinates": [ -34.900284958653998, -8.1122782486452 ] } },
{ "type": "Feature", "properties": { "value": "regulatory--maximum-speed-limit-60--g1", "speed": 60 }, "geometry": { "type": "Point", "coordinates": [ -34.962760550003999, -8.073606799177499 ] } },
{ "type": "Feature", "properties": { "value": "regulatory--maximum-speed-limit-60--g1", "speed": 60 }, "geometry": { "type": "Point", "coordinates": [ -34.893673318407998, -8.076981300497801 ] } },
{ "type": "Feature", "properties": { "value": "regulatory--maximum-speed-limit-60--g1", "speed": 60 }, "geometry": { "type": "Point", "coordinates": [ -34.898393073797997, -8.1202377965081 ] } },
{ "type": "Feature", "properties": { "value": "regulatory--maximum-speed-limit-60--g1", "speed": 60 }, "geometry": { "type": "Point", "coordinates": [ -34.912580038352999, -8.0624876364323 ] } },
{ "type": "Feature", "properties": { "value": "regulatory--maximum-speed-limit-60--g1", "speed": 60 }, "geometry": { "type": "Point", "coordinates": [ -34.897987908097001, -8.0595226204035 ] } },
{ "type": "Feature", "properties": { "value": "regulatory--maximum-speed-limit-60--g1", "speed": 60 }, "geometry": { "type": "Point", "coordinates": [ -34.898129507324001, -8.059542363864599 ] } },
{ "type": "Feature", "properties": { "value": "regulatory--maximum-speed-limit-60--g1", "speed": 60 }, "geometry": { "type": "Point", "coordinates": [ -34.897871802197002, -8.0605512398212 ] } },
{ "type": "Feature", "properties": { "value": "regulatory--maximum-speed-limit-60--g1", "speed": 60 }, "geometry": { "type": "Point", "coordinates": [ -34.897949025137997, -8.0595232376832 ] } },
{ "type": "Feature", "properties": { "value": "regulatory--maximum-speed-limit-60--g1", "speed": 60 }, "geometry": { "type": "Point", "coordinates": [ -34.906179421182998, -8.144371471838401 ] } },
{ "type": "Feature", "properties": { "value": "regulatory--maximum-speed-limit-60--g1", "speed": 60 }, "geometry": { "type": "Point", "coordinates": [ -34.900771873354003, -8.1158906543057 ] } },
{ "type": "Feature", "properties": { "value": "regulatory--maximum-speed-limit-60--g1", "speed": 60 }, "geometry": { "type": "Point", "coordinates": [ -34.887471826259997, -8.0434403710148 ] } },
{ "type": "Feature", "properties": { "value": "regulatory--maximum-speed-limit-60--g1", "speed": 60 }, "geometry": { "type": "Point", "coordinates": [ -34.903016480043, -8.134877553220401 ] } },
{ "type": "Feature", "properties": { "value": "regulatory--maximum-speed-limit-60--g1", "speed": 60 }, "geometry": { "type": "Point", "coordinates": [ -34.903603196634002, -8.141829163051399 ] } },
{ "type": "Feature", "properties": { "value": "regulatory--maximum-speed-limit-60--g1", "speed": 60 }, "geometry": { "type": "Point", "coordinates": [ -34.904488948390998, -8.143588325419 ] } },
{ "type": "Feature", "properties": { "value": "regulatory--maximum-speed-limit-60--g1", "speed": 60 }, "geometry": { "type": "Point", "coordinates": [ -34.928121285914997, -8.1006084180248 ] } },
{ "type": "Feature", "properties": { "value": "regulatory--maximum-speed-limit-60--g1", "speed": 60 }, "geometry": { "type": "Point", "coordinates": [ -34.928085681003999, -8.100747624923301 ] } },
{ "type": "Feature", "properties": { "value": "regulatory--maximum-speed-limit-60--g1", "speed": 60 }, "geometry": { "type": "Point", "coordinates": [ -34.888806233282999, -8.104015758792 ] } },
{ "type": "Feature", "properties": { "value": "regulatory--maximum-speed-limit-60--g1", "speed": 60 }, "geometry": { "type": "Point", "coordinates": [ -34.898103837241003, -8.0595268839984 ] } },
{ "type": "Feature", "properties": { "value": "regulatory--maximum-speed-limit-60--g1", "speed": 60 }, "geometry": { "type": "Point", "coordinates": [ -34.887090087422997, -8.1017108332458 ] } },
{ "type": "Feature", "properties": { "value": "regulatory--maximum-speed-limit-60--g1", "speed": 60 }, "geometry": { "type": "Point", "coordinates": [ -34.887520569613002, -8.1025698771062 ] } },
{ "type": "Feature", "properties": { "value": "regulatory--maximum-speed-limit-60--g1", "speed": 60 }, "geometry": { "type": "Point", "coordinates": [ -34.883600538556998, -8.0888035275559 ] } },
{ "type": "Feature", "properties": { "value": "regulatory--maximum-speed-limit-60--g1", "speed": 60 }, "geometry": { "type": "Point", "coordinates": [ -34.903661855762003, -8.136567018481401 ] } },
{ "type": "Feature", "properties": { "value": "regulatory--maximum-speed-limit-60--g1", "speed": 60 }, "geometry": { "type": "Point", "coordinates": [ -34.930498728349001, -8.0873749949247 ] } },
{ "type": "Feature", "properties": { "value": "regulatory--maximum-speed-limit-60--g1", "speed": 60 }, "geometry": { "type": "Point", "coordinates": [ -34.897292184487, -8.0623055531888 ] } },
{ "type": "Feature", "properties": { "value": "regulatory--maximum-speed-limit-60--g1", "speed": 60 }, "geometry": { "type": "Point", "coordinates": [ -34.897102359058998, -8.0640839783281 ] } },
{ "type": "Feature", "properties": { "value": "regulatory--maximum-speed-limit-60--g1", "speed": 60 }, "geometry": { "type": "Point", "coordinates": [ -34.897203344406996, -8.0633671455513 ] } },
{ "type": "Feature", "properties": { "value": "regulatory--maximum-speed-limit-60--g1", "speed": 60 }, "geometry": { "type": "Point", "coordinates": [ -34.927856181628002, -8.0845358751126 ] } },
{ "type": "Feature", "properties": { "value": "regulatory--maximum-speed-limit-60--g1", "speed": 60 }, "geometry": { "type": "Point", "coordinates": [ -34.915880445208003, -8.062383549175699 ] } },
{ "type": "Feature", "properties": { "value": "regulatory--maximum-speed-limit-60--g1", "speed": 60 }, "geometry": { "type": "Point", "coordinates": [ -34.915972528603, -8.0624842733754 ] } },
{ "type": "Feature", "properties": { "value": "regulatory--maximum-speed-limit-60--g1", "speed": 60 }, "geometry": { "type": "Point", "coordinates": [ -34.906837467812998, -8.1486570368833 ] } },
{ "type": "Feature", "properties": { "value": "regulatory--maximum-speed-limit-60--g1", "speed": 60 }, "geometry": { "type": "Point", "coordinates": [ -34.881829632783997, -8.0735545854291 ] } },
{ "type": "Feature", "properties": { "value": "regulatory--maximum-speed-limit-60--g1", "speed": 60 }, "geometry": { "type": "Point", "coordinates": [ -34.903235931152999, -8.135778224036001 ] } },
{ "type": "Feature", "properties": { "value": "regulatory--maximum-speed-limit-60--g1", "speed": 60 }, "geometry": { "type": "Point", "coordinates": [ -34.917785478069, -8.062491705654701 ] } },
{ "type": "Feature", "properties": { "value": "regulatory--maximum-speed-limit-60--g1", "speed": 60 }, "geometry": { "type": "Point", "coordinates": [ -34.897844399162999, -8.062128674800499 ] } },
{ "type": "Feature", "properties": { "value": "regulatory--maximum-speed-limit-60--g1", "speed": 60 }, "geometry": { "type": "Point", "coordinates": [ -34.965399202615998, -8.074496737364401 ] } },
{ "type": "Feature", "properties": { "value": "regulatory--maximum-speed-limit-60--g1", "speed": 60 }, "geometry": { "type": "Point", "coordinates": [ -34.927585577850998, -8.0277852164501 ] } },
{ "type": "Feature", "properties": { "value": "regulatory--maximum-speed-limit-60--g1", "speed": 60 }, "geometry": { "type": "Point", "coordinates": [ -34.926861769650998, -8.0276247490496 ] } },
{ "type": "Feature", "properties": { "value": "regulatory--maximum-speed-limit-60--g1", "speed": 60 }, "geometry": { "type": "Point", "coordinates": [ -34.927786981498002, -8.0278019219474 ] } },
{ "type": "Feature", "properties": { "value": "regulatory--maximum-speed-limit-60--g1", "speed": 60 }, "geometry": { "type": "Point", "coordinates": [ -34.878661805276998, -8.0398020914421 ] } },
{ "type": "Feature", "properties": { "value": "regulatory--maximum-speed-limit-60--g1", "speed": 60 }, "geometry": { "type": "Point", "coordinates": [ -34.879506521101, -8.0403573089595 ] } },
{ "type": "Feature", "properties": { "value": "regulatory--maximum-speed-limit-60--g1", "speed": 60 }, "geometry": { "type": "Point", "coordinates": [ -34.878591768257998, -8.0399217665355 ] } },
{ "type": "Feature", "properties": { "value": "regulatory--maximum-speed-limit-60--g1", "speed": 60 }, "geometry": { "type": "Point", "coordinates": [ -34.879587861276001, -8.0402191540784 ] } },
{ "type": "Feature", "properties": { "value": "regulatory--maximum-speed-limit-60--g1", "speed": 60 }, "geometry": { "type": "Point", "coordinates": [ -34.899425528526997, -8.030283847447899 ] } },
{ "type": "Feature", "properties": { "value": "regulatory--maximum-speed-limit-60--g1", "speed": 60 }, "geometry": { "type": "Point", "coordinates": [ -34.899994672990999, -8.029661153389 ] } },
{ "type": "Feature", "properties": { "value": "regulatory--maximum-speed-limit-60--g1", "speed": 60 }, "geometry": { "type": "Point", "coordinates": [ -34.892465635714998, -8.1059982114602 ] } },
{ "type": "Feature", "properties": { "value": "regulatory--maximum-speed-limit-60--g1", "speed": 60 }, "geometry": { "type": "Point", "coordinates": [ -34.895364661404997, -8.1077460396621 ] } },
{ "type": "Feature", "properties": { "value": "regulatory--maximum-speed-limit-60--g1", "speed": 60 }, "geometry": { "type": "Point", "coordinates": [ -34.889035737733003, -8.1042089037352 ] } },
{ "type": "Feature", "properties": { "value": "regulatory--maximum-speed-limit-60--g1", "speed": 60 }, "geometry": { "type": "Point", "coordinates": [ -34.888946025628002, -8.1042377804905 ] } },
{ "type": "Feature", "properties": { "value": "regulatory--maximum-speed-limit-60--g1", "speed": 60 }, "geometry": { "type": "Point", "coordinates": [ -34.889045918781001, -8.104128036554499 ] } },
{ "type": "Feature", "properties": { "value": "regulatory--maximum-speed-limit-60--g1", "speed": 60 }, "geometry": { "type": "Point", "coordinates": [ -34.894928531650997, -8.051415654798101 ] } },
{ "type": "Feature", "properties": { "value": "regulatory--maximum-speed-limit-60--g1", "speed": 60 }, "geometry": { "type": "Point", "coordinates": [ -34.894821254889003, -8.051509444553 ] } },
{ "type": "Feature", "properties": { "value": "regulatory--maximum-speed-limit-60--g1", "speed": 60 }, "geometry": { "type": "Point", "coordinates": [ -34.907148662243998, -8.1453433596322 ] } },
{ "type": "Feature", "properties": { "value": "regulatory--maximum-speed-limit-60--g1", "speed": 60 }, "geometry": { "type": "Point", "coordinates": [ -34.889093700480998, -8.101114885314701 ] } },
{ "type": "Feature", "properties": { "value": "regulatory--maximum-speed-limit-60--g1", "speed": 60 }, "geometry": { "type": "Point", "coordinates": [ -34.897113549718, -8.064527344691699 ] } },
{ "type": "Feature", "properties": { "value": "regulatory--maximum-speed-limit-60--g1", "speed": 60 }, "geometry": { "type": "Point", "coordinates": [ -34.897043297080998, -8.064526374766601 ] } },
{ "type": "Feature", "properties": { "value": "regulatory--maximum-speed-limit-60--g1", "speed": 60 }, "geometry": { "type": "Point", "coordinates": [ -34.927649387936, -8.103273967218399 ] } },
{ "type": "Feature", "properties": { "value": "regulatory--maximum-speed-limit-60--g1", "speed": 60 }, "geometry": { "type": "Point", "coordinates": [ -34.928546418776001, -8.0180012382082 ] } },
{ "type": "Feature", "properties": { "value": "regulatory--maximum-speed-limit-60--g1", "speed": 60 }, "geometry": { "type": "Point", "coordinates": [ -34.929493375122, -8.0167736319786 ] } },
{ "type": "Feature", "properties": { "value": "regulatory--maximum-speed-limit-60--g1", "speed": 60 }, "geometry": { "type": "Point", "coordinates": [ -34.929173874310997, -8.0172042151976 ] } },
{ "type": "Feature", "properties": { "value": "regulatory--maximum-speed-limit-60--g1", "speed": 60 }, "geometry": { "type": "Point", "coordinates": [ -34.895444578765002, -8.1078423699627 ] } },
{ "type": "Feature", "properties": { "value": "regulatory--maximum-speed-limit-60--g1", "speed": 60 }, "geometry": { "type": "Point", "coordinates": [ -34.889595674302001, -8.1109837505303 ] } },
{ "type": "Feature", "properties": { "value": "regulatory--maximum-speed-limit-60--g1", "speed": 60 }, "geometry": { "type": "Point", "coordinates": [ -34.906013183317, -8.144002919238799 ] } },
{ "type": "Feature", "properties": { "value": "regulatory--maximum-speed-limit-60--g1", "speed": 60 }, "geometry": { "type": "Point", "coordinates": [ -34.906173146188998, -8.144272807552101 ] } },
{ "type": "Feature", "properties": { "value": "regulatory--maximum-speed-limit-60--g1", "speed": 60 }, "geometry": { "type": "Point", "coordinates": [ -34.896348350944997, -8.0532433817013 ] } },
{ "type": "Feature", "properties": { "value": "regulatory--maximum-speed-limit-60--g1", "speed": 60 }, "geometry": { "type": "Point", "coordinates": [ -34.883819122989998, -8.0744897218277 ] } },
{ "type": "Feature", "properties": { "value": "regulatory--maximum-speed-limit-60--g1", "speed": 60 }, "geometry": { "type": "Point", "coordinates": [ -34.889187712696, -8.1049054343842 ] } },
{ "type": "Feature", "properties": { "value": "regulatory--maximum-speed-limit-60--g1", "speed": 60 }, "geometry": { "type": "Point", "coordinates": [ -34.892975852479999, -8.078642608183401 ] } },
{ "type": "Feature", "properties": { "value": "regulatory--maximum-speed-limit-60--g1", "speed": 60 }, "geometry": { "type": "Point", "coordinates": [ -34.914323845985997, -8.0625668477449 ] } },
{ "type": "Feature", "properties": { "value": "regulatory--maximum-speed-limit-60--g1", "speed": 60 }, "geometry": { "type": "Point", "coordinates": [ -34.914304225926003, -8.0624951548207 ] } },
{ "type": "Feature", "properties": { "value": "regulatory--maximum-speed-limit-60--g1", "speed": 60 }, "geometry": { "type": "Point", "coordinates": [ -34.914453423025002, -8.0624400948762 ] } },
{ "type": "Feature", "properties": { "value": "regulatory--maximum-speed-limit-60--g1", "speed": 60 }, "geometry": { "type": "Point", "coordinates": [ -34.914325731430999, -8.0625343089346 ] } },
{ "type": "Feature", "properties": { "value": "regulatory--maximum-speed-limit-60--g1", "speed": 60 }, "geometry": { "type": "Point", "coordinates": [ -34.933565806685998, -8.063044405684501 ] } },
{ "type": "Feature", "properties": { "value": "regulatory--maximum-speed-limit-60--g1", "speed": 60 }, "geometry": { "type": "Point", "coordinates": [ -34.932783000637997, -8.0627936600265 ] } },
{ "type": "Feature", "properties": { "value": "regulatory--maximum-speed-limit-60--g1", "speed": 60 }, "geometry": { "type": "Point", "coordinates": [ -34.887821958339003, -8.0439948947704 ] } },
{ "type": "Feature", "properties": { "value": "regulatory--maximum-speed-limit-60--g1", "speed": 60 }, "geometry": { "type": "Point", "coordinates": [ -34.887355642670997, -8.043825143334599 ] } },
{ "type": "Feature", "properties": { "value": "regulatory--maximum-speed-limit-60--g1", "speed": 60 }, "geometry": { "type": "Point", "coordinates": [ -34.902859287124997, -8.133645017409 ] } },
{ "type": "Feature", "properties": { "value": "regulatory--maximum-speed-limit-60--g1", "speed": 60 }, "geometry": { "type": "Point", "coordinates": [ -34.897632796982997, -8.062453427144501 ] } },
{ "type": "Feature", "properties": { "value": "regulatory--maximum-speed-limit-60--g1", "speed": 60 }, "geometry": { "type": "Point", "coordinates": [ -34.897807048117002, -8.0625165933253 ] } },
{ "type": "Feature", "properties": { "value": "regulatory--maximum-speed-limit-60--g1", "speed": 60 }, "geometry": { "type": "Point", "coordinates": [ -34.897656421428003, -8.062517697189 ] } },
{ "type": "Feature", "properties": { "value": "regulatory--maximum-speed-limit-60--g1", "speed": 60 }, "geometry": { "type": "Point", "coordinates": [ -34.935598643692998, -8.0912386186113 ] } },
{ "type": "Feature", "properties": { "value": "regulatory--maximum-speed-limit-60--g1", "speed": 60 }, "geometry": { "type": "Point", "coordinates": [ -34.935265719261999, -8.090902322048001 ] } },
{ "type": "Feature", "properties": { "value": "regulatory--maximum-speed-limit-60--g1", "speed": 60 }, "geometry": { "type": "Point", "coordinates": [ -34.890690982441001, -8.0985837896565 ] } },
{ "type": "Feature", "properties": { "value": "regulatory--maximum-speed-limit-60--g1", "speed": 60 }, "geometry": { "type": "Point", "coordinates": [ -34.898308403168002, -8.1202892479435 ] } },
{ "type": "Feature", "properties": { "value": "regulatory--maximum-speed-limit-60--g1", "speed": 60 }, "geometry": { "type": "Point", "coordinates": [ -34.898619659585997, -8.121006977555499 ] } },
{ "type": "Feature", "properties": { "value": "regulatory--maximum-speed-limit-60--g1", "speed": 60 }, "geometry": { "type": "Point", "coordinates": [ -34.903907677664002, -8.1423943354604 ] } },
{ "type": "Feature", "properties": { "value": "regulatory--maximum-speed-limit-60--g1", "speed": 60 }, "geometry": { "type": "Point", "coordinates": [ -34.903264388506997, -8.140939884181099 ] } },
{ "type": "Feature", "properties": { "value": "regulatory--maximum-speed-limit-60--g1", "speed": 60 }, "geometry": { "type": "Point", "coordinates": [ -34.885531430486999, -8.0868570976151 ] } },
{ "type": "Feature", "properties": { "value": "regulatory--maximum-speed-limit-60--g1", "speed": 60 }, "geometry": { "type": "Point", "coordinates": [ -34.884550658304001, -8.0879515109621 ] } },
{ "type": "Feature", "properties": { "value": "regulatory--maximum-speed-limit-60--g1", "speed": 60 }, "geometry": { "type": "Point", "coordinates": [ -34.891783115319001, -8.081477877726 ] } },
{ "type": "Feature", "properties": { "value": "regulatory--maximum-speed-limit-60--g1", "speed": 60 }, "geometry": { "type": "Point", "coordinates": [ -34.954912299329997, -8.071266702585801 ] } },
{ "type": "Feature", "properties": { "value": "regulatory--maximum-speed-limit-60--g1", "speed": 60 }, "geometry": { "type": "Point", "coordinates": [ -34.893213859705, -8.048807296722501 ] } },
{ "type": "Feature", "properties": { "value": "regulatory--maximum-speed-limit-60--g1", "speed": 60 }, "geometry": { "type": "Point", "coordinates": [ -34.893335542998997, -8.0487124582551 ] } },
{ "type": "Feature", "properties": { "value": "regulatory--maximum-speed-limit-60--g1", "speed": 60 }, "geometry": { "type": "Point", "coordinates": [ -34.890330323764999, -8.085040196946601 ] } },
{ "type": "Feature", "properties": { "value": "regulatory--maximum-speed-limit-60--g1", "speed": 60 }, "geometry": { "type": "Point", "coordinates": [ -34.890334841384998, -8.083618962614 ] } },
{ "type": "Feature", "properties": { "value": "regulatory--maximum-speed-limit-60--g1", "speed": 60 }, "geometry": { "type": "Point", "coordinates": [ -34.890212286722999, -8.0843727206789 ] } },
{ "type": "Feature", "properties": { "value": "regulatory--maximum-speed-limit-60--g1", "speed": 60 }, "geometry": { "type": "Point", "coordinates": [ -34.891830653983, -8.0800360637719 ] } },
{ "type": "Feature", "properties": { "value": "regulatory--maximum-speed-limit-60--g1", "speed": 60 }, "geometry": { "type": "Point", "coordinates": [ -34.928284621895997, -8.0848119190033 ] } },
{ "type": "Feature", "properties": { "value": "regulatory--maximum-speed-limit-60--g1", "speed": 60 }, "geometry": { "type": "Point", "coordinates": [ -34.888224527306001, -8.083693839564701 ] } },
{ "type": "Feature", "properties": { "value": "regulatory--maximum-speed-limit-60--g1", "speed": 60 }, "geometry": { "type": "Point", "coordinates": [ -34.887852729156997, -8.084123916596701 ] } },
{ "type": "Feature", "properties": { "value": "regulatory--maximum-speed-limit-60--g1", "speed": 60 }, "geometry": { "type": "Point", "coordinates": [ -34.889741065311, -8.1036918255574 ] } },
{ "type": "Feature", "properties": { "value": "regulatory--maximum-speed-limit-60--g1", "speed": 60 }, "geometry": { "type": "Point", "coordinates": [ -34.928432929562, -8.0182951379557 ] } },
{ "type": "Feature", "properties": { "value": "regulatory--maximum-speed-limit-60--g1", "speed": 60 }, "geometry": { "type": "Point", "coordinates": [ -34.903068472512999, -8.135793230589799 ] } },
{ "type": "Feature", "properties": { "value": "regulatory--maximum-speed-limit-60--g1", "speed": 60 }, "geometry": { "type": "Point", "coordinates": [ -34.903138553607, -8.1357598857286 ] } },
{ "type": "Feature", "properties": { "value": "regulatory--maximum-speed-limit-60--g1", "speed": 60 }, "geometry": { "type": "Point", "coordinates": [ -34.897939859480999, -8.119843480678799 ] } },
{ "type": "Feature", "properties": { "value": "regulatory--maximum-speed-limit-60--g1", "speed": 60 }, "geometry": { "type": "Point", "coordinates": [ -34.898312195122998, -8.120405264262001 ] } },
{ "type": "Feature", "properties": { "value": "regulatory--maximum-speed-limit-60--g1", "speed": 60 }, "geometry": { "type": "Point", "coordinates": [ -34.88846177792, -8.1083196416528 ] } },
{ "type": "Feature", "properties": { "value": "regulatory--maximum-speed-limit-60--g1", "speed": 60 }, "geometry": { "type": "Point", "coordinates": [ -34.888272334505999, -8.1079024318599 ] } },
{ "type": "Feature", "properties": { "value": "regulatory--maximum-speed-limit-60--g1", "speed": 60 }, "geometry": { "type": "Point", "coordinates": [ -34.927665787858999, -8.1031956058102 ] } },
{ "type": "Feature", "properties": { "value": "regulatory--maximum-speed-limit-60--g1", "speed": 60 }, "geometry": { "type": "Point", "coordinates": [ -34.90036309632, -8.1285085522857 ] } },
{ "type": "Feature", "properties": { "value": "regulatory--maximum-speed-limit-60--g1", "speed": 60 }, "geometry": { "type": "Point", "coordinates": [ -34.900585328321, -8.1288082114355 ] } },
{ "type": "Feature", "properties": { "value": "regulatory--maximum-speed-limit-60--g1", "speed": 60 }, "geometry": { "type": "Point", "coordinates": [ -34.900491130094998, -8.1285046566689 ] } },
{ "type": "Feature", "properties": { "value": "regulatory--maximum-speed-limit-60--g1", "speed": 60 }, "geometry": { "type": "Point", "coordinates": [ -34.887532389287998, -8.102689909101899 ] } },
{ "type": "Feature", "properties": { "value": "regulatory--maximum-speed-limit-60--g1", "speed": 60 }, "geometry": { "type": "Point", "coordinates": [ -34.928328705353003, -8.0184086850706 ] } },
{ "type": "Feature", "properties": { "value": "regulatory--maximum-speed-limit-60--g1", "speed": 60 }, "geometry": { "type": "Point", "coordinates": [ -34.955713564819, -8.071568764754099 ] } },
{ "type": "Feature", "properties": { "value": "regulatory--maximum-speed-limit-60--g1", "speed": 60 }, "geometry": { "type": "Point", "coordinates": [ -34.955760465330002, -8.0714554334146 ] } },
{ "type": "Feature", "properties": { "value": "regulatory--maximum-speed-limit-60--g1", "speed": 60 }, "geometry": { "type": "Point", "coordinates": [ -34.953476757285003, -8.0708063940939 ] } },
{ "type": "Feature", "properties": { "value": "regulatory--maximum-speed-limit-60--g1", "speed": 60 }, "geometry": { "type": "Point", "coordinates": [ -34.888523384312997, -8.108763936720599 ] } },
{ "type": "Feature", "properties": { "value": "regulatory--maximum-speed-limit-60--g1", "speed": 60 }, "geometry": { "type": "Point", "coordinates": [ -34.888419006405002, -8.108536267974101 ] } },
{ "type": "Feature", "properties": { "value": "regulatory--maximum-speed-limit-60--g1", "speed": 60 }, "geometry": { "type": "Point", "coordinates": [ -34.888708210707001, -8.108860927518901 ] } },
{ "type": "Feature", "properties": { "value": "regulatory--maximum-speed-limit-60--g1", "speed": 60 }, "geometry": { "type": "Point", "coordinates": [ -34.898000090267999, -8.1197955530609 ] } },
{ "type": "Feature", "properties": { "value": "regulatory--maximum-speed-limit-60--g1", "speed": 60 }, "geometry": { "type": "Point", "coordinates": [ -34.898030490162, -8.0568278834106 ] } },
{ "type": "Feature", "properties": { "value": "regulatory--maximum-speed-limit-60--g1", "speed": 60 }, "geometry": { "type": "Point", "coordinates": [ -34.898203625900003, -8.056852176912299 ] } },
{ "type": "Feature", "properties": { "value": "regulatory--maximum-speed-limit-60--g1", "speed": 60 }, "geometry": { "type": "Point", "coordinates": [ -34.886880936152998, -8.0853684941548 ] } },
{ "type": "Feature", "properties": { "value": "regulatory--maximum-speed-limit-60--g1", "speed": 60 }, "geometry": { "type": "Point", "coordinates": [ -34.889119684150998, -8.104156075444701 ] } },
{ "type": "Feature", "properties": { "value": "regulatory--maximum-speed-limit-60--g1", "speed": 60 }, "geometry": { "type": "Point", "coordinates": [ -34.892289605527999, -8.031170388538399 ] } },
{ "type": "Feature", "properties": { "value": "regulatory--maximum-speed-limit-60--g1", "speed": 60 }, "geometry": { "type": "Point", "coordinates": [ -34.892253863744997, -8.031167400424 ] } },
{ "type": "Feature", "properties": { "value": "regulatory--maximum-speed-limit-60--g1", "speed": 60 }, "geometry": { "type": "Point", "coordinates": [ -34.892594956257, -8.0295151511333 ] } },
{ "type": "Feature", "properties": { "value": "regulatory--maximum-speed-limit-60--g1", "speed": 60 }, "geometry": { "type": "Point", "coordinates": [ -34.896696027482001, -8.054003992954399 ] } },
{ "type": "Feature", "properties": { "value": "regulatory--maximum-speed-limit-60--g1", "speed": 60 }, "geometry": { "type": "Point", "coordinates": [ -34.896632289936001, -8.0540147168456 ] } },
{ "type": "Feature", "properties": { "value": "regulatory--maximum-speed-limit-60--g1", "speed": 60 }, "geometry": { "type": "Point", "coordinates": [ -34.895039114710997, -8.051905001343099 ] } },
{ "type": "Feature", "properties": { "value": "regulatory--maximum-speed-limit-60--g1", "speed": 60 }, "geometry": { "type": "Point", "coordinates": [ -34.889856239373998, -8.099503603965299 ] } },
{ "type": "Feature", "properties": { "value": "regulatory--maximum-speed-limit-60--g1", "speed": 60 }, "geometry": { "type": "Point", "coordinates": [ -34.877648741496003, -8.0714638734194 ] } },
{ "type": "Feature", "properties": { "value": "regulatory--maximum-speed-limit-60--g1", "speed": 60 }, "geometry": { "type": "Point", "coordinates": [ -34.877614078107001, -8.0715801969585 ] } },
{ "type": "Feature", "properties": { "value": "regulatory--maximum-speed-limit-60--g1", "speed": 60 }, "geometry": { "type": "Point", "coordinates": [ -34.915874092374999, -8.131113864347499 ] } },
{ "type": "Feature", "properties": { "value": "regulatory--maximum-speed-limit-60--g1", "speed": 60 }, "geometry": { "type": "Point", "coordinates": [ -34.926345620714002, -8.0839191881898 ] } },
{ "type": "Feature", "properties": { "value": "regulatory--maximum-speed-limit-60--g1", "speed": 60 }, "geometry": { "type": "Point", "coordinates": [ -34.925430572804999, -8.0836173472489 ] } },
{ "type": "Feature", "properties": { "value": "regulatory--maximum-speed-limit-60--g1", "speed": 60 }, "geometry": { "type": "Point", "coordinates": [ -34.925448749558001, -8.083582844115099 ] } },
{ "type": "Feature", "properties": { "value": "regulatory--maximum-speed-limit-60--g1", "speed": 60 }, "geometry": { "type": "Point", "coordinates": [ -34.889788509535002, -8.099571682232501 ] } },
{ "type": "Feature", "properties": { "value": "regulatory--maximum-speed-limit-60--g1", "speed": 60 }, "geometry": { "type": "Point", "coordinates": [ -34.930559441123997, -8.086298582490301 ] } },
{ "type": "Feature", "properties": { "value": "regulatory--maximum-speed-limit-60--g1", "speed": 60 }, "geometry": { "type": "Point", "coordinates": [ -34.906303610386999, -8.143716606745301 ] } },
{ "type": "Feature", "properties": { "value": "regulatory--maximum-speed-limit-60--g1", "speed": 60 }, "geometry": { "type": "Point", "coordinates": [ -34.927750356588, -8.1032694015549 ] } },
{ "type": "Feature", "properties": { "value": "regulatory--maximum-speed-limit-60--g1", "speed": 60 }, "geometry": { "type": "Point", "coordinates": [ -34.891215030494998, -8.0871139437054 ] } },
{ "type": "Feature", "properties": { "value": "regulatory--maximum-speed-limit-60--g1", "speed": 60 }, "geometry": { "type": "Point", "coordinates": [ -34.895401767114002, -8.051473615999701 ] } },
{ "type": "Feature", "properties": { "value": "regulatory--maximum-speed-limit-60--g1", "speed": 60 }, "geometry": { "type": "Point", "coordinates": [ -34.896122448916003, -8.0534230760748 ] } },
{ "type": "Feature", "properties": { "value": "regulatory--maximum-speed-limit-60--g1", "speed": 60 }, "geometry": { "type": "Point", "coordinates": [ -34.895968974389, -8.0532244714974 ] } },
{ "type": "Feature", "properties": { "value": "regulatory--maximum-speed-limit-60--g1", "speed": 60 }, "geometry": { "type": "Point", "coordinates": [ -34.889481397417001, -8.099749798917401 ] } },
{ "type": "Feature", "properties": { "value": "regulatory--maximum-speed-limit-60--g1", "speed": 60 }, "geometry": { "type": "Point", "coordinates": [ -34.876905766314003, -8.0385074087691 ] } },
{ "type": "Feature", "properties": { "value": "regulatory--maximum-speed-limit-60--g1", "speed": 60 }, "geometry": { "type": "Point", "coordinates": [ -34.876834037393998, -8.0385842565573 ] } },
{ "type": "Feature", "properties": { "value": "regulatory--maximum-speed-limit-60--g1", "speed": 60 }, "geometry": { "type": "Point", "coordinates": [ -34.895903576282997, -8.0709714036654 ] } },
{ "type": "Feature", "properties": { "value": "regulatory--maximum-speed-limit-60--g1", "speed": 60 }, "geometry": { "type": "Point", "coordinates": [ -34.888484347171001, -8.1029132974751 ] } },
{ "type": "Feature", "properties": { "value": "regulatory--maximum-speed-limit-60--g1", "speed": 60 }, "geometry": { "type": "Point", "coordinates": [ -34.888493198482003, -8.102981636143699 ] } },
{ "type": "Feature", "properties": { "value": "regulatory--maximum-speed-limit-60--g1", "speed": 60 }, "geometry": { "type": "Point", "coordinates": [ -34.883843594322997, -8.0743570569546 ] } },
{ "type": "Feature", "properties": { "value": "regulatory--maximum-speed-limit-60--g1", "speed": 60 }, "geometry": { "type": "Point", "coordinates": [ -34.928183639948998, -8.1001110383637 ] } },
{ "type": "Feature", "properties": { "value": "regulatory--maximum-speed-limit-60--g1", "speed": 60 }, "geometry": { "type": "Point", "coordinates": [ -34.887703003852003, -8.084433604301701 ] } },
{ "type": "Feature", "properties": { "value": "regulatory--maximum-speed-limit-60--g1", "speed": 60 }, "geometry": { "type": "Point", "coordinates": [ -34.886749609364003, -8.087130246747 ] } },
{ "type": "Feature", "properties": { "value": "regulatory--maximum-speed-limit-60--g1", "speed": 60 }, "geometry": { "type": "Point", "coordinates": [ -34.886865115287002, -8.087154648612501 ] } },
{ "type": "Feature", "properties": { "value": "regulatory--maximum-speed-limit-60--g1", "speed": 60 }, "geometry": { "type": "Point", "coordinates": [ -34.885344439770002, -8.0888221908174 ] } },
{ "type": "Feature", "properties": { "value": "regulatory--maximum-speed-limit-60--g1", "speed": 60 }, "geometry": { "type": "Point", "coordinates": [ -34.953390481824002, -8.070775300709199 ] } },
{ "type": "Feature", "properties": { "value": "regulatory--maximum-speed-limit-60--g1", "speed": 60 }, "geometry": { "type": "Point", "coordinates": [ -34.956703563485, -8.0717404311641 ] } },
{ "type": "Feature", "properties": { "value": "regulatory--maximum-speed-limit-60--g1", "speed": 60 }, "geometry": { "type": "Point", "coordinates": [ -34.879061065118997, -8.039726122904201 ] } },
{ "type": "Feature", "properties": { "value": "regulatory--maximum-speed-limit-60--g1", "speed": 60 }, "geometry": { "type": "Point", "coordinates": [ -34.891263200771, -8.0806345293859 ] } },
{ "type": "Feature", "properties": { "value": "regulatory--maximum-speed-limit-60--g1", "speed": 60 }, "geometry": { "type": "Point", "coordinates": [ -34.890754732668, -8.081158309995301 ] } },
{ "type": "Feature", "properties": { "value": "regulatory--maximum-speed-limit-60--g1", "speed": 60 }, "geometry": { "type": "Point", "coordinates": [ -34.887157239334996, -8.084930616259101 ] } },
{ "type": "Feature", "properties": { "value": "regulatory--maximum-speed-limit-60--g1", "speed": 60 }, "geometry": { "type": "Point", "coordinates": [ -34.888800411882002, -8.0830316768799 ] } },
{ "type": "Feature", "properties": { "value": "regulatory--maximum-speed-limit-60--g1", "speed": 60 }, "geometry": { "type": "Point", "coordinates": [ -34.890253857631997, -8.0816690123422 ] } },
{ "type": "Feature", "properties": { "value": "regulatory--maximum-speed-limit-60--g1", "speed": 60 }, "geometry": { "type": "Point", "coordinates": [ -34.889300102564, -8.0826053419775 ] } },
{ "type": "Feature", "properties": { "value": "regulatory--maximum-speed-limit-60--g1", "speed": 60 }, "geometry": { "type": "Point", "coordinates": [ -34.887516576609002, -8.0845077885061 ] } },
{ "type": "Feature", "properties": { "value": "regulatory--maximum-speed-limit-60--g1", "speed": 60 }, "geometry": { "type": "Point", "coordinates": [ -34.949316187599997, -8.035069404018101 ] } },
{ "type": "Feature", "properties": { "value": "regulatory--maximum-speed-limit-60--g1", "speed": 60 }, "geometry": { "type": "Point", "coordinates": [ -34.879087069530001, -8.039532932928999 ] } },
{ "type": "Feature", "properties": { "value": "regulatory--maximum-speed-limit-60--g1", "speed": 60 }, "geometry": { "type": "Point", "coordinates": [ -34.903494760506, -8.1419339584957 ] } },
{ "type": "Feature", "properties": { "value": "regulatory--maximum-speed-limit-60--g1", "speed": 60 }, "geometry": { "type": "Point", "coordinates": [ -34.888195496152001, -8.0838339251523 ] } },
{ "type": "Feature", "properties": { "value": "regulatory--maximum-speed-limit-60--g1", "speed": 60 }, "geometry": { "type": "Point", "coordinates": [ -34.954956115795, -8.031553076398399 ] } },
{ "type": "Feature", "properties": { "value": "regulatory--maximum-speed-limit-60--g1", "speed": 60 }, "geometry": { "type": "Point", "coordinates": [ -34.890742594746001, -8.0976198565427 ] } },
{ "type": "Feature", "properties": { "value": "regulatory--maximum-speed-limit-60--g1", "speed": 60 }, "geometry": { "type": "Point", "coordinates": [ -34.890636656284002, -8.0986658646182 ] } },
{ "type": "Feature", "properties": { "value": "regulatory--maximum-speed-limit-60--g1", "speed": 60 }, "geometry": { "type": "Point", "coordinates": [ -34.915467306274003, -8.127958254296299 ] } },
{ "type": "Feature", "properties": { "value": "regulatory--maximum-speed-limit-60--g1", "speed": 60 }, "geometry": { "type": "Point", "coordinates": [ -34.927879439801004, -8.1023672990565 ] } },
{ "type": "Feature", "properties": { "value": "regulatory--maximum-speed-limit-60--g1", "speed": 60 }, "geometry": { "type": "Point", "coordinates": [ -34.927800667402003, -8.102130382992501 ] } },
{ "type": "Feature", "properties": { "value": "regulatory--maximum-speed-limit-60--g1", "speed": 60 }, "geometry": { "type": "Point", "coordinates": [ -34.888767819644002, -8.1089861130939 ] } },
{ "type": "Feature", "properties": { "value": "regulatory--maximum-speed-limit-60--g1", "speed": 60 }, "geometry": { "type": "Point", "coordinates": [ -34.888218635137001, -8.108127479316799 ] } },
{ "type": "Feature", "properties": { "value": "regulatory--maximum-speed-limit-60--g1", "speed": 60 }, "geometry": { "type": "Point", "coordinates": [ -34.916918597562002, -8.0622791609257 ] } },
{ "type": "Feature", "properties": { "value": "regulatory--maximum-speed-limit-60--g1", "speed": 60 }, "geometry": { "type": "Point", "coordinates": [ -34.928393497469997, -8.098385017381601 ] } },
{ "type": "Feature", "properties": { "value": "regulatory--maximum-speed-limit-60--g1", "speed": 60 }, "geometry": { "type": "Point", "coordinates": [ -34.928499903606998, -8.0983976423038 ] } },
{ "type": "Feature", "properties": { "value": "regulatory--maximum-speed-limit-60--g1", "speed": 60 }, "geometry": { "type": "Point", "coordinates": [ -34.915563039774, -8.128405754505099 ] } },
{ "type": "Feature", "properties": { "value": "regulatory--maximum-speed-limit-60--g1", "speed": 60 }, "geometry": { "type": "Point", "coordinates": [ -34.916708087562, -8.0623033712039 ] } },
{ "type": "Feature", "properties": { "value": "regulatory--maximum-speed-limit-60--g1", "speed": 60 }, "geometry": { "type": "Point", "coordinates": [ -34.887554885627999, -8.0434779519549 ] } },
{ "type": "Feature", "properties": { "value": "regulatory--maximum-speed-limit-60--g1", "speed": 60 }, "geometry": { "type": "Point", "coordinates": [ -34.885655259137003, -8.0884778168161 ] } },
{ "type": "Feature", "properties": { "value": "regulatory--maximum-speed-limit-60--g1", "speed": 60 }, "geometry": { "type": "Point", "coordinates": [ -34.881650505412999, -8.0413155609325 ] } },
{ "type": "Feature", "properties": { "value": "regulatory--maximum-speed-limit-60--g1", "speed": 60 }, "geometry": { "type": "Point", "coordinates": [ -34.881710909383997, -8.041186616459701 ] } },
{ "type": "Feature", "properties": { "value": "regulatory--maximum-speed-limit-60--g1", "speed": 60 }, "geometry": { "type": "Point", "coordinates": [ -34.880570349945998, -8.0406635677944 ] } },
{ "type": "Feature", "properties": { "value": "regulatory--maximum-speed-limit-60--g1", "speed": 60 }, "geometry": { "type": "Point", "coordinates": [ -34.880314516056004, -8.0407122707276 ] } },
{ "type": "Feature", "properties": { "value": "regulatory--maximum-speed-limit-60--g1", "speed": 60 }, "geometry": { "type": "Point", "coordinates": [ -34.895253480629002, -8.051737879810201 ] } },
{ "type": "Feature", "properties": { "value": "regulatory--maximum-speed-limit-60--g1", "speed": 60 }, "geometry": { "type": "Point", "coordinates": [ -34.904512862040001, -8.1437069124547 ] } },
{ "type": "Feature", "properties": { "value": "regulatory--maximum-speed-limit-60--g1", "speed": 60 }, "geometry": { "type": "Point", "coordinates": [ -34.887126455466003, -8.1017975838465 ] } },
{ "type": "Feature", "properties": { "value": "regulatory--maximum-speed-limit-60--g1", "speed": 60 }, "geometry": { "type": "Point", "coordinates": [ -34.916960956167003, -8.062540151442899 ] } },
{ "type": "Feature", "properties": { "value": "regulatory--maximum-speed-limit-60--g1", "speed": 60 }, "geometry": { "type": "Point", "coordinates": [ -34.890240193086001, -8.084291131817899 ] } },
{ "type": "Feature", "properties": { "value": "regulatory--maximum-speed-limit-60--g1", "speed": 60 }, "geometry": { "type": "Point", "coordinates": [ -34.892204669933001, -8.0797598238438 ] } },
{ "type": "Feature", "properties": { "value": "regulatory--maximum-speed-limit-60--g1", "speed": 60 }, "geometry": { "type": "Point", "coordinates": [ -34.905871393494998, -8.143406556132801 ] } },
{ "type": "Feature", "properties": { "value": "regulatory--maximum-speed-limit-60--g1", "speed": 60 }, "geometry": { "type": "Point", "coordinates": [ -34.892062984127001, -8.080121150582199 ] } },
{ "type": "Feature", "properties": { "value": "regulatory--maximum-speed-limit-60--g1", "speed": 60 }, "geometry": { "type": "Point", "coordinates": [ -34.906519302851997, -8.036367083240901 ] } },
{ "type": "Feature", "properties": { "value": "regulatory--maximum-speed-limit-60--g1", "speed": 60 }, "geometry": { "type": "Point", "coordinates": [ -34.906564946299, -8.1441422176557 ] } },
{ "type": "Feature", "properties": { "value": "regulatory--maximum-speed-limit-60--g1", "speed": 60 }, "geometry": { "type": "Point", "coordinates": [ -34.930527155687003, -8.0863244088161 ] } },
{ "type": "Feature", "properties": { "value": "regulatory--maximum-speed-limit-60--g1", "speed": 60 }, "geometry": { "type": "Point", "coordinates": [ -34.930342539438001, -8.087558880647199 ] } },
{ "type": "Feature", "properties": { "value": "regulatory--maximum-speed-limit-60--g1", "speed": 60 }, "geometry": { "type": "Point", "coordinates": [ -34.938436566629001, -8.131237497806101 ] } },
{ "type": "Feature", "properties": { "value": "regulatory--maximum-speed-limit-60--g1", "speed": 60 }, "geometry": { "type": "Point", "coordinates": [ -34.961164749848997, -8.0918233427756 ] } },
{ "type": "Feature", "properties": { "value": "regulatory--maximum-speed-limit-60--g1", "speed": 60 }, "geometry": { "type": "Point", "coordinates": [ -34.887002559320003, -8.043817226475401 ] } },
{ "type": "Feature", "properties": { "value": "regulatory--maximum-speed-limit-60--g1", "speed": 60 }, "geometry": { "type": "Point", "coordinates": [ -34.969393600860002, -8.0757112362035 ] } },
{ "type": "Feature", "properties": { "value": "regulatory--maximum-speed-limit-60--g1", "speed": 60 }, "geometry": { "type": "Point", "coordinates": [ -34.949856899107999, -8.034814894882601 ] } },
{ "type": "Feature", "properties": { "value": "regulatory--maximum-speed-limit-60--g1", "speed": 60 }, "geometry": { "type": "Point", "coordinates": [ -34.887595661821003, -8.0845067414203 ] } },
{ "type": "Feature", "properties": { "value": "regulatory--maximum-speed-limit-60--g1", "speed": 60 }, "geometry": { "type": "Point", "coordinates": [ -34.897673743534, -8.058767102771199 ] } },
{ "type": "Feature", "properties": { "value": "regulatory--maximum-speed-limit-60--g1", "speed": 60 }, "geometry": { "type": "Point", "coordinates": [ -34.915246899471001, -8.1281948796798 ] } },
{ "type": "Feature", "properties": { "value": "regulatory--maximum-speed-limit-60--g1", "speed": 60 }, "geometry": { "type": "Point", "coordinates": [ -34.890167931340997, -8.0816444061675 ] } },
{ "type": "Feature", "properties": { "value": "regulatory--maximum-speed-limit-60--g1", "speed": 60 }, "geometry": { "type": "Point", "coordinates": [ -34.882008983559999, -8.073503489836099 ] } },
{ "type": "Feature", "properties": { "value": "regulatory--maximum-speed-limit-60--g1", "speed": 60 }, "geometry": { "type": "Point", "coordinates": [ -34.905605050489001, -8.1459007744056 ] } },
{ "type": "Feature", "properties": { "value": "regulatory--maximum-speed-limit-60--g1", "speed": 60 }, "geometry": { "type": "Point", "coordinates": [ -34.916303157865997, -8.1334786204509 ] } },
{ "type": "Feature", "properties": { "value": "regulatory--maximum-speed-limit-60--g1", "speed": 60 }, "geometry": { "type": "Point", "coordinates": [ -34.916369544131001, -8.1334598485976 ] } },
{ "type": "Feature", "properties": { "value": "regulatory--maximum-speed-limit-60--g1", "speed": 60 }, "geometry": { "type": "Point", "coordinates": [ -34.928003745369999, -8.101521264059 ] } },
{ "type": "Feature", "properties": { "value": "regulatory--maximum-speed-limit-60--g1", "speed": 60 }, "geometry": { "type": "Point", "coordinates": [ -34.896916404012998, -8.0646141893028 ] } },
{ "type": "Feature", "properties": { "value": "regulatory--maximum-speed-limit-60--g1", "speed": 60 }, "geometry": { "type": "Point", "coordinates": [ -34.88912433942, -8.104078091229299 ] } },
{ "type": "Feature", "properties": { "value": "regulatory--maximum-speed-limit-60--g1", "speed": 60 }, "geometry": { "type": "Point", "coordinates": [ -34.887969164680001, -8.0841296118569 ] } },
{ "type": "Feature", "properties": { "value": "regulatory--maximum-speed-limit-60--g1", "speed": 60 }, "geometry": { "type": "Point", "coordinates": [ -34.915437064412998, -8.1272766532913 ] } },
{ "type": "Feature", "properties": { "value": "regulatory--maximum-speed-limit-60--g1", "speed": 60 }, "geometry": { "type": "Point", "coordinates": [ -34.915483741414, -8.126787627095499 ] } },
{ "type": "Feature", "properties": { "value": "regulatory--maximum-speed-limit-60--g1", "speed": 60 }, "geometry": { "type": "Point", "coordinates": [ -34.879566679162998, -8.0723160735512 ] } },
{ "type": "Feature", "properties": { "value": "regulatory--maximum-speed-limit-60--g1", "speed": 60 }, "geometry": { "type": "Point", "coordinates": [ -34.899017314836001, -8.1214190767048 ] } },
{ "type": "Feature", "properties": { "value": "regulatory--maximum-speed-limit-60--g1", "speed": 60 }, "geometry": { "type": "Point", "coordinates": [ -34.898911833233001, -8.121432630281999 ] } },
{ "type": "Feature", "properties": { "value": "regulatory--maximum-speed-limit-60--g1", "speed": 60 }, "geometry": { "type": "Point", "coordinates": [ -34.898824192547004, -8.1214594598014 ] } },
{ "type": "Feature", "properties": { "value": "regulatory--maximum-speed-limit-60--g1", "speed": 60 }, "geometry": { "type": "Point", "coordinates": [ -34.882093218454997, -8.073643769717901 ] } },
{ "type": "Feature", "properties": { "value": "regulatory--maximum-speed-limit-60--g1", "speed": 60 }, "geometry": { "type": "Point", "coordinates": [ -34.938305453642997, -8.092346116137801 ] } },
{ "type": "Feature", "properties": { "value": "regulatory--maximum-speed-limit-60--g1", "speed": 60 }, "geometry": { "type": "Point", "coordinates": [ -34.930529167784997, -8.075286266012901 ] } },
{ "type": "Feature", "properties": { "value": "regulatory--maximum-speed-limit-60--g1", "speed": 60 }, "geometry": { "type": "Point", "coordinates": [ -34.928675722964002, -8.018141233479399 ] } },
{ "type": "Feature", "properties": { "value": "regulatory--maximum-speed-limit-60--g1", "speed": 60 }, "geometry": { "type": "Point", "coordinates": [ -34.881700060202, -8.0408946660793 ] } },
{ "type": "Feature", "properties": { "value": "regulatory--maximum-speed-limit-60--g1", "speed": 60 }, "geometry": { "type": "Point", "coordinates": [ -34.897831236286997, -8.0587507822561 ] } },
{ "type": "Feature", "properties": { "value": "regulatory--maximum-speed-limit-60--g1", "speed": 60 }, "geometry": { "type": "Point", "coordinates": [ -34.916017732604999, -8.130670542288801 ] } },
{ "type": "Feature", "properties": { "value": "regulatory--maximum-speed-limit-60--g1", "speed": 60 }, "geometry": { "type": "Point", "coordinates": [ -34.892770772833998, -8.0486981596855 ] } },
{ "type": "Feature", "properties": { "value": "regulatory--maximum-speed-limit-60--g1", "speed": 60 }, "geometry": { "type": "Point", "coordinates": [ -34.892673221232997, -8.0488079970581 ] } },
{ "type": "Feature", "properties": { "value": "regulatory--maximum-speed-limit-60--g1", "speed": 60 }, "geometry": { "type": "Point", "coordinates": [ -34.884743138723998, -8.0421742586632 ] } },
{ "type": "Feature", "properties": { "value": "regulatory--maximum-speed-limit-60--g1", "speed": 60 }, "geometry": { "type": "Point", "coordinates": [ -34.897658281459002, -8.0565090997497 ] } },
{ "type": "Feature", "properties": { "value": "regulatory--maximum-speed-limit-60--g1", "speed": 60 }, "geometry": { "type": "Point", "coordinates": [ -34.937710733754997, -8.0650185235077 ] } },
{ "type": "Feature", "properties": { "value": "regulatory--maximum-speed-limit-60--g1", "speed": 60 }, "geometry": { "type": "Point", "coordinates": [ -34.929549911751003, -8.085369700389901 ] } },
{ "type": "Feature", "properties": { "value": "regulatory--maximum-speed-limit-60--g1", "speed": 60 }, "geometry": { "type": "Point", "coordinates": [ -34.900361250967997, -8.1281110940406 ] } },
{ "type": "Feature", "properties": { "value": "regulatory--maximum-speed-limit-60--g1", "speed": 60 }, "geometry": { "type": "Point", "coordinates": [ -34.889290183490999, -8.1042319341077 ] } },
{ "type": "Feature", "properties": { "value": "regulatory--maximum-speed-limit-60--g1", "speed": 60 }, "geometry": { "type": "Point", "coordinates": [ -34.925350378794001, -8.083579437013899 ] } },
{ "type": "Feature", "properties": { "value": "regulatory--maximum-speed-limit-60--g1", "speed": 60 }, "geometry": { "type": "Point", "coordinates": [ -34.927027836971, -8.084220315851301 ] } },
{ "type": "Feature", "properties": { "value": "regulatory--maximum-speed-limit-60--g1", "speed": 60 }, "geometry": { "type": "Point", "coordinates": [ -34.890907939922002, -8.0776248857831 ] } },
{ "type": "Feature", "properties": { "value": "regulatory--maximum-speed-limit-60--g1", "speed": 60 }, "geometry": { "type": "Point", "coordinates": [ -34.906150413124998, -8.1433102900032 ] } },
{ "type": "Feature", "properties": { "value": "regulatory--maximum-speed-limit-60--g1", "speed": 60 }, "geometry": { "type": "Point", "coordinates": [ -34.915343427221998, -8.062351560915401 ] } },
{ "type": "Feature", "properties": { "value": "regulatory--maximum-speed-limit-60--g1", "speed": 60 }, "geometry": { "type": "Point", "coordinates": [ -34.927546217816001, -8.019044241259 ] } },
{ "type": "Feature", "properties": { "value": "regulatory--maximum-speed-limit-60--g1", "speed": 60 }, "geometry": { "type": "Point", "coordinates": [ -34.928225173057001, -8.0997732067228 ] } },
{ "type": "Feature", "properties": { "value": "regulatory--maximum-speed-limit-60--g1", "speed": 60 }, "geometry": { "type": "Point", "coordinates": [ -34.903610190671003, -8.1364829957441 ] } },
{ "type": "Feature", "properties": { "value": "regulatory--maximum-speed-limit-60--g1", "speed": 60 }, "geometry": { "type": "Point", "coordinates": [ -34.903419989055998, -8.135717076377 ] } },
{ "type": "Feature", "properties": { "value": "regulatory--maximum-speed-limit-60--g1", "speed": 60 }, "geometry": { "type": "Point", "coordinates": [ -34.888921539682002, -8.1041332574354 ] } },
{ "type": "Feature", "properties": { "value": "regulatory--maximum-speed-limit-60--g1", "speed": 60 }, "geometry": { "type": "Point", "coordinates": [ -34.889341949040997, -8.0826696516379 ] } },
{ "type": "Feature", "properties": { "value": "regulatory--maximum-speed-limit-60--g1", "speed": 60 }, "geometry": { "type": "Point", "coordinates": [ -34.895446148467002, -8.0517919843134 ] } },
{ "type": "Feature", "properties": { "value": "regulatory--maximum-speed-limit-60--g1", "speed": 60 }, "geometry": { "type": "Point", "coordinates": [ -34.876709087921, -8.0713041123617 ] } },
{ "type": "Feature", "properties": { "value": "regulatory--maximum-speed-limit-60--g1", "speed": 60 }, "geometry": { "type": "Point", "coordinates": [ -34.876165868824998, -8.070961502187 ] } },
{ "type": "Feature", "properties": { "value": "regulatory--maximum-speed-limit-60--g1", "speed": 60 }, "geometry": { "type": "Point", "coordinates": [ -34.876363995025002, -8.071053643420299 ] } },
{ "type": "Feature", "properties": { "value": "regulatory--maximum-speed-limit-60--g1", "speed": 60 }, "geometry": { "type": "Point", "coordinates": [ -34.876744420267997, -8.0711889183148 ] } },
{ "type": "Feature", "properties": { "value": "regulatory--maximum-speed-limit-60--g1", "speed": 60 }, "geometry": { "type": "Point", "coordinates": [ -34.876933364328004, -8.071377043435501 ] } },
{ "type": "Feature", "properties": { "value": "regulatory--maximum-speed-limit-60--g1", "speed": 60 }, "geometry": { "type": "Point", "coordinates": [ -34.916155077504001, -8.1304526845756 ] } },
{ "type": "Feature", "properties": { "value": "regulatory--maximum-speed-limit-60--g1", "speed": 60 }, "geometry": { "type": "Point", "coordinates": [ -34.897996584380998, -8.059019572903001 ] } },
{ "type": "Feature", "properties": { "value": "regulatory--maximum-speed-limit-60--g1", "speed": 60 }, "geometry": { "type": "Point", "coordinates": [ -34.898168674223001, -8.0590279151624 ] } },
{ "type": "Feature", "properties": { "value": "regulatory--maximum-speed-limit-60--g1", "speed": 60 }, "geometry": { "type": "Point", "coordinates": [ -34.880664787180002, -8.0723121268155 ] } },
{ "type": "Feature", "properties": { "value": "regulatory--maximum-speed-limit-60--g1", "speed": 60 }, "geometry": { "type": "Point", "coordinates": [ -34.889912743719997, -8.0767312415676 ] } },
{ "type": "Feature", "properties": { "value": "regulatory--maximum-speed-limit-60--g1", "speed": 60 }, "geometry": { "type": "Point", "coordinates": [ -34.887467610588999, -8.0438332282224 ] } },
{ "type": "Feature", "properties": { "value": "regulatory--maximum-speed-limit-60--g1", "speed": 60 }, "geometry": { "type": "Point", "coordinates": [ -34.890408351748, -8.083562083215799 ] } },
{ "type": "Feature", "properties": { "value": "regulatory--maximum-speed-limit-60--g1", "speed": 60 }, "geometry": { "type": "Point", "coordinates": [ -34.890342316404002, -8.0849598269049 ] } },
{ "type": "Feature", "properties": { "value": "regulatory--maximum-speed-limit-60--g1", "speed": 60 }, "geometry": { "type": "Point", "coordinates": [ -34.893640995992001, -8.107223062757701 ] } },
{ "type": "Feature", "properties": { "value": "regulatory--maximum-speed-limit-60--g1", "speed": 60 }, "geometry": { "type": "Point", "coordinates": [ -34.888363692828001, -8.083725323562099 ] } },
{ "type": "Feature", "properties": { "value": "regulatory--maximum-speed-limit-60--g1", "speed": 60 }, "geometry": { "type": "Point", "coordinates": [ -34.888265674966, -8.083920039969 ] } },
{ "type": "Feature", "properties": { "value": "regulatory--maximum-speed-limit-60--g1", "speed": 60 }, "geometry": { "type": "Point", "coordinates": [ -34.898017728997999, -8.056775159450201 ] } },
{ "type": "Feature", "properties": { "value": "regulatory--maximum-speed-limit-60--g1", "speed": 60 }, "geometry": { "type": "Point", "coordinates": [ -34.905648546073998, -8.143033492463999 ] } },
{ "type": "Feature", "properties": { "value": "regulatory--maximum-speed-limit-60--g1", "speed": 60 }, "geometry": { "type": "Point", "coordinates": [ -34.897436033718002, -8.062298222043699 ] } },
{ "type": "Feature", "properties": { "value": "regulatory--maximum-speed-limit-60--g1", "speed": 60 }, "geometry": { "type": "Point", "coordinates": [ -34.897469971450001, -8.0620358002418 ] } },
{ "type": "Feature", "properties": { "value": "regulatory--maximum-speed-limit-60--g1", "speed": 60 }, "geometry": { "type": "Point", "coordinates": [ -34.897260850601, -8.0626070875078 ] } },
{ "type": "Feature", "properties": { "value": "regulatory--maximum-speed-limit-60--g1", "speed": 60 }, "geometry": { "type": "Point", "coordinates": [ -34.884513454219999, -8.087687642993201 ] } },
{ "type": "Feature", "properties": { "value": "regulatory--maximum-speed-limit-60--g1", "speed": 60 }, "geometry": { "type": "Point", "coordinates": [ -34.896750517346, -8.0533834774536 ] } },
{ "type": "Feature", "properties": { "value": "regulatory--maximum-speed-limit-60--g1", "speed": 60 }, "geometry": { "type": "Point", "coordinates": [ -34.900570354241999, -8.128774153670699 ] } },
{ "type": "Feature", "properties": { "value": "regulatory--maximum-speed-limit-60--g1", "speed": 60 }, "geometry": { "type": "Point", "coordinates": [ -34.881500779176001, -8.041248390860501 ] } },
{ "type": "Feature", "properties": { "value": "regulatory--maximum-speed-limit-60--g1", "speed": 60 }, "geometry": { "type": "Point", "coordinates": [ -34.900156285069002, -8.1144846273562 ] } },
{ "type": "Feature", "properties": { "value": "regulatory--maximum-speed-limit-60--g1", "speed": 60 }, "geometry": { "type": "Point", "coordinates": [ -34.889625308344002, -8.1052148294016 ] } },
{ "type": "Feature", "properties": { "value": "regulatory--maximum-speed-limit-60--g1", "speed": 60 }, "geometry": { "type": "Point", "coordinates": [ -34.937697744117997, -8.0649134642708 ] } },
{ "type": "Feature", "properties": { "value": "regulatory--maximum-speed-limit-60--g1", "speed": 60 }, "geometry": { "type": "Point", "coordinates": [ -34.886231518789003, -8.0860204849507 ] } },
{ "type": "Feature", "properties": { "value": "regulatory--maximum-speed-limit-60--g1", "speed": 60 }, "geometry": { "type": "Point", "coordinates": [ -34.898212491864001, -8.120342931315299 ] } },
{ "type": "Feature", "properties": { "value": "regulatory--maximum-speed-limit-60--g1", "speed": 60 }, "geometry": { "type": "Point", "coordinates": [ -34.928182674562002, -8.027707522516501 ] } },
{ "type": "Feature", "properties": { "value": "regulatory--maximum-speed-limit-60--g1", "speed": 60 }, "geometry": { "type": "Point", "coordinates": [ -34.897714672714997, -8.0621107495659 ] } },
{ "type": "Feature", "properties": { "value": "regulatory--maximum-speed-limit-60--g1", "speed": 60 }, "geometry": { "type": "Point", "coordinates": [ -34.914299374598002, -8.0623927117979 ] } },
{ "type": "Feature", "properties": { "value": "regulatory--maximum-speed-limit-60--g1", "speed": 60 }, "geometry": { "type": "Point", "coordinates": [ -34.89571039578, -8.0525770272929 ] } },
{ "type": "Feature", "properties": { "value": "regulatory--maximum-speed-limit-60--g1", "speed": 60 }, "geometry": { "type": "Point", "coordinates": [ -34.886544972042998, -8.100811182640101 ] } },
{ "type": "Feature", "properties": { "value": "regulatory--maximum-speed-limit-60--g1", "speed": 60 }, "geometry": { "type": "Point", "coordinates": [ -34.892771456711998, -8.0792559036214 ] } },
{ "type": "Feature", "properties": { "value": "regulatory--maximum-speed-limit-60--g1", "speed": 60 }, "geometry": { "type": "Point", "coordinates": [ -34.892934942639002, -8.079319842389699 ] } },
{ "type": "Feature", "properties": { "value": "regulatory--maximum-speed-limit-60--g1", "speed": 60 }, "geometry": { "type": "Point", "coordinates": [ -34.902614667, -8.1391199320431 ] } },
{ "type": "Feature", "properties": { "value": "regulatory--maximum-speed-limit-60--g1", "speed": 60 }, "geometry": { "type": "Point", "coordinates": [ -34.889130929064002, -8.1014968679468 ] } },
{ "type": "Feature", "properties": { "value": "regulatory--maximum-speed-limit-60--g1", "speed": 60 }, "geometry": { "type": "Point", "coordinates": [ -34.889237083091999, -8.1026354386526 ] } },
{ "type": "Feature", "properties": { "value": "regulatory--maximum-speed-limit-60--g1", "speed": 60 }, "geometry": { "type": "Point", "coordinates": [ -34.896324454746001, -8.1217385194684 ] } },
{ "type": "Feature", "properties": { "value": "regulatory--maximum-speed-limit-60--g1", "speed": 60 }, "geometry": { "type": "Point", "coordinates": [ -34.896324455459002, -8.121738523891 ] } },
{ "type": "Feature", "properties": { "value": "regulatory--maximum-speed-limit-60--g1", "speed": 60 }, "geometry": { "type": "Point", "coordinates": [ -34.892209612914002, -8.089869123618 ] } },
{ "type": "Feature", "properties": { "value": "regulatory--maximum-speed-limit-60--g1", "speed": 60 }, "geometry": { "type": "Point", "coordinates": [ -34.933530431980998, -8.089113935826701 ] } },
{ "type": "Feature", "properties": { "value": "regulatory--maximum-speed-limit-60--g1", "speed": 60 }, "geometry": { "type": "Point", "coordinates": [ -34.903104926475002, -8.134753353475499 ] } },
{ "type": "Feature", "properties": { "value": "regulatory--maximum-speed-limit-60--g1", "speed": 60 }, "geometry": { "type": "Point", "coordinates": [ -34.891784069351999, -8.1055591119633 ] } },
{ "type": "Feature", "properties": { "value": "regulatory--maximum-speed-limit-60--g1", "speed": 60 }, "geometry": { "type": "Point", "coordinates": [ -34.892328612463999, -8.105953981775301 ] } },
{ "type": "Feature", "properties": { "value": "regulatory--maximum-speed-limit-60--g1", "speed": 60 }, "geometry": { "type": "Point", "coordinates": [ -34.897182203405997, -8.0645324152927 ] } },
{ "type": "Feature", "properties": { "value": "regulatory--maximum-speed-limit-60--g1", "speed": 60 }, "geometry": { "type": "Point", "coordinates": [ -34.897347524155997, -8.0323500708075 ] } },
{ "type": "Feature", "properties": { "value": "regulatory--maximum-speed-limit-60--g1", "speed": 60 }, "geometry": { "type": "Point", "coordinates": [ -34.897669778016997, -8.031996305784199 ] } },
{ "type": "Feature", "properties": { "value": "regulatory--maximum-speed-limit-60--g1", "speed": 60 }, "geometry": { "type": "Point", "coordinates": [ -34.928280636757997, -8.0996043698999 ] } },
{ "type": "Feature", "properties": { "value": "regulatory--maximum-speed-limit-60--g1", "speed": 60 }, "geometry": { "type": "Point", "coordinates": [ -34.928328504847002, -8.1000166234966 ] } },
{ "type": "Feature", "properties": { "value": "regulatory--maximum-speed-limit-60--g1", "speed": 60 }, "geometry": { "type": "Point", "coordinates": [ -34.881964629537997, -8.0903557364198 ] } },
{ "type": "Feature", "properties": { "value": "regulatory--maximum-speed-limit-60--g1", "speed": 60 }, "geometry": { "type": "Point", "coordinates": [ -34.906098066473, -8.143181244281299 ] } },
{ "type": "Feature", "properties": { "value": "regulatory--maximum-speed-limit-60--g1", "speed": 60 }, "geometry": { "type": "Point", "coordinates": [ -34.883962640420997, -8.0743816344599 ] } },
{ "type": "Feature", "properties": { "value": "regulatory--maximum-speed-limit-60--g1", "speed": 60 }, "geometry": { "type": "Point", "coordinates": [ -34.896111692237, -8.052505484581101 ] } },
{ "type": "Feature", "properties": { "value": "regulatory--maximum-speed-limit-60--g1", "speed": 60 }, "geometry": { "type": "Point", "coordinates": [ -34.929286456275001, -8.0932667885606 ] } },
{ "type": "Feature", "properties": { "value": "regulatory--maximum-speed-limit-60--g1", "speed": 60 }, "geometry": { "type": "Point", "coordinates": [ -34.887386874834, -8.043553244617501 ] } },
{ "type": "Feature", "properties": { "value": "regulatory--maximum-speed-limit-60--g1", "speed": 60 }, "geometry": { "type": "Point", "coordinates": [ -34.889408927391997, -8.104428464411001 ] } },
{ "type": "Feature", "properties": { "value": "regulatory--maximum-speed-limit-60--g1", "speed": 60 }, "geometry": { "type": "Point", "coordinates": [ -34.889143847863998, -8.1004161505574 ] } },
{ "type": "Feature", "properties": { "value": "regulatory--maximum-speed-limit-60--g1", "speed": 60 }, "geometry": { "type": "Point", "coordinates": [ -34.89100370093, -8.104745031943599 ] } },
{ "type": "Feature", "properties": { "value": "regulatory--maximum-speed-limit-60--g1", "speed": 60 }, "geometry": { "type": "Point", "coordinates": [ -34.918968678886003, -8.0622210240951 ] } },
{ "type": "Feature", "properties": { "value": "regulatory--maximum-speed-limit-60--g1", "speed": 60 }, "geometry": { "type": "Point", "coordinates": [ -34.893435549117001, -8.0257100661201 ] } },
{ "type": "Feature", "properties": { "value": "regulatory--maximum-speed-limit-60--g1", "speed": 60 }, "geometry": { "type": "Point", "coordinates": [ -34.924968348842, -8.0302382599744 ] } },
{ "type": "Feature", "properties": { "value": "regulatory--maximum-speed-limit-60--g1", "speed": 60 }, "geometry": { "type": "Point", "coordinates": [ -34.888598644981997, -8.102931204111201 ] } },
{ "type": "Feature", "properties": { "value": "regulatory--maximum-speed-limit-60--g1", "speed": 60 }, "geometry": { "type": "Point", "coordinates": [ -34.885791536790002, -8.0432146070507 ] } },
{ "type": "Feature", "properties": { "value": "regulatory--maximum-speed-limit-60--g1", "speed": 60 }, "geometry": { "type": "Point", "coordinates": [ -34.932624726192003, -8.0123023809158 ] } },
{ "type": "Feature", "properties": { "value": "regulatory--maximum-speed-limit-60--g1", "speed": 60 }, "geometry": { "type": "Point", "coordinates": [ -34.896732269494997, -8.053948236058501 ] } },
{ "type": "Feature", "properties": { "value": "regulatory--maximum-speed-limit-60--g1", "speed": 60 }, "geometry": { "type": "Point", "coordinates": [ -34.886300473186999, -8.0858052358384 ] } },
{ "type": "Feature", "properties": { "value": "regulatory--maximum-speed-limit-60--g1", "speed": 60 }, "geometry": { "type": "Point", "coordinates": [ -34.886653131507003, -8.085437463864899 ] } },
{ "type": "Feature", "properties": { "value": "regulatory--maximum-speed-limit-60--g1", "speed": 60 }, "geometry": { "type": "Point", "coordinates": [ -34.889662197432003, -8.103586962977801 ] } },
{ "type": "Feature", "properties": { "value": "regulatory--maximum-speed-limit-60--g1", "speed": 60 }, "geometry": { "type": "Point", "coordinates": [ -34.903594997981997, -8.1366625055923 ] } },
{ "type": "Feature", "properties": { "value": "regulatory--maximum-speed-limit-60--g1", "speed": 60 }, "geometry": { "type": "Point", "coordinates": [ -34.930466593150001, -8.075243428919601 ] } },
{ "type": "Feature", "properties": { "value": "regulatory--maximum-speed-limit-60--g1", "speed": 60 }, "geometry": { "type": "Point", "coordinates": [ -34.893025206324999, -8.048922595004401 ] } },
{ "type": "Feature", "properties": { "value": "regulatory--maximum-speed-limit-60--g1", "speed": 60 }, "geometry": { "type": "Point", "coordinates": [ -34.916182863724998, -8.130728255900401 ] } },
{ "type": "Feature", "properties": { "value": "regulatory--maximum-speed-limit-60--g1", "speed": 60 }, "geometry": { "type": "Point", "coordinates": [ -34.937557556504999, -8.0649774786389 ] } },
{ "type": "Feature", "properties": { "value": "regulatory--maximum-speed-limit-60--g1", "speed": 60 }, "geometry": { "type": "Point", "coordinates": [ -34.956820435575999, -8.0718142651394 ] } },
{ "type": "Feature", "properties": { "value": "regulatory--maximum-speed-limit-60--g1", "speed": 60 }, "geometry": { "type": "Point", "coordinates": [ -34.889901353878003, -8.0839503963337 ] } },
{ "type": "Feature", "properties": { "value": "regulatory--maximum-speed-limit-60--g1", "speed": 60 }, "geometry": { "type": "Point", "coordinates": [ -34.938991557472001, -8.092506359532001 ] } },
{ "type": "Feature", "properties": { "value": "regulatory--maximum-speed-limit-60--g1", "speed": 60 }, "geometry": { "type": "Point", "coordinates": [ -34.886905184401002, -8.0871667827971 ] } },
{ "type": "Feature", "properties": { "value": "regulatory--maximum-speed-limit-60--g1", "speed": 60 }, "geometry": { "type": "Point", "coordinates": [ -34.896637264859997, -8.0534578002061 ] } },
{ "type": "Feature", "properties": { "value": "regulatory--maximum-speed-limit-60--g1", "speed": 60 }, "geometry": { "type": "Point", "coordinates": [ -34.890127612044999, -8.076793710051399 ] } },
{ "type": "Feature", "properties": { "value": "regulatory--maximum-speed-limit-60--g1", "speed": 60 }, "geometry": { "type": "Point", "coordinates": [ -34.885961522106001, -8.0751536276699 ] } },
{ "type": "Feature", "properties": { "value": "regulatory--maximum-speed-limit-60--g1", "speed": 60 }, "geometry": { "type": "Point", "coordinates": [ -34.883589483419001, -8.0884586542162 ] } },
{ "type": "Feature", "properties": { "value": "regulatory--maximum-speed-limit-60--g1", "speed": 60 }, "geometry": { "type": "Point", "coordinates": [ -34.883614921678003, -8.088637202913 ] } },
{ "type": "Feature", "properties": { "value": "regulatory--maximum-speed-limit-60--g1", "speed": 60 }, "geometry": { "type": "Point", "coordinates": [ -34.900437775472, -8.128448584989799 ] } },
{ "type": "Feature", "properties": { "value": "regulatory--maximum-speed-limit-60--g1", "speed": 60 }, "geometry": { "type": "Point", "coordinates": [ -34.883749170736003, -8.0881279487208 ] } },
{ "type": "Feature", "properties": { "value": "regulatory--maximum-speed-limit-60--g1", "speed": 60 }, "geometry": { "type": "Point", "coordinates": [ -34.946306730304997, -8.0868866589843 ] } },
{ "type": "Feature", "properties": { "value": "regulatory--maximum-speed-limit-60--g1", "speed": 60 }, "geometry": { "type": "Point", "coordinates": [ -34.886905621631001, -8.085220312101001 ] } },
{ "type": "Feature", "properties": { "value": "regulatory--maximum-speed-limit-60--g1", "speed": 60 }, "geometry": { "type": "Point", "coordinates": [ -34.890742295142999, -8.097506896307999 ] } },
{ "type": "Feature", "properties": { "value": "regulatory--maximum-speed-limit-60--g1", "speed": 60 }, "geometry": { "type": "Point", "coordinates": [ -34.902812846029001, -8.1335567902366 ] } },
{ "type": "Feature", "properties": { "value": "regulatory--maximum-speed-limit-60--g1", "speed": 60 }, "geometry": { "type": "Point", "coordinates": [ -34.889255432515, -8.1047280775144 ] } },
{ "type": "Feature", "properties": { "value": "regulatory--maximum-speed-limit-60--g1", "speed": 60 }, "geometry": { "type": "Point", "coordinates": [ -34.895310470079004, -8.1078484761324 ] } },
{ "type": "Feature", "properties": { "value": "regulatory--maximum-speed-limit-60--g1", "speed": 60 }, "geometry": { "type": "Point", "coordinates": [ -34.897822412492999, -8.0564914502232 ] } },
{ "type": "Feature", "properties": { "value": "regulatory--maximum-speed-limit-60--g1", "speed": 60 }, "geometry": { "type": "Point", "coordinates": [ -34.898190409873003, -8.0567790608882 ] } },
{ "type": "Feature", "properties": { "value": "regulatory--maximum-speed-limit-60--g1", "speed": 60 }, "geometry": { "type": "Point", "coordinates": [ -34.900623430793999, -8.1151309346166 ] } },
{ "type": "Feature", "properties": { "value": "regulatory--maximum-speed-limit-60--g1", "speed": 60 }, "geometry": { "type": "Point", "coordinates": [ -34.928313698238, -8.0999502487137 ] } },
{ "type": "Feature", "properties": { "value": "regulatory--maximum-speed-limit-60--g1", "speed": 60 }, "geometry": { "type": "Point", "coordinates": [ -34.892703449743003, -8.0288775511439 ] } },
{ "type": "Feature", "properties": { "value": "regulatory--maximum-speed-limit-60--g1", "speed": 60 }, "geometry": { "type": "Point", "coordinates": [ -34.934360641227997, -8.0116745263347 ] } },
{ "type": "Feature", "properties": { "value": "regulatory--maximum-speed-limit-60--g1", "speed": 60 }, "geometry": { "type": "Point", "coordinates": [ -34.896240337751003, -8.053339098531 ] } },
{ "type": "Feature", "properties": { "value": "regulatory--maximum-speed-limit-60--g1", "speed": 60 }, "geometry": { "type": "Point", "coordinates": [ -34.889185177441, -8.0828054245939 ] } },
{ "type": "Feature", "properties": { "value": "regulatory--maximum-speed-limit-50--g1", "speed": 50 }, "geometry": { "type": "Point", "coordinates": [ -34.943614403791997, -8.117243092169399 ] } },
{ "type": "Feature", "properties": { "value": "regulatory--maximum-speed-limit-50--g1", "speed": 50 }, "geometry": { "type": "Point", "coordinates": [ -34.889064610694, -8.010082049480101 ] } },
{ "type": "Feature", "properties": { "value": "regulatory--maximum-speed-limit-50--g1", "speed": 50 }, "geometry": { "type": "Point", "coordinates": [ -34.932402011192998, -8.0882160703687 ] } },
{ "type": "Feature", "properties": { "value": "regulatory--maximum-speed-limit-50--g1", "speed": 50 }, "geometry": { "type": "Point", "coordinates": [ -34.932849821043, -8.088666762984699 ] } },
{ "type": "Feature", "properties": { "value": "regulatory--maximum-speed-limit-50--g1", "speed": 50 }, "geometry": { "type": "Point", "coordinates": [ -34.886874416018998, -8.087174199434701 ] } },
{ "type": "Feature", "properties": { "value": "regulatory--maximum-speed-limit-50--g1", "speed": 50 }, "geometry": { "type": "Point", "coordinates": [ -34.955222469505998, -8.0712964269909 ] } },
{ "type": "Feature", "properties": { "value": "regulatory--maximum-speed-limit-50--g1", "speed": 50 }, "geometry": { "type": "Point", "coordinates": [ -34.948847804187999, -8.1052833523334 ] } },
{ "type": "Feature", "properties": { "value": "regulatory--maximum-speed-limit-50--g1", "speed": 50 }, "geometry": { "type": "Point", "coordinates": [ -34.949034035784997, -8.1052993504863 ] } },
{ "type": "Feature", "properties": { "value": "regulatory--maximum-speed-limit-50--g1", "speed": 50 }, "geometry": { "type": "Point", "coordinates": [ -34.938506112791998, -7.9950140143015 ] } },
{ "type": "Feature", "properties": { "value": "regulatory--maximum-speed-limit-50--g1", "speed": 50 }, "geometry": { "type": "Point", "coordinates": [ -34.933582839449997, -7.9877774440825 ] } },
{ "type": "Feature", "properties": { "value": "regulatory--maximum-speed-limit-50--g1", "speed": 50 }, "geometry": { "type": "Point", "coordinates": [ -34.950231410100002, -8.0967136929189 ] } },
{ "type": "Feature", "properties": { "value": "regulatory--maximum-speed-limit-50--g1", "speed": 50 }, "geometry": { "type": "Point", "coordinates": [ -34.950227277982997, -8.0977116094035 ] } },
{ "type": "Feature", "properties": { "value": "regulatory--maximum-speed-limit-50--g1", "speed": 50 }, "geometry": { "type": "Point", "coordinates": [ -34.950081808166999, -8.0966196971555 ] } },
{ "type": "Feature", "properties": { "value": "regulatory--maximum-speed-limit-50--g1", "speed": 50 }, "geometry": { "type": "Point", "coordinates": [ -34.943003246026997, -8.029860278089499 ] } },
{ "type": "Feature", "properties": { "value": "regulatory--maximum-speed-limit-50--g1", "speed": 50 }, "geometry": { "type": "Point", "coordinates": [ -34.942925909160998, -8.029831493484901 ] } },
{ "type": "Feature", "properties": { "value": "regulatory--maximum-speed-limit-50--g1", "speed": 50 }, "geometry": { "type": "Point", "coordinates": [ -34.935830587637, -8.0761395661227 ] } },
{ "type": "Feature", "properties": { "value": "regulatory--maximum-speed-limit-50--g1", "speed": 50 }, "geometry": { "type": "Point", "coordinates": [ -34.935956594091003, -8.0762232577153 ] } },
{ "type": "Feature", "properties": { "value": "regulatory--maximum-speed-limit-50--g1", "speed": 50 }, "geometry": { "type": "Point", "coordinates": [ -34.945801961599997, -8.0859990022949 ] } },
{ "type": "Feature", "properties": { "value": "regulatory--maximum-speed-limit-50--g1", "speed": 50 }, "geometry": { "type": "Point", "coordinates": [ -34.946615005482997, -8.0879535694701 ] } },
{ "type": "Feature", "properties": { "value": "regulatory--maximum-speed-limit-50--g1", "speed": 50 }, "geometry": { "type": "Point", "coordinates": [ -34.946734740117002, -8.0879562841903 ] } },
{ "type": "Feature", "properties": { "value": "regulatory--maximum-speed-limit-50--g1", "speed": 50 }, "geometry": { "type": "Point", "coordinates": [ -34.909459427819002, -8.1216622245789 ] } },
{ "type": "Feature", "properties": { "value": "regulatory--maximum-speed-limit-50--g1", "speed": 50 }, "geometry": { "type": "Point", "coordinates": [ -34.909438206814002, -8.121458120649701 ] } },
{ "type": "Feature", "properties": { "value": "regulatory--maximum-speed-limit-50--g1", "speed": 50 }, "geometry": { "type": "Point", "coordinates": [ -34.941790556760999, -8.0336305672293 ] } },
{ "type": "Feature", "properties": { "value": "regulatory--maximum-speed-limit-50--g1", "speed": 50 }, "geometry": { "type": "Point", "coordinates": [ -34.933772525449001, -7.9882133024075 ] } },
{ "type": "Feature", "properties": { "value": "regulatory--maximum-speed-limit-50--g1", "speed": 50 }, "geometry": { "type": "Point", "coordinates": [ -34.933999022796002, -7.9882458539246 ] } },
{ "type": "Feature", "properties": { "value": "regulatory--maximum-speed-limit-50--g1", "speed": 50 }, "geometry": { "type": "Point", "coordinates": [ -34.934964291641997, -7.9895237657967 ] } },
{ "type": "Feature", "properties": { "value": "regulatory--maximum-speed-limit-50--g1", "speed": 50 }, "geometry": { "type": "Point", "coordinates": [ -34.909628628964001, -8.120984031168 ] } },
{ "type": "Feature", "properties": { "value": "regulatory--maximum-speed-limit-50--g1", "speed": 50 }, "geometry": { "type": "Point", "coordinates": [ -34.909871266092999, -8.121376873589099 ] } },
{ "type": "Feature", "properties": { "value": "regulatory--maximum-speed-limit-50--g1", "speed": 50 }, "geometry": { "type": "Point", "coordinates": [ -34.909406050046996, -8.1206968769285 ] } },
{ "type": "Feature", "properties": { "value": "regulatory--maximum-speed-limit-50--g1", "speed": 50 }, "geometry": { "type": "Point", "coordinates": [ -34.937477890826003, -7.9936454894486 ] } },
{ "type": "Feature", "properties": { "value": "regulatory--maximum-speed-limit-50--g1", "speed": 50 }, "geometry": { "type": "Point", "coordinates": [ -34.937444583, -7.9937621304367 ] } },
{ "type": "Feature", "properties": { "value": "regulatory--maximum-speed-limit-50--g1", "speed": 50 }, "geometry": { "type": "Point", "coordinates": [ -34.943939257547001, -8.043842076585401 ] } },
{ "type": "Feature", "properties": { "value": "regulatory--maximum-speed-limit-50--g1", "speed": 50 }, "geometry": { "type": "Point", "coordinates": [ -34.943775709366001, -8.043956164510799 ] } },
{ "type": "Feature", "properties": { "value": "regulatory--maximum-speed-limit-50--g1", "speed": 50 }, "geometry": { "type": "Point", "coordinates": [ -34.944149163238997, -8.044026593980799 ] } },
{ "type": "Feature", "properties": { "value": "regulatory--maximum-speed-limit-50--g1", "speed": 50 }, "geometry": { "type": "Point", "coordinates": [ -34.938496533106999, -7.9946346774333 ] } },
{ "type": "Feature", "properties": { "value": "regulatory--maximum-speed-limit-50--g1", "speed": 50 }, "geometry": { "type": "Point", "coordinates": [ -34.938367424440003, -7.9946885030084 ] } },
{ "type": "Feature", "properties": { "value": "regulatory--maximum-speed-limit-50--g1", "speed": 50 }, "geometry": { "type": "Point", "coordinates": [ -34.933508296292999, -7.9870532595772 ] } },
{ "type": "Feature", "properties": { "value": "regulatory--maximum-speed-limit-50--g1", "speed": 50 }, "geometry": { "type": "Point", "coordinates": [ -34.933567458323999, -7.9870445044727 ] } },
{ "type": "Feature", "properties": { "value": "regulatory--maximum-speed-limit-50--g1", "speed": 50 }, "geometry": { "type": "Point", "coordinates": [ -34.89785907924, -8.119706446618901 ] } },
{ "type": "Feature", "properties": { "value": "regulatory--maximum-speed-limit-50--g1", "speed": 50 }, "geometry": { "type": "Point", "coordinates": [ -34.908773842424999, -8.0539116253975 ] } },
{ "type": "Feature", "properties": { "value": "regulatory--maximum-speed-limit-50--g1", "speed": 50 }, "geometry": { "type": "Point", "coordinates": [ -34.908681615572, -8.0539294014461 ] } },
{ "type": "Feature", "properties": { "value": "regulatory--maximum-speed-limit-50--g1", "speed": 50 }, "geometry": { "type": "Point", "coordinates": [ -34.937937739873, -8.0111623045216 ] } },
{ "type": "Feature", "properties": { "value": "regulatory--maximum-speed-limit-50--g1", "speed": 50 }, "geometry": { "type": "Point", "coordinates": [ -34.943041385811, -8.0310616249054 ] } },
{ "type": "Feature", "properties": { "value": "regulatory--maximum-speed-limit-50--g1", "speed": 50 }, "geometry": { "type": "Point", "coordinates": [ -34.942928290125003, -8.031006472286901 ] } },
{ "type": "Feature", "properties": { "value": "regulatory--maximum-speed-limit-50--g1", "speed": 50 }, "geometry": { "type": "Point", "coordinates": [ -34.931749371431003, -7.9820079301229 ] } },
{ "type": "Feature", "properties": { "value": "regulatory--maximum-speed-limit-50--g1", "speed": 50 }, "geometry": { "type": "Point", "coordinates": [ -34.931849456567001, -7.981958121179 ] } },
{ "type": "Feature", "properties": { "value": "regulatory--maximum-speed-limit-50--g1", "speed": 50 }, "geometry": { "type": "Point", "coordinates": [ -34.892763895563, -8.0792691885386 ] } },
{ "type": "Feature", "properties": { "value": "regulatory--maximum-speed-limit-50--g1", "speed": 50 }, "geometry": { "type": "Point", "coordinates": [ -34.949116109644002, -8.0952795506184 ] } },
{ "type": "Feature", "properties": { "value": "regulatory--maximum-speed-limit-50--g1", "speed": 50 }, "geometry": { "type": "Point", "coordinates": [ -34.948947998256997, -8.0953633358962 ] } },
{ "type": "Feature", "properties": { "value": "regulatory--maximum-speed-limit-50--g1", "speed": 50 }, "geometry": { "type": "Point", "coordinates": [ -34.949877858066998, -8.096491193544001 ] } },
{ "type": "Feature", "properties": { "value": "regulatory--maximum-speed-limit-50--g1", "speed": 50 }, "geometry": { "type": "Point", "coordinates": [ -34.938267891769001, -7.9946422884201 ] } },
{ "type": "Feature", "properties": { "value": "regulatory--maximum-speed-limit-50--g1", "speed": 50 }, "geometry": { "type": "Point", "coordinates": [ -34.938371299057003, -7.9945973344379 ] } },
{ "type": "Feature", "properties": { "value": "regulatory--maximum-speed-limit-50--g1", "speed": 50 }, "geometry": { "type": "Point", "coordinates": [ -34.963266254841002, -8.093110829359 ] } },
{ "type": "Feature", "properties": { "value": "regulatory--maximum-speed-limit-50--g1", "speed": 50 }, "geometry": { "type": "Point", "coordinates": [ -34.942006908049997, -8.0326897915266 ] } },
{ "type": "Feature", "properties": { "value": "regulatory--maximum-speed-limit-50--g1", "speed": 50 }, "geometry": { "type": "Point", "coordinates": [ -34.941916066931, -8.0326935622736 ] } },
{ "type": "Feature", "properties": { "value": "regulatory--maximum-speed-limit-50--g1", "speed": 50 }, "geometry": { "type": "Point", "coordinates": [ -34.946186564663002, -8.0868908821683 ] } },
{ "type": "Feature", "properties": { "value": "regulatory--maximum-speed-limit-50--g1", "speed": 50 }, "geometry": { "type": "Point", "coordinates": [ -34.946690732040999, -8.087984607892899 ] } },
{ "type": "Feature", "properties": { "value": "regulatory--maximum-speed-limit-50--g1", "speed": 50 }, "geometry": { "type": "Point", "coordinates": [ -34.946247996628003, -8.0868503035523 ] } },
{ "type": "Feature", "properties": { "value": "regulatory--maximum-speed-limit-50--g1", "speed": 50 }, "geometry": { "type": "Point", "coordinates": [ -34.937576235793003, -8.009529250908001 ] } },
{ "type": "Feature", "properties": { "value": "regulatory--maximum-speed-limit-50--g1", "speed": 50 }, "geometry": { "type": "Point", "coordinates": [ -34.937730364006001, -8.0095026822777 ] } },
{ "type": "Feature", "properties": { "value": "regulatory--maximum-speed-limit-50--g1", "speed": 50 }, "geometry": { "type": "Point", "coordinates": [ -34.913458819676997, -8.0121297211955 ] } },
{ "type": "Feature", "properties": { "value": "regulatory--maximum-speed-limit-50--g1", "speed": 50 }, "geometry": { "type": "Point", "coordinates": [ -34.905191115257999, -8.053080064360801 ] } },
{ "type": "Feature", "properties": { "value": "regulatory--maximum-speed-limit-50--g1", "speed": 50 }, "geometry": { "type": "Point", "coordinates": [ -34.933724037341001, -7.9872725642962 ] } },
{ "type": "Feature", "properties": { "value": "regulatory--maximum-speed-limit-50--g1", "speed": 50 }, "geometry": { "type": "Point", "coordinates": [ -34.908747938539001, -8.0543101083571 ] } },
{ "type": "Feature", "properties": { "value": "regulatory--maximum-speed-limit-50--g1", "speed": 50 }, "geometry": { "type": "Point", "coordinates": [ -34.908872685482997, -8.0542501029812 ] } },
{ "type": "Feature", "properties": { "value": "regulatory--maximum-speed-limit-50--g1", "speed": 50 }, "geometry": { "type": "Point", "coordinates": [ -34.908964890282, -8.0547756729705 ] } },
{ "type": "Feature", "properties": { "value": "regulatory--maximum-speed-limit-50--g1", "speed": 50 }, "geometry": { "type": "Point", "coordinates": [ -34.908913095644998, -8.0552112873197 ] } },
{ "type": "Feature", "properties": { "value": "regulatory--maximum-speed-limit-50--g1", "speed": 50 }, "geometry": { "type": "Point", "coordinates": [ -34.901056786033998, -8.1169337526583 ] } },
{ "type": "Feature", "properties": { "value": "regulatory--maximum-speed-limit-50--g1", "speed": 50 }, "geometry": { "type": "Point", "coordinates": [ -34.938615508923, -7.9949960349036 ] } },
{ "type": "Feature", "properties": { "value": "regulatory--maximum-speed-limit-50--g1", "speed": 50 }, "geometry": { "type": "Point", "coordinates": [ -34.949537416224999, -8.0965853335007 ] } },
{ "type": "Feature", "properties": { "value": "regulatory--maximum-speed-limit-50--g1", "speed": 50 }, "geometry": { "type": "Point", "coordinates": [ -34.948311756152997, -8.103366250608801 ] } },
{ "type": "Feature", "properties": { "value": "regulatory--maximum-speed-limit-50--g1", "speed": 50 }, "geometry": { "type": "Point", "coordinates": [ -34.935559024187, -8.0764808653283 ] } },
{ "type": "Feature", "properties": { "value": "regulatory--maximum-speed-limit-50--g1", "speed": 50 }, "geometry": { "type": "Point", "coordinates": [ -34.935425682175001, -8.076540137173 ] } },
{ "type": "Feature", "properties": { "value": "regulatory--maximum-speed-limit-50--g1", "speed": 50 }, "geometry": { "type": "Point", "coordinates": [ -34.936834255394999, -8.074577918398299 ] } },
{ "type": "Feature", "properties": { "value": "regulatory--maximum-speed-limit-50--g1", "speed": 50 }, "geometry": { "type": "Point", "coordinates": [ -34.936750429206, -8.074531807286 ] } },
{ "type": "Feature", "properties": { "value": "regulatory--maximum-speed-limit-50--g1", "speed": 50 }, "geometry": { "type": "Point", "coordinates": [ -34.907342680443001, -8.0533334238691 ] } },
{ "type": "Feature", "properties": { "value": "regulatory--maximum-speed-limit-50--g1", "speed": 50 }, "geometry": { "type": "Point", "coordinates": [ -34.907320226186002, -8.0534586845608 ] } },
{ "type": "Feature", "properties": { "value": "regulatory--maximum-speed-limit-50--g1", "speed": 50 }, "geometry": { "type": "Point", "coordinates": [ -34.902615273645999, -8.032144679981601 ] } },
{ "type": "Feature", "properties": { "value": "regulatory--maximum-speed-limit-50--g1", "speed": 50 }, "geometry": { "type": "Point", "coordinates": [ -34.902798391127, -8.0322362444224 ] } },
{ "type": "Feature", "properties": { "value": "regulatory--maximum-speed-limit-50--g1", "speed": 50 }, "geometry": { "type": "Point", "coordinates": [ -34.934924638448997, -7.9886341485074 ] } },
{ "type": "Feature", "properties": { "value": "regulatory--maximum-speed-limit-50--g1", "speed": 50 }, "geometry": { "type": "Point", "coordinates": [ -34.947858741719003, -8.107294820182901 ] } },
{ "type": "Feature", "properties": { "value": "regulatory--maximum-speed-limit-50--g1", "speed": 50 }, "geometry": { "type": "Point", "coordinates": [ -34.894816704386997, -8.0515212758642 ] } },
{ "type": "Feature", "properties": { "value": "regulatory--maximum-speed-limit-50--g1", "speed": 50 }, "geometry": { "type": "Point", "coordinates": [ -34.938122440747001, -7.9931798455034 ] } },
{ "type": "Feature", "properties": { "value": "regulatory--maximum-speed-limit-50--g1", "speed": 50 }, "geometry": { "type": "Point", "coordinates": [ -34.937658051482003, -7.993118017077 ] } },
{ "type": "Feature", "properties": { "value": "regulatory--maximum-speed-limit-50--g1", "speed": 50 }, "geometry": { "type": "Point", "coordinates": [ -34.938201239777001, -8.072638054004599 ] } },
{ "type": "Feature", "properties": { "value": "regulatory--maximum-speed-limit-50--g1", "speed": 50 }, "geometry": { "type": "Point", "coordinates": [ -34.938284493556999, -8.072779305412601 ] } },
{ "type": "Feature", "properties": { "value": "regulatory--maximum-speed-limit-50--g1", "speed": 50 }, "geometry": { "type": "Point", "coordinates": [ -34.936963574326001, -8.0745014770007 ] } },
{ "type": "Feature", "properties": { "value": "regulatory--maximum-speed-limit-50--g1", "speed": 50 }, "geometry": { "type": "Point", "coordinates": [ -34.937187136215002, -8.0743682887784 ] } },
{ "type": "Feature", "properties": { "value": "regulatory--maximum-speed-limit-50--g1", "speed": 50 }, "geometry": { "type": "Point", "coordinates": [ -34.917023949718001, -8.080814504501401 ] } },
{ "type": "Feature", "properties": { "value": "regulatory--maximum-speed-limit-50--g1", "speed": 50 }, "geometry": { "type": "Point", "coordinates": [ -34.909548852831001, -8.125226566903001 ] } },
{ "type": "Feature", "properties": { "value": "regulatory--maximum-speed-limit-50--g1", "speed": 50 }, "geometry": { "type": "Point", "coordinates": [ -34.909589752922003, -8.125221735098499 ] } },
{ "type": "Feature", "properties": { "value": "regulatory--maximum-speed-limit-50--g1", "speed": 50 }, "geometry": { "type": "Point", "coordinates": [ -34.966128338505001, -8.081348202587399 ] } },
{ "type": "Feature", "properties": { "value": "regulatory--maximum-speed-limit-50--g1", "speed": 50 }, "geometry": { "type": "Point", "coordinates": [ -34.966104494568, -8.0813155018214 ] } },
{ "type": "Feature", "properties": { "value": "regulatory--maximum-speed-limit-50--g1", "speed": 50 }, "geometry": { "type": "Point", "coordinates": [ -34.937788442218, -8.011357375876999 ] } },
{ "type": "Feature", "properties": { "value": "regulatory--maximum-speed-limit-50--g1", "speed": 50 }, "geometry": { "type": "Point", "coordinates": [ -34.937582556953998, -8.0102865923729 ] } },
{ "type": "Feature", "properties": { "value": "regulatory--maximum-speed-limit-50--g1", "speed": 50 }, "geometry": { "type": "Point", "coordinates": [ -34.935166628448002, -7.989626800518 ] } },
{ "type": "Feature", "properties": { "value": "regulatory--maximum-speed-limit-50--g1", "speed": 50 }, "geometry": { "type": "Point", "coordinates": [ -34.939255976474001, -8.014294255302101 ] } },
{ "type": "Feature", "properties": { "value": "regulatory--maximum-speed-limit-50--g1", "speed": 50 }, "geometry": { "type": "Point", "coordinates": [ -34.939139757193999, -8.014378507030001 ] } },
{ "type": "Feature", "properties": { "value": "regulatory--maximum-speed-limit-50--g1", "speed": 50 }, "geometry": { "type": "Point", "coordinates": [ -34.945655206834999, -8.112077076474099 ] } },
{ "type": "Feature", "properties": { "value": "regulatory--maximum-speed-limit-50--g1", "speed": 50 }, "geometry": { "type": "Point", "coordinates": [ -34.927545812110999, -8.0190463434076 ] } },
{ "type": "Feature", "properties": { "value": "regulatory--maximum-speed-limit-50--g1", "speed": 50 }, "geometry": { "type": "Point", "coordinates": [ -34.943017477067997, -8.0297658556188 ] } },
{ "type": "Feature", "properties": { "value": "regulatory--maximum-speed-limit-50--g1", "speed": 50 }, "geometry": { "type": "Point", "coordinates": [ -34.943024661050998, -8.029740041216799 ] } },
{ "type": "Feature", "properties": { "value": "regulatory--maximum-speed-limit-50--g1", "speed": 50 }, "geometry": { "type": "Point", "coordinates": [ -34.943024553583001, -8.029741199325001 ] } },
{ "type": "Feature", "properties": { "value": "regulatory--maximum-speed-limit-50--g1", "speed": 50 }, "geometry": { "type": "Point", "coordinates": [ -34.943198735598003, -8.0785506555259 ] } },
{ "type": "Feature", "properties": { "value": "regulatory--maximum-speed-limit-50--g1", "speed": 50 }, "geometry": { "type": "Point", "coordinates": [ -34.943051861717997, -8.0786896831034 ] } },
{ "type": "Feature", "properties": { "value": "regulatory--maximum-speed-limit-50--g1", "speed": 50 }, "geometry": { "type": "Point", "coordinates": [ -34.943330276748, -8.081940598911499 ] } },
{ "type": "Feature", "properties": { "value": "regulatory--maximum-speed-limit-50--g1", "speed": 50 }, "geometry": { "type": "Point", "coordinates": [ -34.881965364781003, -8.090350237783101 ] } },
{ "type": "Feature", "properties": { "value": "regulatory--maximum-speed-limit-50--g1", "speed": 50 }, "geometry": { "type": "Point", "coordinates": [ -34.8998025004, -8.056859562438101 ] } },
{ "type": "Feature", "properties": { "value": "regulatory--maximum-speed-limit-50--g1", "speed": 50 }, "geometry": { "type": "Point", "coordinates": [ -34.899846638739, -8.0570144198535 ] } },
{ "type": "Feature", "properties": { "value": "regulatory--maximum-speed-limit-50--g1", "speed": 50 }, "geometry": { "type": "Point", "coordinates": [ -34.899827176871, -8.056949469267501 ] } },
{ "type": "Feature", "properties": { "value": "regulatory--maximum-speed-limit-50--g1", "speed": 50 }, "geometry": { "type": "Point", "coordinates": [ -34.905415879922003, -8.117358223586001 ] } },
{ "type": "Feature", "properties": { "value": "regulatory--maximum-speed-limit-50--g1", "speed": 50 }, "geometry": { "type": "Point", "coordinates": [ -34.938978226313999, -7.9989854568921 ] } },
{ "type": "Feature", "properties": { "value": "regulatory--maximum-speed-limit-50--g1", "speed": 50 }, "geometry": { "type": "Point", "coordinates": [ -34.939112846279002, -7.9990395396337 ] } },
{ "type": "Feature", "properties": { "value": "regulatory--maximum-speed-limit-50--g1", "speed": 50 }, "geometry": { "type": "Point", "coordinates": [ -34.960475719434001, -8.091652619428499 ] } },
{ "type": "Feature", "properties": { "value": "regulatory--maximum-speed-limit-50--g1", "speed": 50 }, "geometry": { "type": "Point", "coordinates": [ -34.946837257433003, -8.0912095928841 ] } },
{ "type": "Feature", "properties": { "value": "regulatory--maximum-speed-limit-50--g1", "speed": 50 }, "geometry": { "type": "Point", "coordinates": [ -34.936846520026997, -7.9926654258181 ] } },
{ "type": "Feature", "properties": { "value": "regulatory--maximum-speed-limit-50--g1", "speed": 50 }, "geometry": { "type": "Point", "coordinates": [ -34.936770568283002, -7.9927482811571 ] } },
{ "type": "Feature", "properties": { "value": "regulatory--maximum-speed-limit-50--g1", "speed": 50 }, "geometry": { "type": "Point", "coordinates": [ -34.900311776800002, -8.026158076404601 ] } },
{ "type": "Feature", "properties": { "value": "regulatory--maximum-speed-limit-50--g1", "speed": 50 }, "geometry": { "type": "Point", "coordinates": [ -34.943745094739, -8.0832899739622 ] } },
{ "type": "Feature", "properties": { "value": "regulatory--maximum-speed-limit-50--g1", "speed": 50 }, "geometry": { "type": "Point", "coordinates": [ -34.938402904500997, -8.0128843254858 ] } },
{ "type": "Feature", "properties": { "value": "regulatory--maximum-speed-limit-50--g1", "speed": 50 }, "geometry": { "type": "Point", "coordinates": [ -34.948530244841002, -8.1065684731656 ] } },
{ "type": "Feature", "properties": { "value": "regulatory--maximum-speed-limit-50--g1", "speed": 50 }, "geometry": { "type": "Point", "coordinates": [ -34.938165896491, -7.9947608246815 ] } },
{ "type": "Feature", "properties": { "value": "regulatory--maximum-speed-limit-50--g1", "speed": 50 }, "geometry": { "type": "Point", "coordinates": [ -34.948891663607, -8.095242052608301 ] } },
{ "type": "Feature", "properties": { "value": "regulatory--maximum-speed-limit-50--g1", "speed": 50 }, "geometry": { "type": "Point", "coordinates": [ -34.942991205036002, -8.077416525033 ] } },
{ "type": "Feature", "properties": { "value": "regulatory--maximum-speed-limit-50--g1", "speed": 50 }, "geometry": { "type": "Point", "coordinates": [ -34.943134049621001, -8.0793829838425 ] } },
{ "type": "Feature", "properties": { "value": "regulatory--maximum-speed-limit-50--g1", "speed": 50 }, "geometry": { "type": "Point", "coordinates": [ -34.943229116536003, -8.0793793854134 ] } },
{ "type": "Feature", "properties": { "value": "regulatory--maximum-speed-limit-50--g1", "speed": 50 }, "geometry": { "type": "Point", "coordinates": [ -34.939417075039998, -8.0146390989445 ] } },
{ "type": "Feature", "properties": { "value": "regulatory--maximum-speed-limit-50--g1", "speed": 50 }, "geometry": { "type": "Point", "coordinates": [ -34.941718409217003, -8.033650715507401 ] } },
{ "type": "Feature", "properties": { "value": "regulatory--maximum-speed-limit-50--g1", "speed": 50 }, "geometry": { "type": "Point", "coordinates": [ -34.941820030728003, -8.033638269674 ] } },
{ "type": "Feature", "properties": { "value": "regulatory--maximum-speed-limit-50--g1", "speed": 50 }, "geometry": { "type": "Point", "coordinates": [ -34.931595006004002, -7.9841257001578 ] } },
{ "type": "Feature", "properties": { "value": "regulatory--maximum-speed-limit-50--g1", "speed": 50 }, "geometry": { "type": "Point", "coordinates": [ -34.938453469529001, -7.9949089989459 ] } },
{ "type": "Feature", "properties": { "value": "regulatory--maximum-speed-limit-50--g1", "speed": 50 }, "geometry": { "type": "Point", "coordinates": [ -34.938524709223998, -7.9949412313457 ] } },
{ "type": "Feature", "properties": { "value": "regulatory--maximum-speed-limit-50--g1", "speed": 50 }, "geometry": { "type": "Point", "coordinates": [ -34.947674962743001, -8.108334846579 ] } },
{ "type": "Feature", "properties": { "value": "regulatory--maximum-speed-limit-50--g1", "speed": 50 }, "geometry": { "type": "Point", "coordinates": [ -34.909892338631998, -8.1212835640873 ] } },
{ "type": "Feature", "properties": { "value": "regulatory--maximum-speed-limit-50--g1", "speed": 50 }, "geometry": { "type": "Point", "coordinates": [ -34.943151297739, -8.0262368539967 ] } },
{ "type": "Feature", "properties": { "value": "regulatory--maximum-speed-limit-50--g1", "speed": 50 }, "geometry": { "type": "Point", "coordinates": [ -34.945229352288003, -8.1136987736508 ] } },
{ "type": "Feature", "properties": { "value": "regulatory--maximum-speed-limit-50--g1", "speed": 50 }, "geometry": { "type": "Point", "coordinates": [ -34.937659070914997, -8.010163641550401 ] } },
{ "type": "Feature", "properties": { "value": "regulatory--maximum-speed-limit-50--g1", "speed": 50 }, "geometry": { "type": "Point", "coordinates": [ -34.938837335879001, -8.0132272171391 ] } },
{ "type": "Feature", "properties": { "value": "regulatory--maximum-speed-limit-50--g1", "speed": 50 }, "geometry": { "type": "Point", "coordinates": [ -34.938617198162, -8.0132569835248 ] } },
{ "type": "Feature", "properties": { "value": "regulatory--maximum-speed-limit-50--g1", "speed": 50 }, "geometry": { "type": "Point", "coordinates": [ -34.938764106558999, -8.0131537325717 ] } },
{ "type": "Feature", "properties": { "value": "regulatory--maximum-speed-limit-50--g1", "speed": 50 }, "geometry": { "type": "Point", "coordinates": [ -34.933132654867002, -8.088707877881401 ] } },
{ "type": "Feature", "properties": { "value": "regulatory--maximum-speed-limit-50--g1", "speed": 50 }, "geometry": { "type": "Point", "coordinates": [ -34.933584045167997, -8.0891369850139 ] } },
{ "type": "Feature", "properties": { "value": "regulatory--maximum-speed-limit-50--g1", "speed": 50 }, "geometry": { "type": "Point", "coordinates": [ -34.932487041949003, -8.088064823728301 ] } },
{ "type": "Feature", "properties": { "value": "regulatory--maximum-speed-limit-50--g1", "speed": 50 }, "geometry": { "type": "Point", "coordinates": [ -34.933574261051, -8.0801180059986 ] } },
{ "type": "Feature", "properties": { "value": "regulatory--maximum-speed-limit-50--g1", "speed": 50 }, "geometry": { "type": "Point", "coordinates": [ -34.936588462077999, -7.9932670101606 ] } },
{ "type": "Feature", "properties": { "value": "regulatory--maximum-speed-limit-50--g1", "speed": 50 }, "geometry": { "type": "Point", "coordinates": [ -34.888619952557001, -8.0762931824597 ] } },
{ "type": "Feature", "properties": { "value": "regulatory--maximum-speed-limit-50--g1", "speed": 50 }, "geometry": { "type": "Point", "coordinates": [ -34.938749136097002, -8.013082375944199 ] } },
{ "type": "Feature", "properties": { "value": "regulatory--maximum-speed-limit-50--g1", "speed": 50 }, "geometry": { "type": "Point", "coordinates": [ -34.93834953364, -8.0122986214764 ] } },
{ "type": "Feature", "properties": { "value": "regulatory--maximum-speed-limit-50--g1", "speed": 50 }, "geometry": { "type": "Point", "coordinates": [ -34.938467252621003, -8.012280161646901 ] } },
{ "type": "Feature", "properties": { "value": "regulatory--maximum-speed-limit-50--g1", "speed": 50 }, "geometry": { "type": "Point", "coordinates": [ -34.937623832099, -8.0100257007333 ] } },
{ "type": "Feature", "properties": { "value": "regulatory--maximum-speed-limit-50--g1", "speed": 50 }, "geometry": { "type": "Point", "coordinates": [ -34.937544068702003, -8.010059108680499 ] } },
{ "type": "Feature", "properties": { "value": "regulatory--maximum-speed-limit-50--g1", "speed": 50 }, "geometry": { "type": "Point", "coordinates": [ -34.938866817917003, -8.013081651747999 ] } },
{ "type": "Feature", "properties": { "value": "regulatory--maximum-speed-limit-50--g1", "speed": 50 }, "geometry": { "type": "Point", "coordinates": [ -34.932654127996997, -7.986051997784 ] } },
{ "type": "Feature", "properties": { "value": "regulatory--maximum-speed-limit-50--g1", "speed": 50 }, "geometry": { "type": "Point", "coordinates": [ -34.932480781507998, -7.9861076079958 ] } },
{ "type": "Feature", "properties": { "value": "regulatory--maximum-speed-limit-50--g1", "speed": 50 }, "geometry": { "type": "Point", "coordinates": [ -34.931986874488999, -7.9848336901212 ] } },
{ "type": "Feature", "properties": { "value": "regulatory--maximum-speed-limit-50--g1", "speed": 50 }, "geometry": { "type": "Point", "coordinates": [ -34.935422710845998, -8.0766361850765 ] } },
{ "type": "Feature", "properties": { "value": "regulatory--maximum-speed-limit-50--g1", "speed": 50 }, "geometry": { "type": "Point", "coordinates": [ -34.935320965869998, -8.076676867751701 ] } },
{ "type": "Feature", "properties": { "value": "regulatory--maximum-speed-limit-50--g1", "speed": 50 }, "geometry": { "type": "Point", "coordinates": [ -34.942959652634002, -8.0311042065323 ] } },
{ "type": "Feature", "properties": { "value": "regulatory--maximum-speed-limit-50--g1", "speed": 50 }, "geometry": { "type": "Point", "coordinates": [ -34.908810505574998, -8.053893716621801 ] } },
{ "type": "Feature", "properties": { "value": "regulatory--maximum-speed-limit-50--g1", "speed": 50 }, "geometry": { "type": "Point", "coordinates": [ -34.887276582760997, -8.043721895629 ] } },
{ "type": "Feature", "properties": { "value": "regulatory--maximum-speed-limit-50--g1", "speed": 50 }, "geometry": { "type": "Point", "coordinates": [ -34.932511944698, -7.9867978260045 ] } },
{ "type": "Feature", "properties": { "value": "regulatory--maximum-speed-limit-50--g1", "speed": 50 }, "geometry": { "type": "Point", "coordinates": [ -34.932595385051002, -7.986694082444 ] } },
{ "type": "Feature", "properties": { "value": "regulatory--maximum-speed-limit-50--g1", "speed": 50 }, "geometry": { "type": "Point", "coordinates": [ -34.941425605159999, -8.0352622818762 ] } },
{ "type": "Feature", "properties": { "value": "regulatory--maximum-speed-limit-50--g1", "speed": 50 }, "geometry": { "type": "Point", "coordinates": [ -34.942913060069003, -8.0257692716704 ] } },
{ "type": "Feature", "properties": { "value": "regulatory--maximum-speed-limit-50--g1", "speed": 50 }, "geometry": { "type": "Point", "coordinates": [ -34.939098328297, -7.9953851008294 ] } },
{ "type": "Feature", "properties": { "value": "regulatory--maximum-speed-limit-50--g1", "speed": 50 }, "geometry": { "type": "Point", "coordinates": [ -34.948157553168002, -8.107388680188301 ] } },
{ "type": "Feature", "properties": { "value": "regulatory--maximum-speed-limit-50--g1", "speed": 50 }, "geometry": { "type": "Point", "coordinates": [ -34.879699955862002, -8.0372584011645 ] } },
{ "type": "Feature", "properties": { "value": "regulatory--maximum-speed-limit-50--g1", "speed": 50 }, "geometry": { "type": "Point", "coordinates": [ -34.937661071434, -8.073690186188999 ] } },
{ "type": "Feature", "properties": { "value": "regulatory--maximum-speed-limit-50--g1", "speed": 50 }, "geometry": { "type": "Point", "coordinates": [ -34.937267894793003, -8.0741063986054 ] } },
{ "type": "Feature", "properties": { "value": "regulatory--maximum-speed-limit-50--g1", "speed": 50 }, "geometry": { "type": "Point", "coordinates": [ -34.942584667764002, -8.072227340021101 ] } },
{ "type": "Feature", "properties": { "value": "regulatory--maximum-speed-limit-50--g1", "speed": 50 }, "geometry": { "type": "Point", "coordinates": [ -34.945218481462, -8.1137831622804 ] } },
{ "type": "Feature", "properties": { "value": "regulatory--maximum-speed-limit-50--g1", "speed": 50 }, "geometry": { "type": "Point", "coordinates": [ -34.945272818558998, -8.113852103349 ] } },
{ "type": "Feature", "properties": { "value": "regulatory--maximum-speed-limit-50--g1", "speed": 50 }, "geometry": { "type": "Point", "coordinates": [ -34.945350803765002, -8.1135744595283 ] } },
{ "type": "Feature", "properties": { "value": "regulatory--maximum-speed-limit-50--g1", "speed": 50 }, "geometry": { "type": "Point", "coordinates": [ -34.937569323858, -8.0101756551169 ] } },
{ "type": "Feature", "properties": { "value": "regulatory--maximum-speed-limit-50--g1", "speed": 50 }, "geometry": { "type": "Point", "coordinates": [ -34.937676352278999, -8.010105663832 ] } },
{ "type": "Feature", "properties": { "value": "regulatory--maximum-speed-limit-50--g1", "speed": 50 }, "geometry": { "type": "Point", "coordinates": [ -34.943063129037, -8.079597229721999 ] } },
{ "type": "Feature", "properties": { "value": "regulatory--maximum-speed-limit-50--g1", "speed": 50 }, "geometry": { "type": "Point", "coordinates": [ -34.935613717839999, -8.0763824396844 ] } },
{ "type": "Feature", "properties": { "value": "regulatory--maximum-speed-limit-50--g1", "speed": 50 }, "geometry": { "type": "Point", "coordinates": [ -34.936481407495002, -8.0749552010477 ] } },
{ "type": "Feature", "properties": { "value": "regulatory--maximum-speed-limit-50--g1", "speed": 50 }, "geometry": { "type": "Point", "coordinates": [ -34.936574396083998, -8.0750283369928 ] } },
{ "type": "Feature", "properties": { "value": "regulatory--maximum-speed-limit-50--g1", "speed": 50 }, "geometry": { "type": "Point", "coordinates": [ -34.942967657064003, -8.077866310867099 ] } },
{ "type": "Feature", "properties": { "value": "regulatory--maximum-speed-limit-50--g1", "speed": 50 }, "geometry": { "type": "Point", "coordinates": [ -34.935500307502998, -8.0763577445602 ] } },
{ "type": "Feature", "properties": { "value": "regulatory--maximum-speed-limit-50--g1", "speed": 50 }, "geometry": { "type": "Point", "coordinates": [ -34.909043751106999, -8.120867262651201 ] } },
{ "type": "Feature", "properties": { "value": "regulatory--maximum-speed-limit-50--g1", "speed": 50 }, "geometry": { "type": "Point", "coordinates": [ -34.937738205019997, -8.010591434246599 ] } },
{ "type": "Feature", "properties": { "value": "regulatory--maximum-speed-limit-50--g1", "speed": 50 }, "geometry": { "type": "Point", "coordinates": [ -34.937584671233999, -8.0105440886894 ] } },
{ "type": "Feature", "properties": { "value": "regulatory--maximum-speed-limit-50--g1", "speed": 50 }, "geometry": { "type": "Point", "coordinates": [ -34.931346617408003, -7.9813330978502 ] } },
{ "type": "Feature", "properties": { "value": "regulatory--maximum-speed-limit-50--g1", "speed": 50 }, "geometry": { "type": "Point", "coordinates": [ -34.931855993766, -7.983506558391 ] } },
{ "type": "Feature", "properties": { "value": "regulatory--maximum-speed-limit-50--g1", "speed": 50 }, "geometry": { "type": "Point", "coordinates": [ -34.939185013936999, -8.0145864245863 ] } },
{ "type": "Feature", "properties": { "value": "regulatory--maximum-speed-limit-50--g1", "speed": 50 }, "geometry": { "type": "Point", "coordinates": [ -34.939295000377001, -8.014526833926 ] } },
{ "type": "Feature", "properties": { "value": "regulatory--maximum-speed-limit-50--g1", "speed": 50 }, "geometry": { "type": "Point", "coordinates": [ -34.929489762301998, -8.0167813621807 ] } },
{ "type": "Feature", "properties": { "value": "regulatory--maximum-speed-limit-50--g1", "speed": 50 }, "geometry": { "type": "Point", "coordinates": [ -34.933626776520001, -8.0804736026535 ] } },
{ "type": "Feature", "properties": { "value": "regulatory--maximum-speed-limit-50--g1", "speed": 50 }, "geometry": { "type": "Point", "coordinates": [ -34.933517506358001, -8.0804143740749 ] } },
{ "type": "Feature", "properties": { "value": "regulatory--maximum-speed-limit-50--g1", "speed": 50 }, "geometry": { "type": "Point", "coordinates": [ -34.926938088915001, -8.027926459825499 ] } },
{ "type": "Feature", "properties": { "value": "regulatory--maximum-speed-limit-50--g1", "speed": 50 }, "geometry": { "type": "Point", "coordinates": [ -34.937620442682999, -8.0113119026913 ] } },
{ "type": "Feature", "properties": { "value": "regulatory--maximum-speed-limit-50--g1", "speed": 50 }, "geometry": { "type": "Point", "coordinates": [ -34.895445700275999, -8.107842564072699 ] } },
{ "type": "Feature", "properties": { "value": "regulatory--maximum-speed-limit-50--g1", "speed": 50 }, "geometry": { "type": "Point", "coordinates": [ -34.94851926818, -8.1063850382727 ] } },
{ "type": "Feature", "properties": { "value": "regulatory--maximum-speed-limit-50--g1", "speed": 50 }, "geometry": { "type": "Point", "coordinates": [ -34.934830544576002, -7.9885726938372 ] } },
{ "type": "Feature", "properties": { "value": "regulatory--maximum-speed-limit-50--g1", "speed": 50 }, "geometry": { "type": "Point", "coordinates": [ -34.938243009833002, -8.072861862215399 ] } },
{ "type": "Feature", "properties": { "value": "regulatory--maximum-speed-limit-50--g1", "speed": 50 }, "geometry": { "type": "Point", "coordinates": [ -34.938144041164001, -8.0728073683758 ] } },
{ "type": "Feature", "properties": { "value": "regulatory--maximum-speed-limit-50--g1", "speed": 50 }, "geometry": { "type": "Point", "coordinates": [ -34.932439987058999, -7.9866725275809 ] } },
{ "type": "Feature", "properties": { "value": "regulatory--maximum-speed-limit-50--g1", "speed": 50 }, "geometry": { "type": "Point", "coordinates": [ -34.938100620337998, -7.9940787760594 ] } },
{ "type": "Feature", "properties": { "value": "regulatory--maximum-speed-limit-50--g1", "speed": 50 }, "geometry": { "type": "Point", "coordinates": [ -34.939032710916003, -7.9952967438727 ] } },
{ "type": "Feature", "properties": { "value": "regulatory--maximum-speed-limit-50--g1", "speed": 50 }, "geometry": { "type": "Point", "coordinates": [ -34.945601292881001, -8.049805280181801 ] } },
{ "type": "Feature", "properties": { "value": "regulatory--maximum-speed-limit-50--g1", "speed": 50 }, "geometry": { "type": "Point", "coordinates": [ -34.934693232824998, -7.9884306214296 ] } },
{ "type": "Feature", "properties": { "value": "regulatory--maximum-speed-limit-50--g1", "speed": 50 }, "geometry": { "type": "Point", "coordinates": [ -34.934638680698001, -7.9884907899375 ] } },
{ "type": "Feature", "properties": { "value": "regulatory--maximum-speed-limit-50--g1", "speed": 50 }, "geometry": { "type": "Point", "coordinates": [ -34.948988603516, -8.095190914227199 ] } },
{ "type": "Feature", "properties": { "value": "regulatory--maximum-speed-limit-50--g1", "speed": 50 }, "geometry": { "type": "Point", "coordinates": [ -34.959781801440002, -8.0915080242925 ] } },
{ "type": "Feature", "properties": { "value": "regulatory--maximum-speed-limit-50--g1", "speed": 50 }, "geometry": { "type": "Point", "coordinates": [ -34.889458417656002, -8.014290467491101 ] } },
{ "type": "Feature", "properties": { "value": "regulatory--maximum-speed-limit-50--g1", "speed": 50 }, "geometry": { "type": "Point", "coordinates": [ -34.931693832366001, -7.984250309456 ] } },
{ "type": "Feature", "properties": { "value": "regulatory--maximum-speed-limit-50--g1", "speed": 50 }, "geometry": { "type": "Point", "coordinates": [ -34.931585531403996, -7.9842326837435 ] } },
{ "type": "Feature", "properties": { "value": "regulatory--maximum-speed-limit-50--g1", "speed": 50 }, "geometry": { "type": "Point", "coordinates": [ -34.946782082299002, -8.108788482694299 ] } },
{ "type": "Feature", "properties": { "value": "regulatory--maximum-speed-limit-50--g1", "speed": 50 }, "geometry": { "type": "Point", "coordinates": [ -34.947673925537998, -8.1078897544438 ] } },
{ "type": "Feature", "properties": { "value": "regulatory--maximum-speed-limit-50--g1", "speed": 50 }, "geometry": { "type": "Point", "coordinates": [ -34.947604113002001, -8.1082377658939 ] } },
{ "type": "Feature", "properties": { "value": "regulatory--maximum-speed-limit-50--g1", "speed": 50 }, "geometry": { "type": "Point", "coordinates": [ -34.947836624183999, -8.107752253317001 ] } },
{ "type": "Feature", "properties": { "value": "regulatory--maximum-speed-limit-50--g1", "speed": 50 }, "geometry": { "type": "Point", "coordinates": [ -34.909404853513998, -8.121994472480599 ] } },
{ "type": "Feature", "properties": { "value": "regulatory--maximum-speed-limit-50--g1", "speed": 50 }, "geometry": { "type": "Point", "coordinates": [ -34.909296837706997, -8.121748913140401 ] } },
{ "type": "Feature", "properties": { "value": "regulatory--maximum-speed-limit-50--g1", "speed": 50 }, "geometry": { "type": "Point", "coordinates": [ -34.931551698203997, -7.9812757389769 ] } },
{ "type": "Feature", "properties": { "value": "regulatory--maximum-speed-limit-50--g1", "speed": 50 }, "geometry": { "type": "Point", "coordinates": [ -34.949846423697998, -8.0974151951848 ] } },
{ "type": "Feature", "properties": { "value": "regulatory--maximum-speed-limit-50--g1", "speed": 50 }, "geometry": { "type": "Point", "coordinates": [ -34.944044328023999, -8.1283925303276 ] } },
{ "type": "Feature", "properties": { "value": "regulatory--maximum-speed-limit-50--g1", "speed": 50 }, "geometry": { "type": "Point", "coordinates": [ -34.944173422246003, -8.1283811769626 ] } },
{ "type": "Feature", "properties": { "value": "regulatory--maximum-speed-limit-50--g1", "speed": 50 }, "geometry": { "type": "Point", "coordinates": [ -34.95474828863, -8.109002783581399 ] } },
{ "type": "Feature", "properties": { "value": "regulatory--maximum-speed-limit-50--g1", "speed": 50 }, "geometry": { "type": "Point", "coordinates": [ -34.932729725133001, -7.9857116139808 ] } },
{ "type": "Feature", "properties": { "value": "regulatory--maximum-speed-limit-50--g1", "speed": 50 }, "geometry": { "type": "Point", "coordinates": [ -34.932863814845, -7.9857928496036 ] } },
{ "type": "Feature", "properties": { "value": "regulatory--maximum-speed-limit-50--g1", "speed": 50 }, "geometry": { "type": "Point", "coordinates": [ -34.946972776564998, -8.1091334304933 ] } },
{ "type": "Feature", "properties": { "value": "regulatory--maximum-speed-limit-50--g1", "speed": 50 }, "geometry": { "type": "Point", "coordinates": [ -34.941972007815998, -8.018237348331199 ] } },
{ "type": "Feature", "properties": { "value": "regulatory--maximum-speed-limit-50--g1", "speed": 50 }, "geometry": { "type": "Point", "coordinates": [ -34.950146518002001, -8.097297834364401 ] } },
{ "type": "Feature", "properties": { "value": "regulatory--maximum-speed-limit-50--g1", "speed": 50 }, "geometry": { "type": "Point", "coordinates": [ -34.950332734318003, -8.0974598771699 ] } },
{ "type": "Feature", "properties": { "value": "regulatory--maximum-speed-limit-50--g1", "speed": 50 }, "geometry": { "type": "Point", "coordinates": [ -34.950023991094, -8.097346962551899 ] } },
{ "type": "Feature", "properties": { "value": "regulatory--maximum-speed-limit-50--g1", "speed": 50 }, "geometry": { "type": "Point", "coordinates": [ -34.947071327251003, -8.0898756863496 ] } },
{ "type": "Feature", "properties": { "value": "regulatory--maximum-speed-limit-50--g1", "speed": 50 }, "geometry": { "type": "Point", "coordinates": [ -34.946969495935001, -8.089917753279 ] } },
{ "type": "Feature", "properties": { "value": "regulatory--maximum-speed-limit-50--g1", "speed": 50 }, "geometry": { "type": "Point", "coordinates": [ -34.943224681552003, -8.0819673797573 ] } },
{ "type": "Feature", "properties": { "value": "regulatory--maximum-speed-limit-50--g1", "speed": 50 }, "geometry": { "type": "Point", "coordinates": [ -34.943251376104001, -8.0823739551291 ] } },
{ "type": "Feature", "properties": { "value": "regulatory--maximum-speed-limit-50--g1", "speed": 50 }, "geometry": { "type": "Point", "coordinates": [ -34.942939553519999, -8.0795786380588 ] } },
{ "type": "Feature", "properties": { "value": "regulatory--maximum-speed-limit-50--g1", "speed": 50 }, "geometry": { "type": "Point", "coordinates": [ -34.943063119682002, -8.079500644230601 ] } },
{ "type": "Feature", "properties": { "value": "regulatory--maximum-speed-limit-50--g1", "speed": 50 }, "geometry": { "type": "Point", "coordinates": [ -34.943046106510003, -8.0294496211788 ] } },
{ "type": "Feature", "properties": { "value": "regulatory--maximum-speed-limit-50--g1", "speed": 50 }, "geometry": { "type": "Point", "coordinates": [ -34.942919459919999, -8.029354422722401 ] } },
{ "type": "Feature", "properties": { "value": "regulatory--maximum-speed-limit-50--g1", "speed": 50 }, "geometry": { "type": "Point", "coordinates": [ -34.942891467156002, -8.029448804400401 ] } },
{ "type": "Feature", "properties": { "value": "regulatory--maximum-speed-limit-50--g1", "speed": 50 }, "geometry": { "type": "Point", "coordinates": [ -34.949902705501998, -8.0969447582032 ] } },
{ "type": "Feature", "properties": { "value": "regulatory--maximum-speed-limit-50--g1", "speed": 50 }, "geometry": { "type": "Point", "coordinates": [ -34.949854639835003, -8.0969655885722 ] } },
{ "type": "Feature", "properties": { "value": "regulatory--maximum-speed-limit-50--g1", "speed": 50 }, "geometry": { "type": "Point", "coordinates": [ -34.948864845914997, -8.105172733757801 ] } },
{ "type": "Feature", "properties": { "value": "regulatory--maximum-speed-limit-50--g1", "speed": 50 }, "geometry": { "type": "Point", "coordinates": [ -34.947159829863999, -8.1088732008331 ] } },
{ "type": "Feature", "properties": { "value": "regulatory--maximum-speed-limit-50--g1", "speed": 50 }, "geometry": { "type": "Point", "coordinates": [ -34.947856512603998, -8.107646650372301 ] } },
{ "type": "Feature", "properties": { "value": "regulatory--maximum-speed-limit-50--g1", "speed": 50 }, "geometry": { "type": "Point", "coordinates": [ -34.947646443098002, -8.107530066621001 ] } },
{ "type": "Feature", "properties": { "value": "regulatory--maximum-speed-limit-50--g1", "speed": 50 }, "geometry": { "type": "Point", "coordinates": [ -34.948712967002997, -8.106185489127499 ] } },
{ "type": "Feature", "properties": { "value": "regulatory--maximum-speed-limit-50--g1", "speed": 50 }, "geometry": { "type": "Point", "coordinates": [ -34.945650243827998, -8.1120244923019 ] } },
{ "type": "Feature", "properties": { "value": "regulatory--maximum-speed-limit-50--g1", "speed": 50 }, "geometry": { "type": "Point", "coordinates": [ -34.945736363508999, -8.112068562857599 ] } },
{ "type": "Feature", "properties": { "value": "regulatory--maximum-speed-limit-50--g1", "speed": 50 }, "geometry": { "type": "Point", "coordinates": [ -34.948397207859998, -8.1063623748088 ] } },
{ "type": "Feature", "properties": { "value": "regulatory--maximum-speed-limit-50--g1", "speed": 50 }, "geometry": { "type": "Point", "coordinates": [ -34.938006734515, -7.9941372418087 ] } },
{ "type": "Feature", "properties": { "value": "regulatory--maximum-speed-limit-50--g1", "speed": 50 }, "geometry": { "type": "Point", "coordinates": [ -34.937734143268997, -8.073349091007101 ] } },
{ "type": "Feature", "properties": { "value": "regulatory--maximum-speed-limit-50--g1", "speed": 50 }, "geometry": { "type": "Point", "coordinates": [ -34.942920292651998, -8.0298665076816 ] } },
{ "type": "Feature", "properties": { "value": "regulatory--maximum-speed-limit-50--g1", "speed": 50 }, "geometry": { "type": "Point", "coordinates": [ -34.945398619271003, -8.085432204176501 ] } },
{ "type": "Feature", "properties": { "value": "regulatory--maximum-speed-limit-50--g1", "speed": 50 }, "geometry": { "type": "Point", "coordinates": [ -34.945494764365002, -8.085360992661499 ] } },
{ "type": "Feature", "properties": { "value": "regulatory--maximum-speed-limit-50--g1", "speed": 50 }, "geometry": { "type": "Point", "coordinates": [ -34.945925947550002, -8.085904744079899 ] } },
{ "type": "Feature", "properties": { "value": "regulatory--maximum-speed-limit-50--g1", "speed": 50 }, "geometry": { "type": "Point", "coordinates": [ -34.936991394121002, -7.9925058579847 ] } },
{ "type": "Feature", "properties": { "value": "regulatory--maximum-speed-limit-50--g1", "speed": 50 }, "geometry": { "type": "Point", "coordinates": [ -34.898116144745003, -8.059532086780999 ] } },
{ "type": "Feature", "properties": { "value": "regulatory--maximum-speed-limit-50--g1", "speed": 50 }, "geometry": { "type": "Point", "coordinates": [ -34.898081830815997, -8.059512313837301 ] } },
{ "type": "Feature", "properties": { "value": "regulatory--maximum-speed-limit-50--g1", "speed": 50 }, "geometry": { "type": "Point", "coordinates": [ -34.897934115699996, -8.061295830934901 ] } },
{ "type": "Feature", "properties": { "value": "regulatory--maximum-speed-limit-50--g1", "speed": 50 }, "geometry": { "type": "Point", "coordinates": [ -34.947933840836001, -8.107383987073099 ] } },
{ "type": "Feature", "properties": { "value": "regulatory--maximum-speed-limit-50--g1", "speed": 50 }, "geometry": { "type": "Point", "coordinates": [ -34.946866634614999, -8.109088737849399 ] } },
{ "type": "Feature", "properties": { "value": "regulatory--maximum-speed-limit-50--g1", "speed": 50 }, "geometry": { "type": "Point", "coordinates": [ -34.889254222933999, -8.013833582262899 ] } },
{ "type": "Feature", "properties": { "value": "regulatory--maximum-speed-limit-50--g1", "speed": 50 }, "geometry": { "type": "Point", "coordinates": [ -34.889317263697997, -8.0133158699331 ] } },
{ "type": "Feature", "properties": { "value": "regulatory--maximum-speed-limit-50--g1", "speed": 50 }, "geometry": { "type": "Point", "coordinates": [ -34.943106177562001, -8.081927172871801 ] } },
{ "type": "Feature", "properties": { "value": "regulatory--maximum-speed-limit-50--g1", "speed": 50 }, "geometry": { "type": "Point", "coordinates": [ -34.938405170647997, -7.9949994055467 ] } },
{ "type": "Feature", "properties": { "value": "regulatory--maximum-speed-limit-50--g1", "speed": 50 }, "geometry": { "type": "Point", "coordinates": [ -34.938890937190997, -7.9956559844065 ] } },
{ "type": "Feature", "properties": { "value": "regulatory--maximum-speed-limit-50--g1", "speed": 50 }, "geometry": { "type": "Point", "coordinates": [ -34.892287270708998, -8.031172344924901 ] } },
{ "type": "Feature", "properties": { "value": "regulatory--maximum-speed-limit-50--g1", "speed": 50 }, "geometry": { "type": "Point", "coordinates": [ -34.938950038469997, -7.9957772015134 ] } },
{ "type": "Feature", "properties": { "value": "regulatory--maximum-speed-limit-50--g1", "speed": 50 }, "geometry": { "type": "Point", "coordinates": [ -34.943113698696003, -8.0820182930385 ] } },
{ "type": "Feature", "properties": { "value": "regulatory--maximum-speed-limit-50--g1", "speed": 50 }, "geometry": { "type": "Point", "coordinates": [ -34.945408796452, -8.085124268519699 ] } },
{ "type": "Feature", "properties": { "value": "regulatory--maximum-speed-limit-50--g1", "speed": 50 }, "geometry": { "type": "Point", "coordinates": [ -34.946359572935997, -8.0867908566669 ] } },
{ "type": "Feature", "properties": { "value": "regulatory--maximum-speed-limit-50--g1", "speed": 50 }, "geometry": { "type": "Point", "coordinates": [ -34.949027010492998, -8.095302490520501 ] } },
{ "type": "Feature", "properties": { "value": "regulatory--maximum-speed-limit-50--g1", "speed": 50 }, "geometry": { "type": "Point", "coordinates": [ -34.949750694396002, -8.0965600174197 ] } },
{ "type": "Feature", "properties": { "value": "regulatory--maximum-speed-limit-50--g1", "speed": 50 }, "geometry": { "type": "Point", "coordinates": [ -34.934836120168001, -7.9887501956349 ] } },
{ "type": "Feature", "properties": { "value": "regulatory--maximum-speed-limit-50--g1", "speed": 50 }, "geometry": { "type": "Point", "coordinates": [ -34.937680099886002, -8.0102197053324 ] } },
{ "type": "Feature", "properties": { "value": "regulatory--maximum-speed-limit-50--g1", "speed": 50 }, "geometry": { "type": "Point", "coordinates": [ -34.938273087066001, -8.0118598495963 ] } },
{ "type": "Feature", "properties": { "value": "regulatory--maximum-speed-limit-50--g1", "speed": 50 }, "geometry": { "type": "Point", "coordinates": [ -34.902686933390001, -8.079597945675699 ] } },
{ "type": "Feature", "properties": { "value": "regulatory--maximum-speed-limit-50--g1", "speed": 50 }, "geometry": { "type": "Point", "coordinates": [ -34.943935782814002, -8.0441431957332 ] } },
{ "type": "Feature", "properties": { "value": "regulatory--maximum-speed-limit-50--g1", "speed": 50 }, "geometry": { "type": "Point", "coordinates": [ -34.885223607127998, -8.0887363274022 ] } },
{ "type": "Feature", "properties": { "value": "regulatory--maximum-speed-limit-50--g1", "speed": 50 }, "geometry": { "type": "Point", "coordinates": [ -34.937845774152997, -8.0110562725137 ] } },
{ "type": "Feature", "properties": { "value": "regulatory--maximum-speed-limit-50--g1", "speed": 50 }, "geometry": { "type": "Point", "coordinates": [ -34.877433135898002, -8.0676283750688 ] } },
{ "type": "Feature", "properties": { "value": "regulatory--maximum-speed-limit-50--g1", "speed": 50 }, "geometry": { "type": "Point", "coordinates": [ -34.931900609781003, -7.9845293128349 ] } },
{ "type": "Feature", "properties": { "value": "regulatory--maximum-speed-limit-50--g1", "speed": 50 }, "geometry": { "type": "Point", "coordinates": [ -34.932444382832998, -7.9860249083248 ] } },
{ "type": "Feature", "properties": { "value": "regulatory--maximum-speed-limit-50--g1", "speed": 50 }, "geometry": { "type": "Point", "coordinates": [ -34.932510097150001, -7.9859171982879 ] } },
{ "type": "Feature", "properties": { "value": "regulatory--maximum-speed-limit-50--g1", "speed": 50 }, "geometry": { "type": "Point", "coordinates": [ -34.932534788399003, -7.986470339415 ] } },
{ "type": "Feature", "properties": { "value": "regulatory--maximum-speed-limit-50--g1", "speed": 50 }, "geometry": { "type": "Point", "coordinates": [ -34.888918418815997, -8.104130329356799 ] } },
{ "type": "Feature", "properties": { "value": "regulatory--maximum-speed-limit-50--g1", "speed": 50 }, "geometry": { "type": "Point", "coordinates": [ -34.889039555061998, -8.1041121520028 ] } },
{ "type": "Feature", "properties": { "value": "regulatory--maximum-speed-limit-50--g1", "speed": 50 }, "geometry": { "type": "Point", "coordinates": [ -34.891577082578998, -8.080454601179399 ] } },
{ "type": "Feature", "properties": { "value": "regulatory--maximum-speed-limit-50--g1", "speed": 50 }, "geometry": { "type": "Point", "coordinates": [ -34.879570217329999, -8.072403513671 ] } },
{ "type": "Feature", "properties": { "value": "regulatory--maximum-speed-limit-50--g1", "speed": 50 }, "geometry": { "type": "Point", "coordinates": [ -34.937849260801997, -8.006295098302401 ] } },
{ "type": "Feature", "properties": { "value": "regulatory--maximum-speed-limit-50--g1", "speed": 50 }, "geometry": { "type": "Point", "coordinates": [ -34.931663239636997, -7.9816248630872 ] } },
{ "type": "Feature", "properties": { "value": "regulatory--maximum-speed-limit-50--g1", "speed": 50 }, "geometry": { "type": "Point", "coordinates": [ -34.904435320772997, -8.0259948509023 ] } },
{ "type": "Feature", "properties": { "value": "regulatory--maximum-speed-limit-50--g1", "speed": 50 }, "geometry": { "type": "Point", "coordinates": [ -34.895293759917998, -8.051552282010601 ] } },
{ "type": "Feature", "properties": { "value": "regulatory--maximum-speed-limit-50--g1", "speed": 50 }, "geometry": { "type": "Point", "coordinates": [ -34.939000044060002, -7.9956021712721 ] } },
{ "type": "Feature", "properties": { "value": "regulatory--maximum-speed-limit-50--g1", "speed": 50 }, "geometry": { "type": "Point", "coordinates": [ -34.929717896047002, -8.0271581413209 ] } },
{ "type": "Feature", "properties": { "value": "regulatory--maximum-speed-limit-50--g1", "speed": 50 }, "geometry": { "type": "Point", "coordinates": [ -34.9059835443, -8.053290380004601 ] } },
{ "type": "Feature", "properties": { "value": "regulatory--maximum-speed-limit-50--g1", "speed": 50 }, "geometry": { "type": "Point", "coordinates": [ -34.893145476649003, -8.027379669576099 ] } },
{ "type": "Feature", "properties": { "value": "regulatory--maximum-speed-limit-50--g1", "speed": 50 }, "geometry": { "type": "Point", "coordinates": [ -34.955757665973003, -8.0714562434674 ] } },
{ "type": "Feature", "properties": { "value": "regulatory--maximum-speed-limit-50--g1", "speed": 50 }, "geometry": { "type": "Point", "coordinates": [ -34.908844719594001, -8.0548207902408 ] } },
{ "type": "Feature", "properties": { "value": "regulatory--maximum-speed-limit-50--g1", "speed": 50 }, "geometry": { "type": "Point", "coordinates": [ -34.937371961916, -7.9933714456982 ] } },
{ "type": "Feature", "properties": { "value": "regulatory--maximum-speed-limit-50--g1", "speed": 50 }, "geometry": { "type": "Point", "coordinates": [ -34.937717383623998, -8.011242539649 ] } },
{ "type": "Feature", "properties": { "value": "regulatory--maximum-speed-limit-50--g1", "speed": 50 }, "geometry": { "type": "Point", "coordinates": [ -34.941203685258003, -8.0359683844641 ] } },
{ "type": "Feature", "properties": { "value": "regulatory--maximum-speed-limit-50--g1", "speed": 50 }, "geometry": { "type": "Point", "coordinates": [ -34.946721277458998, -8.086839250678199 ] } },
{ "type": "Feature", "properties": { "value": "regulatory--maximum-speed-limit-50--g1", "speed": 50 }, "geometry": { "type": "Point", "coordinates": [ -34.946646424111002, -8.086863107248099 ] } },
{ "type": "Feature", "properties": { "value": "regulatory--maximum-speed-limit-50--g1", "speed": 50 }, "geometry": { "type": "Point", "coordinates": [ -34.939340599558001, -8.014676315750901 ] } },
{ "type": "Feature", "properties": { "value": "regulatory--maximum-speed-limit-50--g1", "speed": 50 }, "geometry": { "type": "Point", "coordinates": [ -34.887821321097, -8.043994258656699 ] } },
{ "type": "Feature", "properties": { "value": "regulatory--maximum-speed-limit-50--g1", "speed": 50 }, "geometry": { "type": "Point", "coordinates": [ -34.938377147272, -8.0123680923832 ] } },
{ "type": "Feature", "properties": { "value": "regulatory--maximum-speed-limit-50--g1", "speed": 50 }, "geometry": { "type": "Point", "coordinates": [ -34.946858200690002, -8.091310651971799 ] } },
{ "type": "Feature", "properties": { "value": "regulatory--maximum-speed-limit-50--g1", "speed": 50 }, "geometry": { "type": "Point", "coordinates": [ -34.939376058618002, -8.0144581185194 ] } },
{ "type": "Feature", "properties": { "value": "regulatory--maximum-speed-limit-50--g1", "speed": 50 }, "geometry": { "type": "Point", "coordinates": [ -34.932344608484001, -7.9855655112504 ] } },
{ "type": "Feature", "properties": { "value": "regulatory--maximum-speed-limit-50--g1", "speed": 50 }, "geometry": { "type": "Point", "coordinates": [ -34.927013269005002, -8.1075775350649 ] } },
{ "type": "Feature", "properties": { "value": "regulatory--maximum-speed-limit-50--g1", "speed": 50 }, "geometry": { "type": "Point", "coordinates": [ -34.949679009019, -8.0965968934494 ] } },
{ "type": "Feature", "properties": { "value": "regulatory--maximum-speed-limit-50--g1", "speed": 50 }, "geometry": { "type": "Point", "coordinates": [ -34.949744277204999, -8.097088466454901 ] } },
{ "type": "Feature", "properties": { "value": "regulatory--maximum-speed-limit-50--g1", "speed": 50 }, "geometry": { "type": "Point", "coordinates": [ -34.949567020281997, -8.0966587714383 ] } },
{ "type": "Feature", "properties": { "value": "regulatory--maximum-speed-limit-50--g1", "speed": 50 }, "geometry": { "type": "Point", "coordinates": [ -34.947244768205998, -8.133516245788201 ] } },
{ "type": "Feature", "properties": { "value": "regulatory--maximum-speed-limit-50--g1", "speed": 50 }, "geometry": { "type": "Point", "coordinates": [ -34.947430584826002, -8.1339645181772 ] } },
{ "type": "Feature", "properties": { "value": "regulatory--maximum-speed-limit-50--g1", "speed": 50 }, "geometry": { "type": "Point", "coordinates": [ -34.878619142456998, -8.0398701691537 ] } },
{ "type": "Feature", "properties": { "value": "regulatory--maximum-speed-limit-50--g1", "speed": 50 }, "geometry": { "type": "Point", "coordinates": [ -34.934984285200002, -7.9896253891141 ] } },
{ "type": "Feature", "properties": { "value": "regulatory--maximum-speed-limit-50--g1", "speed": 50 }, "geometry": { "type": "Point", "coordinates": [ -34.935042595159999, -7.9894909545162 ] } },
{ "type": "Feature", "properties": { "value": "regulatory--maximum-speed-limit-50--g1", "speed": 50 }, "geometry": { "type": "Point", "coordinates": [ -34.926345621872002, -8.083918445314399 ] } },
{ "type": "Feature", "properties": { "value": "regulatory--maximum-speed-limit-50--g1", "speed": 50 }, "geometry": { "type": "Point", "coordinates": [ -34.894925572510999, -8.051421297686201 ] } },
{ "type": "Feature", "properties": { "value": "regulatory--maximum-speed-limit-50--g1", "speed": 50 }, "geometry": { "type": "Point", "coordinates": [ -34.943882805518001, -8.1165412455814 ] } },
{ "type": "Feature", "properties": { "value": "regulatory--maximum-speed-limit-50--g1", "speed": 50 }, "geometry": { "type": "Point", "coordinates": [ -34.943990789303001, -8.116588993225401 ] } },
{ "type": "Feature", "properties": { "value": "regulatory--maximum-speed-limit-50--g1", "speed": 50 }, "geometry": { "type": "Point", "coordinates": [ -34.932404084737001, -7.9857492825606 ] } },
{ "type": "Feature", "properties": { "value": "regulatory--maximum-speed-limit-50--g1", "speed": 50 }, "geometry": { "type": "Point", "coordinates": [ -34.932321292731999, -7.9858225107485 ] } },
{ "type": "Feature", "properties": { "value": "regulatory--maximum-speed-limit-50--g1", "speed": 50 }, "geometry": { "type": "Point", "coordinates": [ -34.942797234376997, -8.0777549721042 ] } },
{ "type": "Feature", "properties": { "value": "regulatory--maximum-speed-limit-50--g1", "speed": 50 }, "geometry": { "type": "Point", "coordinates": [ -34.942917861090002, -8.077696886054699 ] } },
{ "type": "Feature", "properties": { "value": "regulatory--maximum-speed-limit-50--g1", "speed": 50 }, "geometry": { "type": "Point", "coordinates": [ -34.911350183021, -8.080229819162 ] } },
{ "type": "Feature", "properties": { "value": "regulatory--maximum-speed-limit-50--g1", "speed": 50 }, "geometry": { "type": "Point", "coordinates": [ -34.942921937855999, -8.0294747030884 ] } },
{ "type": "Feature", "properties": { "value": "regulatory--maximum-speed-limit-50--g1", "speed": 50 }, "geometry": { "type": "Point", "coordinates": [ -34.938151258845998, -8.0119240480823 ] } },
{ "type": "Feature", "properties": { "value": "regulatory--maximum-speed-limit-50--g1", "speed": 50 }, "geometry": { "type": "Point", "coordinates": [ -34.938192895218997, -8.0117775051138 ] } },
{ "type": "Feature", "properties": { "value": "regulatory--maximum-speed-limit-50--g1", "speed": 50 }, "geometry": { "type": "Point", "coordinates": [ -34.943040888082002, -8.0292952603928 ] } },
{ "type": "Feature", "properties": { "value": "regulatory--maximum-speed-limit-50--g1", "speed": 50 }, "geometry": { "type": "Point", "coordinates": [ -34.942810862103002, -8.0292971623675 ] } },
{ "type": "Feature", "properties": { "value": "regulatory--maximum-speed-limit-50--g1", "speed": 50 }, "geometry": { "type": "Point", "coordinates": [ -34.946702922867999, -8.0871560789749 ] } },
{ "type": "Feature", "properties": { "value": "regulatory--maximum-speed-limit-50--g1", "speed": 50 }, "geometry": { "type": "Point", "coordinates": [ -34.946582873375, -8.087175782304101 ] } },
{ "type": "Feature", "properties": { "value": "regulatory--maximum-speed-limit-50--g1", "speed": 50 }, "geometry": { "type": "Point", "coordinates": [ -34.903007102720998, -8.032703518419201 ] } },
{ "type": "Feature", "properties": { "value": "regulatory--maximum-speed-limit-50--g1", "speed": 50 }, "geometry": { "type": "Point", "coordinates": [ -34.948423805010997, -8.1053400023342 ] } },
{ "type": "Feature", "properties": { "value": "regulatory--maximum-speed-limit-50--g1", "speed": 50 }, "geometry": { "type": "Point", "coordinates": [ -34.945564010349997, -8.0498669191365 ] } },
{ "type": "Feature", "properties": { "value": "regulatory--maximum-speed-limit-50--g1", "speed": 50 }, "geometry": { "type": "Point", "coordinates": [ -34.945494707755998, -8.049883227152399 ] } },
{ "type": "Feature", "properties": { "value": "regulatory--maximum-speed-limit-50--g1", "speed": 50 }, "geometry": { "type": "Point", "coordinates": [ -34.945654235390997, -8.049986710706699 ] } },
{ "type": "Feature", "properties": { "value": "regulatory--maximum-speed-limit-50--g1", "speed": 50 }, "geometry": { "type": "Point", "coordinates": [ -34.932304933247003, -7.9857601480536 ] } },
{ "type": "Feature", "properties": { "value": "regulatory--maximum-speed-limit-50--g1", "speed": 50 }, "geometry": { "type": "Point", "coordinates": [ -34.932374407786, -7.985680961995 ] } },
{ "type": "Feature", "properties": { "value": "regulatory--maximum-speed-limit-50--g1", "speed": 50 }, "geometry": { "type": "Point", "coordinates": [ -34.945543042418997, -8.049952036955 ] } },
{ "type": "Feature", "properties": { "value": "regulatory--maximum-speed-limit-50--g1", "speed": 50 }, "geometry": { "type": "Point", "coordinates": [ -34.909317454473999, -8.1214587393745 ] } },
{ "type": "Feature", "properties": { "value": "regulatory--maximum-speed-limit-50--g1", "speed": 50 }, "geometry": { "type": "Point", "coordinates": [ -34.933635428674997, -7.9878782770635 ] } },
{ "type": "Feature", "properties": { "value": "regulatory--maximum-speed-limit-50--g1", "speed": 50 }, "geometry": { "type": "Point", "coordinates": [ -34.933529526588003, -7.9879367009131 ] } },
{ "type": "Feature", "properties": { "value": "regulatory--maximum-speed-limit-50--g1", "speed": 50 }, "geometry": { "type": "Point", "coordinates": [ -34.904240039934002, -8.115738972982101 ] } },
{ "type": "Feature", "properties": { "value": "regulatory--maximum-speed-limit-50--g1", "speed": 50 }, "geometry": { "type": "Point", "coordinates": [ -34.904047464370997, -8.115537956666801 ] } },
{ "type": "Feature", "properties": { "value": "regulatory--maximum-speed-limit-50--g1", "speed": 50 }, "geometry": { "type": "Point", "coordinates": [ -34.889340652343002, -8.0113542283597 ] } },
{ "type": "Feature", "properties": { "value": "regulatory--maximum-speed-limit-50--g1", "speed": 50 }, "geometry": { "type": "Point", "coordinates": [ -34.943133186748, -8.0802315967612 ] } },
{ "type": "Feature", "properties": { "value": "regulatory--maximum-speed-limit-50--g1", "speed": 50 }, "geometry": { "type": "Point", "coordinates": [ -34.942954378071001, -8.080211206728499 ] } },
{ "type": "Feature", "properties": { "value": "regulatory--maximum-speed-limit-50--g1", "speed": 50 }, "geometry": { "type": "Point", "coordinates": [ -34.904879309606997, -8.1168018021745 ] } },
{ "type": "Feature", "properties": { "value": "regulatory--maximum-speed-limit-50--g1", "speed": 50 }, "geometry": { "type": "Point", "coordinates": [ -34.946761282902997, -8.0889238732266 ] } },
{ "type": "Feature", "properties": { "value": "regulatory--maximum-speed-limit-50--g1", "speed": 50 }, "geometry": { "type": "Point", "coordinates": [ -34.933698032373002, -7.987874807493 ] } },
{ "type": "Feature", "properties": { "value": "regulatory--maximum-speed-limit-50--g1", "speed": 50 }, "geometry": { "type": "Point", "coordinates": [ -34.933565321627, -7.987946874376 ] } },
{ "type": "Feature", "properties": { "value": "regulatory--maximum-speed-limit-50--g1", "speed": 50 }, "geometry": { "type": "Point", "coordinates": [ -34.943218645606997, -8.0805973214019 ] } },
{ "type": "Feature", "properties": { "value": "regulatory--maximum-speed-limit-50--g1", "speed": 50 }, "geometry": { "type": "Point", "coordinates": [ -34.943328602838001, -8.0805879653077 ] } },
{ "type": "Feature", "properties": { "value": "regulatory--maximum-speed-limit-50--g1", "speed": 50 }, "geometry": { "type": "Point", "coordinates": [ -34.946975053343003, -8.0912991835642 ] } },
{ "type": "Feature", "properties": { "value": "regulatory--maximum-speed-limit-50--g1", "speed": 50 }, "geometry": { "type": "Point", "coordinates": [ -34.950117199989002, -8.098895616478201 ] } },
{ "type": "Feature", "properties": { "value": "regulatory--maximum-speed-limit-50--g1", "speed": 50 }, "geometry": { "type": "Point", "coordinates": [ -34.950003115476001, -8.098889053144999 ] } },
{ "type": "Feature", "properties": { "value": "regulatory--maximum-speed-limit-50--g1", "speed": 50 }, "geometry": { "type": "Point", "coordinates": [ -34.937894599091997, -7.9937692800769 ] } },
{ "type": "Feature", "properties": { "value": "regulatory--maximum-speed-limit-50--g1", "speed": 50 }, "geometry": { "type": "Point", "coordinates": [ -34.928756978029, -8.0849808577118 ] } },
{ "type": "Feature", "properties": { "value": "regulatory--maximum-speed-limit-50--g1", "speed": 50 }, "geometry": { "type": "Point", "coordinates": [ -34.946827804591997, -8.089900306931 ] } },
{ "type": "Feature", "properties": { "value": "regulatory--maximum-speed-limit-50--g1", "speed": 50 }, "geometry": { "type": "Point", "coordinates": [ -34.872974349876998, -8.0420917557942 ] } },
{ "type": "Feature", "properties": { "value": "regulatory--maximum-speed-limit-50--g1", "speed": 50 }, "geometry": { "type": "Point", "coordinates": [ -34.937570119057, -8.0736109016035 ] } },
{ "type": "Feature", "properties": { "value": "regulatory--maximum-speed-limit-50--g1", "speed": 50 }, "geometry": { "type": "Point", "coordinates": [ -34.939325793164997, -7.9985156418131 ] } },
{ "type": "Feature", "properties": { "value": "regulatory--maximum-speed-limit-50--g1", "speed": 50 }, "geometry": { "type": "Point", "coordinates": [ -34.908736191038997, -8.0544439388678 ] } },
{ "type": "Feature", "properties": { "value": "regulatory--maximum-speed-limit-50--g1", "speed": 50 }, "geometry": { "type": "Point", "coordinates": [ -34.906322202757998, -8.1181437292522 ] } },
{ "type": "Feature", "properties": { "value": "regulatory--maximum-speed-limit-50--g1", "speed": 50 }, "geometry": { "type": "Point", "coordinates": [ -34.935975959090001, -7.9939853643028 ] } },
{ "type": "Feature", "properties": { "value": "regulatory--maximum-speed-limit-50--g1", "speed": 50 }, "geometry": { "type": "Point", "coordinates": [ -34.961666373370001, -8.092134837788199 ] } },
{ "type": "Feature", "properties": { "value": "regulatory--maximum-speed-limit-50--g1", "speed": 50 }, "geometry": { "type": "Point", "coordinates": [ -34.945491928133997, -8.0495797123051 ] } },
{ "type": "Feature", "properties": { "value": "regulatory--maximum-speed-limit-50--g1", "speed": 50 }, "geometry": { "type": "Point", "coordinates": [ -34.943563922057002, -8.083255451578101 ] } },
{ "type": "Feature", "properties": { "value": "regulatory--maximum-speed-limit-50--g1", "speed": 50 }, "geometry": { "type": "Point", "coordinates": [ -34.942950081287002, -8.029558146097401 ] } },
{ "type": "Feature", "properties": { "value": "regulatory--maximum-speed-limit-50--g1", "speed": 50 }, "geometry": { "type": "Point", "coordinates": [ -34.949966346620002, -8.0968238826252 ] } },
{ "type": "Feature", "properties": { "value": "regulatory--maximum-speed-limit-50--g1", "speed": 50 }, "geometry": { "type": "Point", "coordinates": [ -34.935468653138003, -7.9895092526302 ] } },
{ "type": "Feature", "properties": { "value": "regulatory--maximum-speed-limit-50--g1", "speed": 50 }, "geometry": { "type": "Point", "coordinates": [ -34.935104306475999, -7.9895675015626 ] } },
{ "type": "Feature", "properties": { "value": "regulatory--maximum-speed-limit-50--g1", "speed": 50 }, "geometry": { "type": "Point", "coordinates": [ -34.935034854942003, -7.9896976663452 ] } },
{ "type": "Feature", "properties": { "value": "regulatory--maximum-speed-limit-50--g1", "speed": 50 }, "geometry": { "type": "Point", "coordinates": [ -34.946854569270997, -8.088770829825901 ] } },
{ "type": "Feature", "properties": { "value": "regulatory--maximum-speed-limit-50--g1", "speed": 50 }, "geometry": { "type": "Point", "coordinates": [ -34.946484046142999, -8.0870229997343 ] } },
{ "type": "Feature", "properties": { "value": "regulatory--maximum-speed-limit-50--g1", "speed": 50 }, "geometry": { "type": "Point", "coordinates": [ -34.947767944132003, -8.107665427811501 ] } },
{ "type": "Feature", "properties": { "value": "regulatory--maximum-speed-limit-50--g1", "speed": 50 }, "geometry": { "type": "Point", "coordinates": [ -34.947665182062998, -8.107714440321599 ] } },
{ "type": "Feature", "properties": { "value": "regulatory--maximum-speed-limit-50--g1", "speed": 50 }, "geometry": { "type": "Point", "coordinates": [ -34.925453910671003, -8.0835837157538 ] } },
{ "type": "Feature", "properties": { "value": "regulatory--maximum-speed-limit-50--g1", "speed": 50 }, "geometry": { "type": "Point", "coordinates": [ -34.931402949959001, -7.981463878396 ] } },
{ "type": "Feature", "properties": { "value": "regulatory--maximum-speed-limit-50--g1", "speed": 50 }, "geometry": { "type": "Point", "coordinates": [ -34.947284234348999, -8.133752267326001 ] } },
{ "type": "Feature", "properties": { "value": "regulatory--maximum-speed-limit-50--g1", "speed": 50 }, "geometry": { "type": "Point", "coordinates": [ -34.94739745012, -8.1337080120446 ] } },
{ "type": "Feature", "properties": { "value": "regulatory--maximum-speed-limit-50--g1", "speed": 50 }, "geometry": { "type": "Point", "coordinates": [ -34.912246014428, -8.0802978284406 ] } },
{ "type": "Feature", "properties": { "value": "regulatory--maximum-speed-limit-50--g1", "speed": 50 }, "geometry": { "type": "Point", "coordinates": [ -34.911457001549003, -8.080264306035 ] } },
{ "type": "Feature", "properties": { "value": "regulatory--maximum-speed-limit-50--g1", "speed": 50 }, "geometry": { "type": "Point", "coordinates": [ -34.936901706221001, -7.9925725924416 ] } },
{ "type": "Feature", "properties": { "value": "regulatory--maximum-speed-limit-50--g1", "speed": 50 }, "geometry": { "type": "Point", "coordinates": [ -34.946645520955002, -8.0870176261043 ] } },
{ "type": "Feature", "properties": { "value": "regulatory--maximum-speed-limit-50--g1", "speed": 50 }, "geometry": { "type": "Point", "coordinates": [ -34.892701141780002, -8.0288813964335 ] } },
{ "type": "Feature", "properties": { "value": "regulatory--maximum-speed-limit-50--g1", "speed": 50 }, "geometry": { "type": "Point", "coordinates": [ -34.933400107890002, -7.9868839437448 ] } },
{ "type": "Feature", "properties": { "value": "regulatory--maximum-speed-limit-50--g1", "speed": 50 }, "geometry": { "type": "Point", "coordinates": [ -34.937906044590001, -7.9943194486217 ] } },
{ "type": "Feature", "properties": { "value": "regulatory--maximum-speed-limit-50--g1", "speed": 50 }, "geometry": { "type": "Point", "coordinates": [ -34.935711772285998, -7.9899829621026 ] } },
{ "type": "Feature", "properties": { "value": "regulatory--maximum-speed-limit-50--g1", "speed": 50 }, "geometry": { "type": "Point", "coordinates": [ -34.937700782335, -7.9937368272696 ] } },
{ "type": "Feature", "properties": { "value": "regulatory--maximum-speed-limit-50--g1", "speed": 50 }, "geometry": { "type": "Point", "coordinates": [ -34.937801463966998, -7.9936784732803 ] } },
{ "type": "Feature", "properties": { "value": "regulatory--maximum-speed-limit-50--g1", "speed": 50 }, "geometry": { "type": "Point", "coordinates": [ -34.943060396920004, -8.0295916885231 ] } },
{ "type": "Feature", "properties": { "value": "regulatory--maximum-speed-limit-50--g1", "speed": 50 }, "geometry": { "type": "Point", "coordinates": [ -34.942943218617003, -8.029572562848999 ] } },
{ "type": "Feature", "properties": { "value": "regulatory--maximum-speed-limit-50--g1", "speed": 50 }, "geometry": { "type": "Point", "coordinates": [ -34.945842824242, -8.0861155467442 ] } },
{ "type": "Feature", "properties": { "value": "regulatory--maximum-speed-limit-50--g1", "speed": 50 }, "geometry": { "type": "Point", "coordinates": [ -34.945406306049001, -8.0853044562487 ] } },
{ "type": "Feature", "properties": { "value": "regulatory--maximum-speed-limit-50--g1", "speed": 50 }, "geometry": { "type": "Point", "coordinates": [ -34.945847487881998, -8.0858935202917 ] } },
{ "type": "Feature", "properties": { "value": "regulatory--maximum-speed-limit-50--g1", "speed": 50 }, "geometry": { "type": "Point", "coordinates": [ -34.943072228157, -8.0774412019137 ] } },
{ "type": "Feature", "properties": { "value": "regulatory--maximum-speed-limit-50--g1", "speed": 50 }, "geometry": { "type": "Point", "coordinates": [ -34.932188652141001, -7.9826359514122 ] } },
{ "type": "Feature", "properties": { "value": "regulatory--maximum-speed-limit-50--g1", "speed": 50 }, "geometry": { "type": "Point", "coordinates": [ -34.938940900862001, -7.9953800609622 ] } },
{ "type": "Feature", "properties": { "value": "regulatory--maximum-speed-limit-50--g1", "speed": 50 }, "geometry": { "type": "Point", "coordinates": [ -34.938955724231, -7.9955539460234 ] } },
{ "type": "Feature", "properties": { "value": "regulatory--maximum-speed-limit-50--g1", "speed": 50 }, "geometry": { "type": "Point", "coordinates": [ -34.936934481058998, -7.992701877214 ] } },
{ "type": "Feature", "properties": { "value": "regulatory--maximum-speed-limit-50--g1", "speed": 50 }, "geometry": { "type": "Point", "coordinates": [ -34.889119610778003, -8.1041556700489 ] } },
{ "type": "Feature", "properties": { "value": "regulatory--maximum-speed-limit-50--g1", "speed": 50 }, "geometry": { "type": "Point", "coordinates": [ -34.88935655825, -8.104682969694201 ] } },
{ "type": "Feature", "properties": { "value": "regulatory--maximum-speed-limit-50--g1", "speed": 50 }, "geometry": { "type": "Point", "coordinates": [ -34.942849914911001, -8.0253644926827 ] } },
{ "type": "Feature", "properties": { "value": "regulatory--maximum-speed-limit-50--g1", "speed": 50 }, "geometry": { "type": "Point", "coordinates": [ -34.943013779810997, -8.025586108763299 ] } },
{ "type": "Feature", "properties": { "value": "regulatory--maximum-speed-limit-50--g1", "speed": 50 }, "geometry": { "type": "Point", "coordinates": [ -34.942905803132, -8.0256225371397 ] } },
{ "type": "Feature", "properties": { "value": "regulatory--maximum-speed-limit-50--g1", "speed": 50 }, "geometry": { "type": "Point", "coordinates": [ -34.945532893108997, -8.049684327210599 ] } },
{ "type": "Feature", "properties": { "value": "regulatory--maximum-speed-limit-50--g1", "speed": 50 }, "geometry": { "type": "Point", "coordinates": [ -34.942933371860001, -8.0259755782988 ] } },
{ "type": "Feature", "properties": { "value": "regulatory--maximum-speed-limit-50--g1", "speed": 50 }, "geometry": { "type": "Point", "coordinates": [ -34.943029852259997, -8.0257697570789 ] } },
{ "type": "Feature", "properties": { "value": "regulatory--maximum-speed-limit-50--g1", "speed": 50 }, "geometry": { "type": "Point", "coordinates": [ -34.931525775306, -7.9816125819842 ] } },
{ "type": "Feature", "properties": { "value": "regulatory--maximum-speed-limit-50--g1", "speed": 50 }, "geometry": { "type": "Point", "coordinates": [ -34.931880136365997, -7.9821778114743 ] } },
{ "type": "Feature", "properties": { "value": "regulatory--maximum-speed-limit-50--g1", "speed": 50 }, "geometry": { "type": "Point", "coordinates": [ -34.932036700951002, -7.9821868642206 ] } },
{ "type": "Feature", "properties": { "value": "regulatory--maximum-speed-limit-50--g1", "speed": 50 }, "geometry": { "type": "Point", "coordinates": [ -34.878706002980003, -8.039708729798299 ] } },
{ "type": "Feature", "properties": { "value": "regulatory--maximum-speed-limit-50--g1", "speed": 50 }, "geometry": { "type": "Point", "coordinates": [ -34.935205768652999, -7.9893394975531 ] } },
{ "type": "Feature", "properties": { "value": "regulatory--maximum-speed-limit-50--g1", "speed": 50 }, "geometry": { "type": "Point", "coordinates": [ -34.935394453689, -7.9890710227311 ] } },
{ "type": "Feature", "properties": { "value": "regulatory--maximum-speed-limit-50--g1", "speed": 50 }, "geometry": { "type": "Point", "coordinates": [ -34.937523126946999, -8.009997895462501 ] } },
{ "type": "Feature", "properties": { "value": "regulatory--maximum-speed-limit-50--g1", "speed": 50 }, "geometry": { "type": "Point", "coordinates": [ -34.937585541620997, -8.0099635035389 ] } },
{ "type": "Feature", "properties": { "value": "regulatory--maximum-speed-limit-50--g1", "speed": 50 }, "geometry": { "type": "Point", "coordinates": [ -34.943241157750002, -8.0820337050557 ] } },
{ "type": "Feature", "properties": { "value": "regulatory--maximum-speed-limit-50--g1", "speed": 50 }, "geometry": { "type": "Point", "coordinates": [ -34.934735004966001, -7.9886688334392 ] } },
{ "type": "Feature", "properties": { "value": "regulatory--maximum-speed-limit-50--g1", "speed": 50 }, "geometry": { "type": "Point", "coordinates": [ -34.942936210067003, -8.0258818003763 ] } },
{ "type": "Feature", "properties": { "value": "regulatory--maximum-speed-limit-50--g1", "speed": 50 }, "geometry": { "type": "Point", "coordinates": [ -34.938486887701004, -8.0128274527387 ] } },
{ "type": "Feature", "properties": { "value": "regulatory--maximum-speed-limit-50--g1", "speed": 50 }, "geometry": { "type": "Point", "coordinates": [ -34.909177470598998, -8.1209111491555 ] } },
{ "type": "Feature", "properties": { "value": "regulatory--maximum-speed-limit-50--g1", "speed": 50 }, "geometry": { "type": "Point", "coordinates": [ -34.881815743643003, -8.040973992716999 ] } },
{ "type": "Feature", "properties": { "value": "regulatory--maximum-speed-limit-50--g1", "speed": 50 }, "geometry": { "type": "Point", "coordinates": [ -34.942546922124002, -8.077236360285401 ] } },
{ "type": "Feature", "properties": { "value": "regulatory--maximum-speed-limit-50--g1", "speed": 50 }, "geometry": { "type": "Point", "coordinates": [ -34.943134151964003, -8.079258833792 ] } },
{ "type": "Feature", "properties": { "value": "regulatory--maximum-speed-limit-50--g1", "speed": 50 }, "geometry": { "type": "Point", "coordinates": [ -34.943141136766997, -8.079634025176 ] } },
{ "type": "Feature", "properties": { "value": "regulatory--maximum-speed-limit-50--g1", "speed": 50 }, "geometry": { "type": "Point", "coordinates": [ -34.892975180686001, -8.078643103517599 ] } },
{ "type": "Feature", "properties": { "value": "regulatory--maximum-speed-limit-50--g1", "speed": 50 }, "geometry": { "type": "Point", "coordinates": [ -34.933695592044998, -7.9872454477949 ] } },
{ "type": "Feature", "properties": { "value": "regulatory--maximum-speed-limit-50--g1", "speed": 50 }, "geometry": { "type": "Point", "coordinates": [ -34.933603961145003, -7.9873398036651 ] } },
{ "type": "Feature", "properties": { "value": "regulatory--maximum-speed-limit-50--g1", "speed": 50 }, "geometry": { "type": "Point", "coordinates": [ -34.960359333120003, -8.091660379255099 ] } },
{ "type": "Feature", "properties": { "value": "regulatory--maximum-speed-limit-50--g1", "speed": 50 }, "geometry": { "type": "Point", "coordinates": [ -34.960869762937001, -8.0917907269857 ] } },
{ "type": "Feature", "properties": { "value": "regulatory--maximum-speed-limit-50--g1", "speed": 50 }, "geometry": { "type": "Point", "coordinates": [ -34.933444823742001, -8.080485582107301 ] } },
{ "type": "Feature", "properties": { "value": "regulatory--maximum-speed-limit-50--g1", "speed": 50 }, "geometry": { "type": "Point", "coordinates": [ -34.949021378746998, -8.105167537617501 ] } },
{ "type": "Feature", "properties": { "value": "regulatory--maximum-speed-limit-50--g1", "speed": 50 }, "geometry": { "type": "Point", "coordinates": [ -34.946948980412998, -8.109148017121999 ] } },
{ "type": "Feature", "properties": { "value": "regulatory--maximum-speed-limit-50--g1", "speed": 50 }, "geometry": { "type": "Point", "coordinates": [ -34.894820666331, -8.051596542590699 ] } },
{ "type": "Feature", "properties": { "value": "regulatory--maximum-speed-limit-50--g1", "speed": 50 }, "geometry": { "type": "Point", "coordinates": [ -34.900137131794999, -8.0572064041306 ] } },
{ "type": "Feature", "properties": { "value": "regulatory--maximum-speed-limit-50--g1", "speed": 50 }, "geometry": { "type": "Point", "coordinates": [ -34.900082566941997, -8.057192476323801 ] } },
{ "type": "Feature", "properties": { "value": "regulatory--maximum-speed-limit-50--g1", "speed": 50 }, "geometry": { "type": "Point", "coordinates": [ -34.946900251151, -8.109240833324099 ] } },
{ "type": "Feature", "properties": { "value": "regulatory--maximum-speed-limit-50--g1", "speed": 50 }, "geometry": { "type": "Point", "coordinates": [ -34.962110667642001, -8.092406529382099 ] } },
{ "type": "Feature", "properties": { "value": "regulatory--maximum-speed-limit-50--g1", "speed": 50 }, "geometry": { "type": "Point", "coordinates": [ -34.948663938223, -8.1065506636556 ] } },
{ "type": "Feature", "properties": { "value": "regulatory--maximum-speed-limit-50--g1", "speed": 50 }, "geometry": { "type": "Point", "coordinates": [ -34.95012749795, -8.098817878885701 ] } },
{ "type": "Feature", "properties": { "value": "regulatory--maximum-speed-limit-50--g1", "speed": 50 }, "geometry": { "type": "Point", "coordinates": [ -34.950011948678998, -8.098838943061599 ] } },
{ "type": "Feature", "properties": { "value": "regulatory--maximum-speed-limit-50--g1", "speed": 50 }, "geometry": { "type": "Point", "coordinates": [ -34.941901895686001, -8.033685513467899 ] } },
{ "type": "Feature", "properties": { "value": "regulatory--maximum-speed-limit-50--g1", "speed": 50 }, "geometry": { "type": "Point", "coordinates": [ -34.949785298925001, -8.097190374829299 ] } },
{ "type": "Feature", "properties": { "value": "regulatory--maximum-speed-limit-50--g1", "speed": 50 }, "geometry": { "type": "Point", "coordinates": [ -34.949868683670999, -8.0970666468414 ] } },
{ "type": "Feature", "properties": { "value": "regulatory--maximum-speed-limit-50--g1", "speed": 50 }, "geometry": { "type": "Point", "coordinates": [ -34.948900493314, -8.095290133537 ] } },
{ "type": "Feature", "properties": { "value": "regulatory--maximum-speed-limit-50--g1", "speed": 50 }, "geometry": { "type": "Point", "coordinates": [ -34.909738377178002, -8.126593139760001 ] } },
{ "type": "Feature", "properties": { "value": "regulatory--maximum-speed-limit-50--g1", "speed": 50 }, "geometry": { "type": "Point", "coordinates": [ -34.937045053460999, -7.9925715869204 ] } },
{ "type": "Feature", "properties": { "value": "regulatory--maximum-speed-limit-50--g1", "speed": 50 }, "geometry": { "type": "Point", "coordinates": [ -34.937465331014998, -7.993505095043 ] } },
{ "type": "Feature", "properties": { "value": "regulatory--maximum-speed-limit-50--g1", "speed": 50 }, "geometry": { "type": "Point", "coordinates": [ -34.936964128878998, -7.9924621425867 ] } },
{ "type": "Feature", "properties": { "value": "regulatory--maximum-speed-limit-50--g1", "speed": 50 }, "geometry": { "type": "Point", "coordinates": [ -34.942805419941998, -8.026254127289601 ] } },
{ "type": "Feature", "properties": { "value": "regulatory--maximum-speed-limit-50--g1", "speed": 50 }, "geometry": { "type": "Point", "coordinates": [ -34.949116012676001, -8.0962813112312 ] } },
{ "type": "Feature", "properties": { "value": "regulatory--maximum-speed-limit-50--g1", "speed": 50 }, "geometry": { "type": "Point", "coordinates": [ -34.937541412538998, -8.011472703270501 ] } },
{ "type": "Feature", "properties": { "value": "regulatory--maximum-speed-limit-50--g1", "speed": 50 }, "geometry": { "type": "Point", "coordinates": [ -34.933431327091, -8.081678412023299 ] } },
{ "type": "Feature", "properties": { "value": "regulatory--maximum-speed-limit-50--g1", "speed": 50 }, "geometry": { "type": "Point", "coordinates": [ -34.941263437629999, -8.036058774052 ] } },
{ "type": "Feature", "properties": { "value": "regulatory--maximum-speed-limit-50--g1", "speed": 50 }, "geometry": { "type": "Point", "coordinates": [ -34.939381824233998, -8.0145625149314 ] } },
{ "type": "Feature", "properties": { "value": "regulatory--maximum-speed-limit-50--g1", "speed": 50 }, "geometry": { "type": "Point", "coordinates": [ -34.937715278778001, -8.011373334105601 ] } },
{ "type": "Feature", "properties": { "value": "regulatory--maximum-speed-limit-50--g1", "speed": 50 }, "geometry": { "type": "Point", "coordinates": [ -34.937634250595003, -8.0114208769313 ] } },
{ "type": "Feature", "properties": { "value": "regulatory--maximum-speed-limit-50--g1", "speed": 50 }, "geometry": { "type": "Point", "coordinates": [ -34.937671370090001, -7.9938893530066 ] } },
{ "type": "Feature", "properties": { "value": "regulatory--maximum-speed-limit-50--g1", "speed": 50 }, "geometry": { "type": "Point", "coordinates": [ -34.905320463633998, -8.053051191847301 ] } },
{ "type": "Feature", "properties": { "value": "regulatory--maximum-speed-limit-50--g1", "speed": 50 }, "geometry": { "type": "Point", "coordinates": [ -34.889564069355998, -8.105177241563 ] } },
{ "type": "Feature", "properties": { "value": "regulatory--maximum-speed-limit-50--g1", "speed": 50 }, "geometry": { "type": "Point", "coordinates": [ -34.889508358413998, -8.105268462595699 ] } },
{ "type": "Feature", "properties": { "value": "regulatory--maximum-speed-limit-50--g1", "speed": 50 }, "geometry": { "type": "Point", "coordinates": [ -34.949859013247, -8.096855649604301 ] } },
{ "type": "Feature", "properties": { "value": "regulatory--maximum-speed-limit-50--g1", "speed": 50 }, "geometry": { "type": "Point", "coordinates": [ -34.930557429103999, -8.086299472276 ] } },
{ "type": "Feature", "properties": { "value": "regulatory--maximum-speed-limit-50--g1", "speed": 50 }, "geometry": { "type": "Point", "coordinates": [ -34.932933060483997, -8.082282602212301 ] } },
{ "type": "Feature", "properties": { "value": "regulatory--maximum-speed-limit-50--g1", "speed": 50 }, "geometry": { "type": "Point", "coordinates": [ -34.943017697511003, -8.031010045379601 ] } },
{ "type": "Feature", "properties": { "value": "regulatory--maximum-speed-limit-50--g1", "speed": 50 }, "geometry": { "type": "Point", "coordinates": [ -34.942856308995999, -8.030746203013001 ] } },
{ "type": "Feature", "properties": { "value": "regulatory--maximum-speed-limit-50--g1", "speed": 50 }, "geometry": { "type": "Point", "coordinates": [ -34.939032580359999, -7.9958524717465 ] } },
{ "type": "Feature", "properties": { "value": "regulatory--maximum-speed-limit-50--g1", "speed": 50 }, "geometry": { "type": "Point", "coordinates": [ -34.903066073406997, -8.0105294498159 ] } },
{ "type": "Feature", "properties": { "value": "regulatory--maximum-speed-limit-50--g1", "speed": 50 }, "geometry": { "type": "Point", "coordinates": [ -34.872911693635999, -8.042022719701301 ] } },
{ "type": "Feature", "properties": { "value": "regulatory--maximum-speed-limit-50--g1", "speed": 50 }, "geometry": { "type": "Point", "coordinates": [ -34.936863327437997, -7.992506410443 ] } },
{ "type": "Feature", "properties": { "value": "regulatory--maximum-speed-limit-50--g1", "speed": 50 }, "geometry": { "type": "Point", "coordinates": [ -34.879062882051002, -8.0396582330907 ] } },
{ "type": "Feature", "properties": { "value": "regulatory--maximum-speed-limit-50--g1", "speed": 50 }, "geometry": { "type": "Point", "coordinates": [ -34.946894000256002, -8.1094118649091 ] } },
{ "type": "Feature", "properties": { "value": "regulatory--maximum-speed-limit-50--g1", "speed": 50 }, "geometry": { "type": "Point", "coordinates": [ -34.947067042263001, -8.1093947994028 ] } },
{ "type": "Feature", "properties": { "value": "regulatory--maximum-speed-limit-50--g1", "speed": 50 }, "geometry": { "type": "Point", "coordinates": [ -34.949448597135003, -8.096588868755401 ] } },
{ "type": "Feature", "properties": { "value": "regulatory--maximum-speed-limit-50--g1", "speed": 50 }, "geometry": { "type": "Point", "coordinates": [ -34.949678192992998, -8.0965240422561 ] } },
{ "type": "Feature", "properties": { "value": "regulatory--maximum-speed-limit-50--g1", "speed": 50 }, "geometry": { "type": "Point", "coordinates": [ -34.963295843696997, -8.0930702235555 ] } },
{ "type": "Feature", "properties": { "value": "regulatory--maximum-speed-limit-50--g1", "speed": 50 }, "geometry": { "type": "Point", "coordinates": [ -34.937688034384998, -8.0093238133604 ] } },
{ "type": "Feature", "properties": { "value": "regulatory--maximum-speed-limit-50--g1", "speed": 50 }, "geometry": { "type": "Point", "coordinates": [ -34.942758046445, -8.077586963361201 ] } },
{ "type": "Feature", "properties": { "value": "regulatory--maximum-speed-limit-50--g1", "speed": 50 }, "geometry": { "type": "Point", "coordinates": [ -34.938170616527003, -7.9946640725554 ] } },
{ "type": "Feature", "properties": { "value": "regulatory--maximum-speed-limit-50--g1", "speed": 50 }, "geometry": { "type": "Point", "coordinates": [ -34.963133392080003, -8.106686956446 ] } },
{ "type": "Feature", "properties": { "value": "regulatory--maximum-speed-limit-50--g1", "speed": 50 }, "geometry": { "type": "Point", "coordinates": [ -34.941886593336001, -8.033332725753199 ] } },
{ "type": "Feature", "properties": { "value": "regulatory--maximum-speed-limit-50--g1", "speed": 50 }, "geometry": { "type": "Point", "coordinates": [ -34.937738675989003, -7.9938324191694 ] } },
{ "type": "Feature", "properties": { "value": "regulatory--maximum-speed-limit-50--g1", "speed": 50 }, "geometry": { "type": "Point", "coordinates": [ -34.932581665545001, -8.083094221532599 ] } },
{ "type": "Feature", "properties": { "value": "regulatory--maximum-speed-limit-50--g1", "speed": 50 }, "geometry": { "type": "Point", "coordinates": [ -34.946527512616001, -8.086936480262301 ] } },
{ "type": "Feature", "properties": { "value": "regulatory--maximum-speed-limit-50--g1", "speed": 50 }, "geometry": { "type": "Point", "coordinates": [ -34.932044987780998, -7.9826049124501 ] } },
{ "type": "Feature", "properties": { "value": "regulatory--maximum-speed-limit-50--g1", "speed": 50 }, "geometry": { "type": "Point", "coordinates": [ -34.943042307056999, -8.0818367935259 ] } },
{ "type": "Feature", "properties": { "value": "regulatory--maximum-speed-limit-50--g1", "speed": 50 }, "geometry": { "type": "Point", "coordinates": [ -34.903959556072003, -8.115466442774901 ] } },
{ "type": "Feature", "properties": { "value": "regulatory--maximum-speed-limit-50--g1", "speed": 50 }, "geometry": { "type": "Point", "coordinates": [ -34.903431868828001, -8.1149355529188 ] } },
{ "type": "Feature", "properties": { "value": "regulatory--maximum-speed-limit-50--g1", "speed": 50 }, "geometry": { "type": "Point", "coordinates": [ -34.897766353137001, -8.0610409033526 ] } },
{ "type": "Feature", "properties": { "value": "regulatory--maximum-speed-limit-50--g1", "speed": 50 }, "geometry": { "type": "Point", "coordinates": [ -34.938942318220001, -8.013172219796999 ] } },
{ "type": "Feature", "properties": { "value": "regulatory--maximum-speed-limit-50--g1", "speed": 50 }, "geometry": { "type": "Point", "coordinates": [ -34.939658538737, -8.0146431844709 ] } },
{ "type": "Feature", "properties": { "value": "regulatory--maximum-speed-limit-50--g1", "speed": 50 }, "geometry": { "type": "Point", "coordinates": [ -34.939571049111997, -8.014514143744 ] } },
{ "type": "Feature", "properties": { "value": "regulatory--maximum-speed-limit-50--g1", "speed": 50 }, "geometry": { "type": "Point", "coordinates": [ -34.942957362489999, -8.029144923162599 ] } },
{ "type": "Feature", "properties": { "value": "regulatory--maximum-speed-limit-50--g1", "speed": 50 }, "geometry": { "type": "Point", "coordinates": [ -34.947861199366997, -8.107468191545699 ] } },
{ "type": "Feature", "properties": { "value": "regulatory--maximum-speed-limit-50--g1", "speed": 50 }, "geometry": { "type": "Point", "coordinates": [ -34.947813954198999, -8.107356362832499 ] } },
{ "type": "Feature", "properties": { "value": "regulatory--maximum-speed-limit-50--g1", "speed": 50 }, "geometry": { "type": "Point", "coordinates": [ -34.942036614719001, -8.032804643826699 ] } },
{ "type": "Feature", "properties": { "value": "regulatory--maximum-speed-limit-50--g1", "speed": 50 }, "geometry": { "type": "Point", "coordinates": [ -34.941972308936997, -8.0327582545873 ] } },
{ "type": "Feature", "properties": { "value": "regulatory--maximum-speed-limit-50--g1", "speed": 50 }, "geometry": { "type": "Point", "coordinates": [ -34.946952052832998, -8.091212721186899 ] } },
{ "type": "Feature", "properties": { "value": "regulatory--maximum-speed-limit-50--g1", "speed": 50 }, "geometry": { "type": "Point", "coordinates": [ -34.946559330715999, -8.087008191248 ] } },
{ "type": "Feature", "properties": { "value": "regulatory--maximum-speed-limit-50--g1", "speed": 50 }, "geometry": { "type": "Point", "coordinates": [ -34.945501853675999, -8.0497941268733 ] } },
{ "type": "Feature", "properties": { "value": "regulatory--maximum-speed-limit-50--g1", "speed": 50 }, "geometry": { "type": "Point", "coordinates": [ -34.939717305557998, -8.015254018359499 ] } },
{ "type": "Feature", "properties": { "value": "regulatory--maximum-speed-limit-50--g1", "speed": 50 }, "geometry": { "type": "Point", "coordinates": [ -34.939768649587997, -8.015131604869 ] } },
{ "type": "Feature", "properties": { "value": "regulatory--maximum-speed-limit-50--g1", "speed": 50 }, "geometry": { "type": "Point", "coordinates": [ -34.946950137808003, -8.089857781853 ] } },
{ "type": "Feature", "properties": { "value": "regulatory--maximum-speed-limit-50--g1", "speed": 50 }, "geometry": { "type": "Point", "coordinates": [ -34.946832957661996, -8.089843609614601 ] } },
{ "type": "Feature", "properties": { "value": "regulatory--maximum-speed-limit-50--g1", "speed": 50 }, "geometry": { "type": "Point", "coordinates": [ -34.931613079371999, -7.9815290073353 ] } },
{ "type": "Feature", "properties": { "value": "regulatory--maximum-speed-limit-50--g1", "speed": 50 }, "geometry": { "type": "Point", "coordinates": [ -34.931439120225001, -7.9815729895056 ] } },
{ "type": "Feature", "properties": { "value": "regulatory--maximum-speed-limit-50--g1", "speed": 50 }, "geometry": { "type": "Point", "coordinates": [ -34.909608738606998, -8.1252168857461 ] } },
{ "type": "Feature", "properties": { "value": "regulatory--maximum-speed-limit-50--g1", "speed": 50 }, "geometry": { "type": "Point", "coordinates": [ -34.906018155223997, -8.1440207940969 ] } },
{ "type": "Feature", "properties": { "value": "regulatory--maximum-speed-limit-50--g1", "speed": 50 }, "geometry": { "type": "Point", "coordinates": [ -34.942949565763001, -8.030858073694199 ] } },
{ "type": "Feature", "properties": { "value": "regulatory--maximum-speed-limit-50--g1", "speed": 50 }, "geometry": { "type": "Point", "coordinates": [ -34.939152734722001, -7.9985651224554 ] } },
{ "type": "Feature", "properties": { "value": "regulatory--maximum-speed-limit-50--g1", "speed": 50 }, "geometry": { "type": "Point", "coordinates": [ -34.889233908717003, -8.0109864754942 ] } },
{ "type": "Feature", "properties": { "value": "regulatory--maximum-speed-limit-50--g1", "speed": 50 }, "geometry": { "type": "Point", "coordinates": [ -34.949861990984999, -8.098908271772901 ] } },
{ "type": "Feature", "properties": { "value": "regulatory--maximum-speed-limit-50--g1", "speed": 50 }, "geometry": { "type": "Point", "coordinates": [ -34.938031765037003, -8.0728612807355 ] } },
{ "type": "Feature", "properties": { "value": "regulatory--maximum-speed-limit-50--g1", "speed": 50 }, "geometry": { "type": "Point", "coordinates": [ -34.942945793752997, -8.0309238458044 ] } },
{ "type": "Feature", "properties": { "value": "regulatory--maximum-speed-limit-50--g1", "speed": 50 }, "geometry": { "type": "Point", "coordinates": [ -34.939003309085003, -7.9957043065748 ] } },
{ "type": "Feature", "properties": { "value": "regulatory--maximum-speed-limit-50--g1", "speed": 50 }, "geometry": { "type": "Point", "coordinates": [ -34.908658336976004, -8.0538409544783 ] } },
{ "type": "Feature", "properties": { "value": "regulatory--maximum-speed-limit-50--g1", "speed": 50 }, "geometry": { "type": "Point", "coordinates": [ -34.946989054600998, -8.0887876844514 ] } },
{ "type": "Feature", "properties": { "value": "regulatory--maximum-speed-limit-50--g1", "speed": 50 }, "geometry": { "type": "Point", "coordinates": [ -34.908722426190998, -8.0539042339026 ] } },
{ "type": "Feature", "properties": { "value": "regulatory--maximum-speed-limit-50--g1", "speed": 50 }, "geometry": { "type": "Point", "coordinates": [ -34.950021983329997, -8.096915744651399 ] } },
{ "type": "Feature", "properties": { "value": "regulatory--maximum-speed-limit-50--g1", "speed": 50 }, "geometry": { "type": "Point", "coordinates": [ -34.942897071588, -8.0775757373713 ] } },
{ "type": "Feature", "properties": { "value": "regulatory--maximum-speed-limit-50--g1", "speed": 50 }, "geometry": { "type": "Point", "coordinates": [ -34.933285644542003, -7.9869975962319 ] } },
{ "type": "Feature", "properties": { "value": "regulatory--maximum-speed-limit-50--g1", "speed": 50 }, "geometry": { "type": "Point", "coordinates": [ -34.943064232452002, -8.0803430553352 ] } },
{ "type": "Feature", "properties": { "value": "regulatory--maximum-speed-limit-50--g1", "speed": 50 }, "geometry": { "type": "Point", "coordinates": [ -34.947554776620997, -8.107821491173899 ] } },
{ "type": "Feature", "properties": { "value": "regulatory--maximum-speed-limit-50--g1", "speed": 50 }, "geometry": { "type": "Point", "coordinates": [ -34.948073141968003, -8.107333424113399 ] } },
{ "type": "Feature", "properties": { "value": "regulatory--maximum-speed-limit-50--g1", "speed": 50 }, "geometry": { "type": "Point", "coordinates": [ -34.930525384667, -8.0863253082691 ] } },
{ "type": "Feature", "properties": { "value": "regulatory--maximum-speed-limit-50--g1", "speed": 50 }, "geometry": { "type": "Point", "coordinates": [ -34.947659740420001, -8.1082345877523 ] } },
{ "type": "Feature", "properties": { "value": "regulatory--maximum-speed-limit-50--g1", "speed": 50 }, "geometry": { "type": "Point", "coordinates": [ -34.948609789945998, -8.1066679277723 ] } },
{ "type": "Feature", "properties": { "value": "regulatory--maximum-speed-limit-50--g1", "speed": 50 }, "geometry": { "type": "Point", "coordinates": [ -34.943138820564002, -8.0294054775696 ] } },
{ "type": "Feature", "properties": { "value": "regulatory--maximum-speed-limit-50--g1", "speed": 50 }, "geometry": { "type": "Point", "coordinates": [ -34.941747181936002, -8.0374424374998 ] } },
{ "type": "Feature", "properties": { "value": "regulatory--maximum-speed-limit-40--g1", "speed": 40 }, "geometry": { "type": "Point", "coordinates": [ -34.895951246302999, -8.0456812344281 ] } },
{ "type": "Feature", "properties": { "value": "regulatory--maximum-speed-limit-40--g1", "speed": 40 }, "geometry": { "type": "Point", "coordinates": [ -34.903681765572998, -8.0355172522735 ] } },
{ "type": "Feature", "properties": { "value": "regulatory--maximum-speed-limit-40--g1", "speed": 40 }, "geometry": { "type": "Point", "coordinates": [ -34.939296700206, -8.0926053946697 ] } },
{ "type": "Feature", "properties": { "value": "regulatory--maximum-speed-limit-40--g1", "speed": 40 }, "geometry": { "type": "Point", "coordinates": [ -34.893280881128, -8.0605016042056 ] } },
{ "type": "Feature", "properties": { "value": "regulatory--maximum-speed-limit-40--g1", "speed": 40 }, "geometry": { "type": "Point", "coordinates": [ -34.896826899228003, -8.078611166583901 ] } },
{ "type": "Feature", "properties": { "value": "regulatory--maximum-speed-limit-40--g1", "speed": 40 }, "geometry": { "type": "Point", "coordinates": [ -34.906491418107997, -8.1449070738127 ] } },
{ "type": "Feature", "properties": { "value": "regulatory--maximum-speed-limit-40--g1", "speed": 40 }, "geometry": { "type": "Point", "coordinates": [ -34.913116443212999, -8.062227831189301 ] } },
{ "type": "Feature", "properties": { "value": "regulatory--maximum-speed-limit-40--g1", "speed": 40 }, "geometry": { "type": "Point", "coordinates": [ -34.912803451936, -8.0610901300169 ] } },
{ "type": "Feature", "properties": { "value": "regulatory--maximum-speed-limit-40--g1", "speed": 40 }, "geometry": { "type": "Point", "coordinates": [ -34.925991448304003, -8.1068556983717 ] } },
{ "type": "Feature", "properties": { "value": "regulatory--maximum-speed-limit-40--g1", "speed": 40 }, "geometry": { "type": "Point", "coordinates": [ -34.884862876698001, -8.053499147912101 ] } },
{ "type": "Feature", "properties": { "value": "regulatory--maximum-speed-limit-40--g1", "speed": 40 }, "geometry": { "type": "Point", "coordinates": [ -34.885843135150999, -8.0528396154061 ] } },
{ "type": "Feature", "properties": { "value": "regulatory--maximum-speed-limit-40--g1", "speed": 40 }, "geometry": { "type": "Point", "coordinates": [ -34.871441913356001, -8.063335423008599 ] } },
{ "type": "Feature", "properties": { "value": "regulatory--maximum-speed-limit-40--g1", "speed": 40 }, "geometry": { "type": "Point", "coordinates": [ -34.927550001840999, -8.066214530219501 ] } },
{ "type": "Feature", "properties": { "value": "regulatory--maximum-speed-limit-40--g1", "speed": 40 }, "geometry": { "type": "Point", "coordinates": [ -34.927441572839001, -8.065833179093501 ] } },
{ "type": "Feature", "properties": { "value": "regulatory--maximum-speed-limit-40--g1", "speed": 40 }, "geometry": { "type": "Point", "coordinates": [ -34.892202527404997, -8.0568422138863 ] } },
{ "type": "Feature", "properties": { "value": "regulatory--maximum-speed-limit-40--g1", "speed": 40 }, "geometry": { "type": "Point", "coordinates": [ -34.885184893293001, -8.0909068896745 ] } },
{ "type": "Feature", "properties": { "value": "regulatory--maximum-speed-limit-40--g1", "speed": 40 }, "geometry": { "type": "Point", "coordinates": [ -34.885133551808003, -8.090819420781299 ] } },
{ "type": "Feature", "properties": { "value": "regulatory--maximum-speed-limit-40--g1", "speed": 40 }, "geometry": { "type": "Point", "coordinates": [ -34.910979911619002, -8.091962574703199 ] } },
{ "type": "Feature", "properties": { "value": "regulatory--maximum-speed-limit-40--g1", "speed": 40 }, "geometry": { "type": "Point", "coordinates": [ -34.915802539533999, -8.031371854876401 ] } },
{ "type": "Feature", "properties": { "value": "regulatory--maximum-speed-limit-40--g1", "speed": 40 }, "geometry": { "type": "Point", "coordinates": [ -34.916473659794001, -8.0311753457172 ] } },
{ "type": "Feature", "properties": { "value": "regulatory--maximum-speed-limit-40--g1", "speed": 40 }, "geometry": { "type": "Point", "coordinates": [ -34.942005999583998, -8.0322046282333 ] } },
{ "type": "Feature", "properties": { "value": "regulatory--maximum-speed-limit-40--g1", "speed": 40 }, "geometry": { "type": "Point", "coordinates": [ -34.942085042872002, -8.0324137448449 ] } },
{ "type": "Feature", "properties": { "value": "regulatory--maximum-speed-limit-40--g1", "speed": 40 }, "geometry": { "type": "Point", "coordinates": [ -34.942119814012997, -8.0323376076563 ] } },
{ "type": "Feature", "properties": { "value": "regulatory--maximum-speed-limit-40--g1", "speed": 40 }, "geometry": { "type": "Point", "coordinates": [ -34.87579895799, -8.0278136894882 ] } },
{ "type": "Feature", "properties": { "value": "regulatory--maximum-speed-limit-40--g1", "speed": 40 }, "geometry": { "type": "Point", "coordinates": [ -34.914340331170997, -8.097571468298 ] } },
{ "type": "Feature", "properties": { "value": "regulatory--maximum-speed-limit-40--g1", "speed": 40 }, "geometry": { "type": "Point", "coordinates": [ -34.957805190305002, -8.0909888464895 ] } },
{ "type": "Feature", "properties": { "value": "regulatory--maximum-speed-limit-40--g1", "speed": 40 }, "geometry": { "type": "Point", "coordinates": [ -34.892445744992003, -8.0281375281102 ] } },
{ "type": "Feature", "properties": { "value": "regulatory--maximum-speed-limit-40--g1", "speed": 40 }, "geometry": { "type": "Point", "coordinates": [ -34.901123464230999, -8.121157262731099 ] } },
{ "type": "Feature", "properties": { "value": "regulatory--maximum-speed-limit-40--g1", "speed": 40 }, "geometry": { "type": "Point", "coordinates": [ -34.901099400173003, -8.119460415633201 ] } },
{ "type": "Feature", "properties": { "value": "regulatory--maximum-speed-limit-40--g1", "speed": 40 }, "geometry": { "type": "Point", "coordinates": [ -34.911855917041997, -8.0266201050314 ] } },
{ "type": "Feature", "properties": { "value": "regulatory--maximum-speed-limit-40--g1", "speed": 40 }, "geometry": { "type": "Point", "coordinates": [ -34.944453242820003, -8.1155019810056 ] } },
{ "type": "Feature", "properties": { "value": "regulatory--maximum-speed-limit-40--g1", "speed": 40 }, "geometry": { "type": "Point", "coordinates": [ -34.895338262575002, -8.0045870536823 ] } },
{ "type": "Feature", "properties": { "value": "regulatory--maximum-speed-limit-40--g1", "speed": 40 }, "geometry": { "type": "Point", "coordinates": [ -34.890449315052997, -8.049651202418801 ] } },
{ "type": "Feature", "properties": { "value": "regulatory--maximum-speed-limit-40--g1", "speed": 40 }, "geometry": { "type": "Point", "coordinates": [ -34.885413329895002, -8.053233560775199 ] } },
{ "type": "Feature", "properties": { "value": "regulatory--maximum-speed-limit-40--g1", "speed": 40 }, "geometry": { "type": "Point", "coordinates": [ -34.940688925917001, -8.0489194587428 ] } },
{ "type": "Feature", "properties": { "value": "regulatory--maximum-speed-limit-40--g1", "speed": 40 }, "geometry": { "type": "Point", "coordinates": [ -34.945326069116, -8.113121469150499 ] } },
{ "type": "Feature", "properties": { "value": "regulatory--maximum-speed-limit-40--g1", "speed": 40 }, "geometry": { "type": "Point", "coordinates": [ -34.945270722971998, -8.1129909600426 ] } },
{ "type": "Feature", "properties": { "value": "regulatory--maximum-speed-limit-40--g1", "speed": 40 }, "geometry": { "type": "Point", "coordinates": [ -34.897527863576002, -8.0256548891078 ] } },
{ "type": "Feature", "properties": { "value": "regulatory--maximum-speed-limit-40--g1", "speed": 40 }, "geometry": { "type": "Point", "coordinates": [ -34.897997983019003, -8.026495214845401 ] } },
{ "type": "Feature", "properties": { "value": "regulatory--maximum-speed-limit-40--g1", "speed": 40 }, "geometry": { "type": "Point", "coordinates": [ -34.890786512841999, -8.050225109741501 ] } },
{ "type": "Feature", "properties": { "value": "regulatory--maximum-speed-limit-40--g1", "speed": 40 }, "geometry": { "type": "Point", "coordinates": [ -34.932501719130997, -8.108155720298701 ] } },
{ "type": "Feature", "properties": { "value": "regulatory--maximum-speed-limit-40--g1", "speed": 40 }, "geometry": { "type": "Point", "coordinates": [ -34.915918028634003, -8.0264623068906 ] } },
{ "type": "Feature", "properties": { "value": "regulatory--maximum-speed-limit-40--g1", "speed": 40 }, "geometry": { "type": "Point", "coordinates": [ -34.930947721000997, -8.015607437020099 ] } },
{ "type": "Feature", "properties": { "value": "regulatory--maximum-speed-limit-40--g1", "speed": 40 }, "geometry": { "type": "Point", "coordinates": [ -34.888144962467003, -8.0836705386746 ] } },
{ "type": "Feature", "properties": { "value": "regulatory--maximum-speed-limit-40--g1", "speed": 40 }, "geometry": { "type": "Point", "coordinates": [ -34.925189513923002, -8.01304690223 ] } },
{ "type": "Feature", "properties": { "value": "regulatory--maximum-speed-limit-40--g1", "speed": 40 }, "geometry": { "type": "Point", "coordinates": [ -34.88267657598, -8.051015471769 ] } },
{ "type": "Feature", "properties": { "value": "regulatory--maximum-speed-limit-40--g1", "speed": 40 }, "geometry": { "type": "Point", "coordinates": [ -34.879729888050001, -8.0564753059938 ] } },
{ "type": "Feature", "properties": { "value": "regulatory--maximum-speed-limit-40--g1", "speed": 40 }, "geometry": { "type": "Point", "coordinates": [ -34.943017827619997, -8.029596933739301 ] } },
{ "type": "Feature", "properties": { "value": "regulatory--maximum-speed-limit-40--g1", "speed": 40 }, "geometry": { "type": "Point", "coordinates": [ -34.903473839499, -8.137152911843399 ] } },
{ "type": "Feature", "properties": { "value": "regulatory--maximum-speed-limit-40--g1", "speed": 40 }, "geometry": { "type": "Point", "coordinates": [ -34.889543734230998, -8.049653867953801 ] } },
{ "type": "Feature", "properties": { "value": "regulatory--maximum-speed-limit-40--g1", "speed": 40 }, "geometry": { "type": "Point", "coordinates": [ -34.901342730191999, -8.045168205124799 ] } },
{ "type": "Feature", "properties": { "value": "regulatory--maximum-speed-limit-40--g1", "speed": 40 }, "geometry": { "type": "Point", "coordinates": [ -34.899297217258997, -8.044935308292599 ] } },
{ "type": "Feature", "properties": { "value": "regulatory--maximum-speed-limit-40--g1", "speed": 40 }, "geometry": { "type": "Point", "coordinates": [ -34.947028529553997, -8.0869627407334 ] } },
{ "type": "Feature", "properties": { "value": "regulatory--maximum-speed-limit-40--g1", "speed": 40 }, "geometry": { "type": "Point", "coordinates": [ -34.908305582996, -8.034278199019701 ] } },
{ "type": "Feature", "properties": { "value": "regulatory--maximum-speed-limit-40--g1", "speed": 40 }, "geometry": { "type": "Point", "coordinates": [ -34.893244190672, -8.0277476396264 ] } },
{ "type": "Feature", "properties": { "value": "regulatory--maximum-speed-limit-40--g1", "speed": 40 }, "geometry": { "type": "Point", "coordinates": [ -34.936031273596001, -8.047282226801199 ] } },
{ "type": "Feature", "properties": { "value": "regulatory--maximum-speed-limit-40--g1", "speed": 40 }, "geometry": { "type": "Point", "coordinates": [ -34.892918473705997, -8.1091264774709 ] } },
{ "type": "Feature", "properties": { "value": "regulatory--maximum-speed-limit-40--g1", "speed": 40 }, "geometry": { "type": "Point", "coordinates": [ -34.871450540863997, -8.0516445351057 ] } },
{ "type": "Feature", "properties": { "value": "regulatory--maximum-speed-limit-40--g1", "speed": 40 }, "geometry": { "type": "Point", "coordinates": [ -34.893047237425002, -8.1092558454685 ] } },
{ "type": "Feature", "properties": { "value": "regulatory--maximum-speed-limit-40--g1", "speed": 40 }, "geometry": { "type": "Point", "coordinates": [ -34.897795310208998, -8.120029471140199 ] } },
{ "type": "Feature", "properties": { "value": "regulatory--maximum-speed-limit-40--g1", "speed": 40 }, "geometry": { "type": "Point", "coordinates": [ -34.904060364225998, -8.080291584389499 ] } },
{ "type": "Feature", "properties": { "value": "regulatory--maximum-speed-limit-40--g1", "speed": 40 }, "geometry": { "type": "Point", "coordinates": [ -34.882852283120002, -8.057526964662101 ] } },
{ "type": "Feature", "properties": { "value": "regulatory--maximum-speed-limit-40--g1", "speed": 40 }, "geometry": { "type": "Point", "coordinates": [ -34.943880649655, -8.1286095852853 ] } },
{ "type": "Feature", "properties": { "value": "regulatory--maximum-speed-limit-40--g1", "speed": 40 }, "geometry": { "type": "Point", "coordinates": [ -34.944562801171003, -8.1151145960861 ] } },
{ "type": "Feature", "properties": { "value": "regulatory--maximum-speed-limit-40--g1", "speed": 40 }, "geometry": { "type": "Point", "coordinates": [ -34.944463078360997, -8.1150624199415 ] } },
{ "type": "Feature", "properties": { "value": "regulatory--maximum-speed-limit-40--g1", "speed": 40 }, "geometry": { "type": "Point", "coordinates": [ -34.897150710174003, -8.1159069197876 ] } },
{ "type": "Feature", "properties": { "value": "regulatory--maximum-speed-limit-40--g1", "speed": 40 }, "geometry": { "type": "Point", "coordinates": [ -34.890839571762001, -8.050098925767299 ] } },
{ "type": "Feature", "properties": { "value": "regulatory--maximum-speed-limit-40--g1", "speed": 40 }, "geometry": { "type": "Point", "coordinates": [ -34.871983421129002, -8.064294771833 ] } },
{ "type": "Feature", "properties": { "value": "regulatory--maximum-speed-limit-40--g1", "speed": 40 }, "geometry": { "type": "Point", "coordinates": [ -34.871917645088999, -8.0644403494315 ] } },
{ "type": "Feature", "properties": { "value": "regulatory--maximum-speed-limit-40--g1", "speed": 40 }, "geometry": { "type": "Point", "coordinates": [ -34.871729903894, -8.0638535391211 ] } },
{ "type": "Feature", "properties": { "value": "regulatory--maximum-speed-limit-40--g1", "speed": 40 }, "geometry": { "type": "Point", "coordinates": [ -34.871662938132999, -8.063892971514701 ] } },
{ "type": "Feature", "properties": { "value": "regulatory--maximum-speed-limit-40--g1", "speed": 40 }, "geometry": { "type": "Point", "coordinates": [ -34.909542716533998, -8.085565877824299 ] } },
{ "type": "Feature", "properties": { "value": "regulatory--maximum-speed-limit-40--g1", "speed": 40 }, "geometry": { "type": "Point", "coordinates": [ -34.909962880171001, -8.087969169738599 ] } },
{ "type": "Feature", "properties": { "value": "regulatory--maximum-speed-limit-40--g1", "speed": 40 }, "geometry": { "type": "Point", "coordinates": [ -34.906585520116998, -8.110210192069699 ] } },
{ "type": "Feature", "properties": { "value": "regulatory--maximum-speed-limit-40--g1", "speed": 40 }, "geometry": { "type": "Point", "coordinates": [ -34.888954506041003, -8.058019626087701 ] } },
{ "type": "Feature", "properties": { "value": "regulatory--maximum-speed-limit-40--g1", "speed": 40 }, "geometry": { "type": "Point", "coordinates": [ -34.890690593309998, -8.057189882081399 ] } },
{ "type": "Feature", "properties": { "value": "regulatory--maximum-speed-limit-40--g1", "speed": 40 }, "geometry": { "type": "Point", "coordinates": [ -34.879185336082003, -8.0664655042538 ] } },
{ "type": "Feature", "properties": { "value": "regulatory--maximum-speed-limit-40--g1", "speed": 40 }, "geometry": { "type": "Point", "coordinates": [ -34.897563096256, -8.1169745145689 ] } },
{ "type": "Feature", "properties": { "value": "regulatory--maximum-speed-limit-40--g1", "speed": 40 }, "geometry": { "type": "Point", "coordinates": [ -34.897335372971, -8.1169877568686 ] } },
{ "type": "Feature", "properties": { "value": "regulatory--maximum-speed-limit-40--g1", "speed": 40 }, "geometry": { "type": "Point", "coordinates": [ -34.936162507201999, -8.047346243278501 ] } },
{ "type": "Feature", "properties": { "value": "regulatory--maximum-speed-limit-40--g1", "speed": 40 }, "geometry": { "type": "Point", "coordinates": [ -34.936004379167002, -8.047966699881499 ] } },
{ "type": "Feature", "properties": { "value": "regulatory--maximum-speed-limit-40--g1", "speed": 40 }, "geometry": { "type": "Point", "coordinates": [ -34.936058298886003, -8.047754936474201 ] } },
{ "type": "Feature", "properties": { "value": "regulatory--maximum-speed-limit-40--g1", "speed": 40 }, "geometry": { "type": "Point", "coordinates": [ -34.946642119486, -8.110462135505401 ] } },
{ "type": "Feature", "properties": { "value": "regulatory--maximum-speed-limit-40--g1", "speed": 40 }, "geometry": { "type": "Point", "coordinates": [ -34.913570264942997, -8.108479636899499 ] } },
{ "type": "Feature", "properties": { "value": "regulatory--maximum-speed-limit-40--g1", "speed": 40 }, "geometry": { "type": "Point", "coordinates": [ -34.945457233153, -8.1130708329519 ] } },
{ "type": "Feature", "properties": { "value": "regulatory--maximum-speed-limit-40--g1", "speed": 40 }, "geometry": { "type": "Point", "coordinates": [ -34.94567502964, -8.11289728281 ] } },
{ "type": "Feature", "properties": { "value": "regulatory--maximum-speed-limit-40--g1", "speed": 40 }, "geometry": { "type": "Point", "coordinates": [ -34.876140653679997, -8.029961116572199 ] } },
{ "type": "Feature", "properties": { "value": "regulatory--maximum-speed-limit-40--g1", "speed": 40 }, "geometry": { "type": "Point", "coordinates": [ -34.895906200806998, -8.115454619628499 ] } },
{ "type": "Feature", "properties": { "value": "regulatory--maximum-speed-limit-40--g1", "speed": 40 }, "geometry": { "type": "Point", "coordinates": [ -34.895878742698997, -8.1156148406544 ] } },
{ "type": "Feature", "properties": { "value": "regulatory--maximum-speed-limit-40--g1", "speed": 40 }, "geometry": { "type": "Point", "coordinates": [ -34.935063659405998, -8.109100120097199 ] } },
{ "type": "Feature", "properties": { "value": "regulatory--maximum-speed-limit-40--g1", "speed": 40 }, "geometry": { "type": "Point", "coordinates": [ -34.930010003417998, -8.039050764799301 ] } },
{ "type": "Feature", "properties": { "value": "regulatory--maximum-speed-limit-40--g1", "speed": 40 }, "geometry": { "type": "Point", "coordinates": [ -34.928863159366003, -8.0396915415522 ] } },
{ "type": "Feature", "properties": { "value": "regulatory--maximum-speed-limit-40--g1", "speed": 40 }, "geometry": { "type": "Point", "coordinates": [ -34.901338428195999, -8.123238560895 ] } },
{ "type": "Feature", "properties": { "value": "regulatory--maximum-speed-limit-40--g1", "speed": 40 }, "geometry": { "type": "Point", "coordinates": [ -34.889567581239, -8.065544240787199 ] } },
{ "type": "Feature", "properties": { "value": "regulatory--maximum-speed-limit-40--g1", "speed": 40 }, "geometry": { "type": "Point", "coordinates": [ -34.878393173326003, -8.0220691583635 ] } },
{ "type": "Feature", "properties": { "value": "regulatory--maximum-speed-limit-40--g1", "speed": 40 }, "geometry": { "type": "Point", "coordinates": [ -34.877263423940001, -8.0214283385248 ] } },
{ "type": "Feature", "properties": { "value": "regulatory--maximum-speed-limit-40--g1", "speed": 40 }, "geometry": { "type": "Point", "coordinates": [ -34.878216347554002, -8.022397736414099 ] } },
{ "type": "Feature", "properties": { "value": "regulatory--maximum-speed-limit-40--g1", "speed": 40 }, "geometry": { "type": "Point", "coordinates": [ -34.882484440977002, -8.0558648200645 ] } },
{ "type": "Feature", "properties": { "value": "regulatory--maximum-speed-limit-40--g1", "speed": 40 }, "geometry": { "type": "Point", "coordinates": [ -34.913215356020999, -8.1032102393321 ] } },
{ "type": "Feature", "properties": { "value": "regulatory--maximum-speed-limit-40--g1", "speed": 40 }, "geometry": { "type": "Point", "coordinates": [ -34.913439234960997, -8.104487091925099 ] } },
{ "type": "Feature", "properties": { "value": "regulatory--maximum-speed-limit-40--g1", "speed": 40 }, "geometry": { "type": "Point", "coordinates": [ -34.927868008947001, -8.067724419131601 ] } },
{ "type": "Feature", "properties": { "value": "regulatory--maximum-speed-limit-40--g1", "speed": 40 }, "geometry": { "type": "Point", "coordinates": [ -34.869739414253999, -8.054753801271399 ] } },
{ "type": "Feature", "properties": { "value": "regulatory--maximum-speed-limit-40--g1", "speed": 40 }, "geometry": { "type": "Point", "coordinates": [ -34.934339846695003, -8.0532220344835 ] } },
{ "type": "Feature", "properties": { "value": "regulatory--maximum-speed-limit-40--g1", "speed": 40 }, "geometry": { "type": "Point", "coordinates": [ -34.889773084075998, -8.046389457842899 ] } },
{ "type": "Feature", "properties": { "value": "regulatory--maximum-speed-limit-40--g1", "speed": 40 }, "geometry": { "type": "Point", "coordinates": [ -34.892490310158998, -8.052495489823199 ] } },
{ "type": "Feature", "properties": { "value": "regulatory--maximum-speed-limit-40--g1", "speed": 40 }, "geometry": { "type": "Point", "coordinates": [ -34.911975113536997, -8.1393753972479 ] } },
{ "type": "Feature", "properties": { "value": "regulatory--maximum-speed-limit-40--g1", "speed": 40 }, "geometry": { "type": "Point", "coordinates": [ -34.957693231884001, -8.0400210767062 ] } },
{ "type": "Feature", "properties": { "value": "regulatory--maximum-speed-limit-40--g1", "speed": 40 }, "geometry": { "type": "Point", "coordinates": [ -34.924168941992001, -8.0422887306786 ] } },
{ "type": "Feature", "properties": { "value": "regulatory--maximum-speed-limit-40--g1", "speed": 40 }, "geometry": { "type": "Point", "coordinates": [ -34.896046178460999, -8.1155925126378 ] } },
{ "type": "Feature", "properties": { "value": "regulatory--maximum-speed-limit-40--g1", "speed": 40 }, "geometry": { "type": "Point", "coordinates": [ -34.896074335663997, -8.1154550808859 ] } },
{ "type": "Feature", "properties": { "value": "regulatory--maximum-speed-limit-40--g1", "speed": 40 }, "geometry": { "type": "Point", "coordinates": [ -34.884626411802998, -8.037148153818199 ] } },
{ "type": "Feature", "properties": { "value": "regulatory--maximum-speed-limit-40--g1", "speed": 40 }, "geometry": { "type": "Point", "coordinates": [ -34.912825341249999, -8.0584711319541 ] } },
{ "type": "Feature", "properties": { "value": "regulatory--maximum-speed-limit-40--g1", "speed": 40 }, "geometry": { "type": "Point", "coordinates": [ -34.882705134920997, -8.024674349465799 ] } },
{ "type": "Feature", "properties": { "value": "regulatory--maximum-speed-limit-40--g1", "speed": 40 }, "geometry": { "type": "Point", "coordinates": [ -34.904121776238, -8.0324888189246 ] } },
{ "type": "Feature", "properties": { "value": "regulatory--maximum-speed-limit-40--g1", "speed": 40 }, "geometry": { "type": "Point", "coordinates": [ -34.904388866223002, -8.032321771374299 ] } },
{ "type": "Feature", "properties": { "value": "regulatory--maximum-speed-limit-40--g1", "speed": 40 }, "geometry": { "type": "Point", "coordinates": [ -34.904473143769998, -8.032080608690899 ] } },
{ "type": "Feature", "properties": { "value": "regulatory--maximum-speed-limit-40--g1", "speed": 40 }, "geometry": { "type": "Point", "coordinates": [ -34.889493147590997, -8.0766144030236 ] } },
{ "type": "Feature", "properties": { "value": "regulatory--maximum-speed-limit-40--g1", "speed": 40 }, "geometry": { "type": "Point", "coordinates": [ -34.889540773363997, -8.076739275169 ] } },
{ "type": "Feature", "properties": { "value": "regulatory--maximum-speed-limit-40--g1", "speed": 40 }, "geometry": { "type": "Point", "coordinates": [ -34.942921692612003, -8.0304132354239 ] } },
{ "type": "Feature", "properties": { "value": "regulatory--maximum-speed-limit-40--g1", "speed": 40 }, "geometry": { "type": "Point", "coordinates": [ -34.879950183825002, -8.0470495177834 ] } },
{ "type": "Feature", "properties": { "value": "regulatory--maximum-speed-limit-40--g1", "speed": 40 }, "geometry": { "type": "Point", "coordinates": [ -34.882673238645999, -8.054781005222999 ] } },
{ "type": "Feature", "properties": { "value": "regulatory--maximum-speed-limit-40--g1", "speed": 40 }, "geometry": { "type": "Point", "coordinates": [ -34.886690954504999, -8.0852413775853 ] } },
{ "type": "Feature", "properties": { "value": "regulatory--maximum-speed-limit-40--g1", "speed": 40 }, "geometry": { "type": "Point", "coordinates": [ -34.915724807757002, -8.026019836430899 ] } },
{ "type": "Feature", "properties": { "value": "regulatory--maximum-speed-limit-40--g1", "speed": 40 }, "geometry": { "type": "Point", "coordinates": [ -34.880892253120003, -8.060644789611899 ] } },
{ "type": "Feature", "properties": { "value": "regulatory--maximum-speed-limit-40--g1", "speed": 40 }, "geometry": { "type": "Point", "coordinates": [ -34.945460289418001, -8.1127802051542 ] } },
{ "type": "Feature", "properties": { "value": "regulatory--maximum-speed-limit-40--g1", "speed": 40 }, "geometry": { "type": "Point", "coordinates": [ -34.945131297290999, -8.1130231873922 ] } },
{ "type": "Feature", "properties": { "value": "regulatory--maximum-speed-limit-40--g1", "speed": 40 }, "geometry": { "type": "Point", "coordinates": [ -34.945282788215003, -8.113281323378301 ] } },
{ "type": "Feature", "properties": { "value": "regulatory--maximum-speed-limit-40--g1", "speed": 40 }, "geometry": { "type": "Point", "coordinates": [ -34.887329911884997, -8.0072209380207 ] } },
{ "type": "Feature", "properties": { "value": "regulatory--maximum-speed-limit-40--g1", "speed": 40 }, "geometry": { "type": "Point", "coordinates": [ -34.888370696347003, -8.0492850071912 ] } },
{ "type": "Feature", "properties": { "value": "regulatory--maximum-speed-limit-40--g1", "speed": 40 }, "geometry": { "type": "Point", "coordinates": [ -34.888375797621997, -8.049430425521599 ] } },
{ "type": "Feature", "properties": { "value": "regulatory--maximum-speed-limit-40--g1", "speed": 40 }, "geometry": { "type": "Point", "coordinates": [ -34.898822876964999, -8.1194529080254 ] } },
{ "type": "Feature", "properties": { "value": "regulatory--maximum-speed-limit-40--g1", "speed": 40 }, "geometry": { "type": "Point", "coordinates": [ -34.898664379642, -8.1196205948686 ] } },
{ "type": "Feature", "properties": { "value": "regulatory--maximum-speed-limit-40--g1", "speed": 40 }, "geometry": { "type": "Point", "coordinates": [ -34.907193502679, -8.045296355142 ] } },
{ "type": "Feature", "properties": { "value": "regulatory--maximum-speed-limit-40--g1", "speed": 40 }, "geometry": { "type": "Point", "coordinates": [ -34.924362368380997, -8.1075346645731 ] } },
{ "type": "Feature", "properties": { "value": "regulatory--maximum-speed-limit-40--g1", "speed": 40 }, "geometry": { "type": "Point", "coordinates": [ -34.888627210914002, -8.035579661279 ] } },
{ "type": "Feature", "properties": { "value": "regulatory--maximum-speed-limit-40--g1", "speed": 40 }, "geometry": { "type": "Point", "coordinates": [ -34.900670595127004, -8.0401643205177 ] } },
{ "type": "Feature", "properties": { "value": "regulatory--maximum-speed-limit-40--g1", "speed": 40 }, "geometry": { "type": "Point", "coordinates": [ -34.945368478524003, -8.113026300500399 ] } },
{ "type": "Feature", "properties": { "value": "regulatory--maximum-speed-limit-40--g1", "speed": 40 }, "geometry": { "type": "Point", "coordinates": [ -34.929434993489998, -8.0542757719312 ] } },
{ "type": "Feature", "properties": { "value": "regulatory--maximum-speed-limit-40--g1", "speed": 40 }, "geometry": { "type": "Point", "coordinates": [ -34.889198473423001, -8.064124177840499 ] } },
{ "type": "Feature", "properties": { "value": "regulatory--maximum-speed-limit-40--g1", "speed": 40 }, "geometry": { "type": "Point", "coordinates": [ -34.889503906199998, -8.050448311215201 ] } },
{ "type": "Feature", "properties": { "value": "regulatory--maximum-speed-limit-40--g1", "speed": 40 }, "geometry": { "type": "Point", "coordinates": [ -34.890996412105999, -8.050194908583499 ] } },
{ "type": "Feature", "properties": { "value": "regulatory--maximum-speed-limit-40--g1", "speed": 40 }, "geometry": { "type": "Point", "coordinates": [ -34.876056252799998, -8.037883999143199 ] } },
{ "type": "Feature", "properties": { "value": "regulatory--maximum-speed-limit-40--g1", "speed": 40 }, "geometry": { "type": "Point", "coordinates": [ -34.877934602045002, -8.038704736363099 ] } },
{ "type": "Feature", "properties": { "value": "regulatory--maximum-speed-limit-40--g1", "speed": 40 }, "geometry": { "type": "Point", "coordinates": [ -34.911729281528999, -8.0588565428666 ] } },
{ "type": "Feature", "properties": { "value": "regulatory--maximum-speed-limit-40--g1", "speed": 40 }, "geometry": { "type": "Point", "coordinates": [ -34.870592744752003, -8.0613346344097 ] } },
{ "type": "Feature", "properties": { "value": "regulatory--maximum-speed-limit-40--g1", "speed": 40 }, "geometry": { "type": "Point", "coordinates": [ -34.886919312590003, -8.0851841126854 ] } },
{ "type": "Feature", "properties": { "value": "regulatory--maximum-speed-limit-40--g1", "speed": 40 }, "geometry": { "type": "Point", "coordinates": [ -34.941086963337, -8.050328888972 ] } },
{ "type": "Feature", "properties": { "value": "regulatory--maximum-speed-limit-40--g1", "speed": 40 }, "geometry": { "type": "Point", "coordinates": [ -34.924665536336001, -8.0116623645466 ] } },
{ "type": "Feature", "properties": { "value": "regulatory--maximum-speed-limit-40--g1", "speed": 40 }, "geometry": { "type": "Point", "coordinates": [ -34.926546721496003, -8.0631296491909 ] } },
{ "type": "Feature", "properties": { "value": "regulatory--maximum-speed-limit-40--g1", "speed": 40 }, "geometry": { "type": "Point", "coordinates": [ -34.942210272944997, -8.032275102044 ] } },
{ "type": "Feature", "properties": { "value": "regulatory--maximum-speed-limit-40--g1", "speed": 40 }, "geometry": { "type": "Point", "coordinates": [ -34.943085651579999, -8.030131174576701 ] } },
{ "type": "Feature", "properties": { "value": "regulatory--maximum-speed-limit-40--g1", "speed": 40 }, "geometry": { "type": "Point", "coordinates": [ -34.930496642865997, -8.038785430155301 ] } },
{ "type": "Feature", "properties": { "value": "regulatory--maximum-speed-limit-40--g1", "speed": 40 }, "geometry": { "type": "Point", "coordinates": [ -34.877406515091003, -8.0676084494897 ] } },
{ "type": "Feature", "properties": { "value": "regulatory--maximum-speed-limit-40--g1", "speed": 40 }, "geometry": { "type": "Point", "coordinates": [ -34.877414856309002, -8.067637082784399 ] } },
{ "type": "Feature", "properties": { "value": "regulatory--maximum-speed-limit-40--g1", "speed": 40 }, "geometry": { "type": "Point", "coordinates": [ -34.942177229518997, -8.0323796427428 ] } },
{ "type": "Feature", "properties": { "value": "regulatory--maximum-speed-limit-40--g1", "speed": 40 }, "geometry": { "type": "Point", "coordinates": [ -34.942298727946998, -8.032380043650701 ] } },
{ "type": "Feature", "properties": { "value": "regulatory--maximum-speed-limit-40--g1", "speed": 40 }, "geometry": { "type": "Point", "coordinates": [ -34.896002516465003, -8.02797343956 ] } },
{ "type": "Feature", "properties": { "value": "regulatory--maximum-speed-limit-40--g1", "speed": 40 }, "geometry": { "type": "Point", "coordinates": [ -34.910126169915003, -8.047570630472199 ] } },
{ "type": "Feature", "properties": { "value": "regulatory--maximum-speed-limit-40--g1", "speed": 40 }, "geometry": { "type": "Point", "coordinates": [ -34.887694537259001, -8.0615456629401 ] } },
{ "type": "Feature", "properties": { "value": "regulatory--maximum-speed-limit-40--g1", "speed": 40 }, "geometry": { "type": "Point", "coordinates": [ -34.880734453248003, -8.0604711600571 ] } },
{ "type": "Feature", "properties": { "value": "regulatory--maximum-speed-limit-40--g1", "speed": 40 }, "geometry": { "type": "Point", "coordinates": [ -34.970584187230997, -8.0798519757025 ] } },
{ "type": "Feature", "properties": { "value": "regulatory--maximum-speed-limit-40--g1", "speed": 40 }, "geometry": { "type": "Point", "coordinates": [ -34.896049374232, -8.0456534893775 ] } },
{ "type": "Feature", "properties": { "value": "regulatory--maximum-speed-limit-40--g1", "speed": 40 }, "geometry": { "type": "Point", "coordinates": [ -34.885267809333001, -8.057797860155199 ] } },
{ "type": "Feature", "properties": { "value": "regulatory--maximum-speed-limit-40--g1", "speed": 40 }, "geometry": { "type": "Point", "coordinates": [ -34.963156079769, -8.1067404552106 ] } },
{ "type": "Feature", "properties": { "value": "regulatory--maximum-speed-limit-40--g1", "speed": 40 }, "geometry": { "type": "Point", "coordinates": [ -34.922319351542001, -8.0292246890432 ] } },
{ "type": "Feature", "properties": { "value": "regulatory--maximum-speed-limit-40--g1", "speed": 40 }, "geometry": { "type": "Point", "coordinates": [ -34.882268021111003, -8.089879149106601 ] } },
{ "type": "Feature", "properties": { "value": "regulatory--maximum-speed-limit-40--g1", "speed": 40 }, "geometry": { "type": "Point", "coordinates": [ -34.908849268220997, -8.0820573120597 ] } },
{ "type": "Feature", "properties": { "value": "regulatory--maximum-speed-limit-40--g1", "speed": 40 }, "geometry": { "type": "Point", "coordinates": [ -34.908886344974, -8.0825367137922 ] } },
{ "type": "Feature", "properties": { "value": "regulatory--maximum-speed-limit-40--g1", "speed": 40 }, "geometry": { "type": "Point", "coordinates": [ -34.908942068110001, -8.0822459409142 ] } },
{ "type": "Feature", "properties": { "value": "regulatory--maximum-speed-limit-40--g1", "speed": 40 }, "geometry": { "type": "Point", "coordinates": [ -34.894111152458997, -8.1109732654298 ] } },
{ "type": "Feature", "properties": { "value": "regulatory--maximum-speed-limit-40--g1", "speed": 40 }, "geometry": { "type": "Point", "coordinates": [ -34.895872603142003, -8.063643945581299 ] } },
{ "type": "Feature", "properties": { "value": "regulatory--maximum-speed-limit-40--g1", "speed": 40 }, "geometry": { "type": "Point", "coordinates": [ -34.897722870392002, -8.026498040348701 ] } },
{ "type": "Feature", "properties": { "value": "regulatory--maximum-speed-limit-40--g1", "speed": 40 }, "geometry": { "type": "Point", "coordinates": [ -34.914108163755003, -8.031851807335499 ] } },
{ "type": "Feature", "properties": { "value": "regulatory--maximum-speed-limit-40--g1", "speed": 40 }, "geometry": { "type": "Point", "coordinates": [ -34.914385049072997, -8.031882286550999 ] } },
{ "type": "Feature", "properties": { "value": "regulatory--maximum-speed-limit-40--g1", "speed": 40 }, "geometry": { "type": "Point", "coordinates": [ -34.914931913647003, -8.031630707646 ] } },
{ "type": "Feature", "properties": { "value": "regulatory--maximum-speed-limit-40--g1", "speed": 40 }, "geometry": { "type": "Point", "coordinates": [ -34.901310326145001, -8.124269039030599 ] } },
{ "type": "Feature", "properties": { "value": "regulatory--maximum-speed-limit-40--g1", "speed": 40 }, "geometry": { "type": "Point", "coordinates": [ -34.913097205778001, -8.1024878494884 ] } },
{ "type": "Feature", "properties": { "value": "regulatory--maximum-speed-limit-40--g1", "speed": 40 }, "geometry": { "type": "Point", "coordinates": [ -34.887841613623003, -8.051386479237101 ] } },
{ "type": "Feature", "properties": { "value": "regulatory--maximum-speed-limit-40--g1", "speed": 40 }, "geometry": { "type": "Point", "coordinates": [ -34.942716575055002, -8.0303723039692 ] } },
{ "type": "Feature", "properties": { "value": "regulatory--maximum-speed-limit-40--g1", "speed": 40 }, "geometry": { "type": "Point", "coordinates": [ -34.942912655945001, -8.0305190347825 ] } },
{ "type": "Feature", "properties": { "value": "regulatory--maximum-speed-limit-40--g1", "speed": 40 }, "geometry": { "type": "Point", "coordinates": [ -34.942787973858998, -8.030477970578501 ] } },
{ "type": "Feature", "properties": { "value": "regulatory--maximum-speed-limit-40--g1", "speed": 40 }, "geometry": { "type": "Point", "coordinates": [ -34.882024001200001, -8.0547686557184 ] } },
{ "type": "Feature", "properties": { "value": "regulatory--maximum-speed-limit-40--g1", "speed": 40 }, "geometry": { "type": "Point", "coordinates": [ -34.912703647327, -8.100126389167601 ] } },
{ "type": "Feature", "properties": { "value": "regulatory--maximum-speed-limit-40--g1", "speed": 40 }, "geometry": { "type": "Point", "coordinates": [ -34.918516517081002, -8.0272234367094 ] } },
{ "type": "Feature", "properties": { "value": "regulatory--maximum-speed-limit-40--g1", "speed": 40 }, "geometry": { "type": "Point", "coordinates": [ -34.888186074027999, -8.0620299104732 ] } },
{ "type": "Feature", "properties": { "value": "regulatory--maximum-speed-limit-40--g1", "speed": 40 }, "geometry": { "type": "Point", "coordinates": [ -34.888036898598997, -8.0621000830445 ] } },
{ "type": "Feature", "properties": { "value": "regulatory--maximum-speed-limit-40--g1", "speed": 40 }, "geometry": { "type": "Point", "coordinates": [ -34.911578240285998, -8.062418176133299 ] } },
{ "type": "Feature", "properties": { "value": "regulatory--maximum-speed-limit-40--g1", "speed": 40 }, "geometry": { "type": "Point", "coordinates": [ -34.945476670829997, -8.0678773831243 ] } },
{ "type": "Feature", "properties": { "value": "regulatory--maximum-speed-limit-40--g1", "speed": 40 }, "geometry": { "type": "Point", "coordinates": [ -34.894796470400003, -8.0233665904909 ] } },
{ "type": "Feature", "properties": { "value": "regulatory--maximum-speed-limit-40--g1", "speed": 40 }, "geometry": { "type": "Point", "coordinates": [ -34.896977010199002, -8.0238469131349 ] } },
{ "type": "Feature", "properties": { "value": "regulatory--maximum-speed-limit-40--g1", "speed": 40 }, "geometry": { "type": "Point", "coordinates": [ -34.889847104231997, -8.033737851907601 ] } },
{ "type": "Feature", "properties": { "value": "regulatory--maximum-speed-limit-40--g1", "speed": 40 }, "geometry": { "type": "Point", "coordinates": [ -34.870940457544997, -8.0620436070572 ] } },
{ "type": "Feature", "properties": { "value": "regulatory--maximum-speed-limit-40--g1", "speed": 40 }, "geometry": { "type": "Point", "coordinates": [ -34.870850025694999, -8.062080632269501 ] } },
{ "type": "Feature", "properties": { "value": "regulatory--maximum-speed-limit-40--g1", "speed": 40 }, "geometry": { "type": "Point", "coordinates": [ -34.871136120359999, -8.062764299135299 ] } },
{ "type": "Feature", "properties": { "value": "regulatory--maximum-speed-limit-40--g1", "speed": 40 }, "geometry": { "type": "Point", "coordinates": [ -34.871191441774002, -8.062627296324299 ] } },
{ "type": "Feature", "properties": { "value": "regulatory--maximum-speed-limit-40--g1", "speed": 40 }, "geometry": { "type": "Point", "coordinates": [ -34.922260823313003, -8.0007466078457 ] } },
{ "type": "Feature", "properties": { "value": "regulatory--maximum-speed-limit-40--g1", "speed": 40 }, "geometry": { "type": "Point", "coordinates": [ -34.910893258249999, -8.0922198108664 ] } },
{ "type": "Feature", "properties": { "value": "regulatory--maximum-speed-limit-40--g1", "speed": 40 }, "geometry": { "type": "Point", "coordinates": [ -34.942489252836999, -8.031158882910599 ] } },
{ "type": "Feature", "properties": { "value": "regulatory--maximum-speed-limit-40--g1", "speed": 40 }, "geometry": { "type": "Point", "coordinates": [ -34.891878988182, -8.0592383488551 ] } },
{ "type": "Feature", "properties": { "value": "regulatory--maximum-speed-limit-40--g1", "speed": 40 }, "geometry": { "type": "Point", "coordinates": [ -34.888341456309, -8.0511334031027 ] } },
{ "type": "Feature", "properties": { "value": "regulatory--maximum-speed-limit-40--g1", "speed": 40 }, "geometry": { "type": "Point", "coordinates": [ -34.926437846737002, -8.062986050616299 ] } },
{ "type": "Feature", "properties": { "value": "regulatory--maximum-speed-limit-40--g1", "speed": 40 }, "geometry": { "type": "Point", "coordinates": [ -34.870174206415001, -8.059658011794101 ] } },
{ "type": "Feature", "properties": { "value": "regulatory--maximum-speed-limit-40--g1", "speed": 40 }, "geometry": { "type": "Point", "coordinates": [ -34.903335393314997, -8.0370298915952 ] } },
{ "type": "Feature", "properties": { "value": "regulatory--maximum-speed-limit-40--g1", "speed": 40 }, "geometry": { "type": "Point", "coordinates": [ -34.900517499175002, -8.1187569107777 ] } },
{ "type": "Feature", "properties": { "value": "regulatory--maximum-speed-limit-40--g1", "speed": 40 }, "geometry": { "type": "Point", "coordinates": [ -34.894869261928001, -8.019866162515701 ] } },
{ "type": "Feature", "properties": { "value": "regulatory--maximum-speed-limit-40--g1", "speed": 40 }, "geometry": { "type": "Point", "coordinates": [ -34.943054350757997, -8.028279365394701 ] } },
{ "type": "Feature", "properties": { "value": "regulatory--maximum-speed-limit-40--g1", "speed": 40 }, "geometry": { "type": "Point", "coordinates": [ -34.943189716219997, -8.028264051460701 ] } },
{ "type": "Feature", "properties": { "value": "regulatory--maximum-speed-limit-40--g1", "speed": 40 }, "geometry": { "type": "Point", "coordinates": [ -34.886543173448999, -8.0592838294352 ] } },
{ "type": "Feature", "properties": { "value": "regulatory--maximum-speed-limit-40--g1", "speed": 40 }, "geometry": { "type": "Point", "coordinates": [ -34.882717467730998, -8.0668967476342 ] } },
{ "type": "Feature", "properties": { "value": "regulatory--maximum-speed-limit-40--g1", "speed": 40 }, "geometry": { "type": "Point", "coordinates": [ -34.911363510286002, -8.0477135407479 ] } },
{ "type": "Feature", "properties": { "value": "regulatory--maximum-speed-limit-40--g1", "speed": 40 }, "geometry": { "type": "Point", "coordinates": [ -34.913821318803002, -8.048053834117599 ] } },
{ "type": "Feature", "properties": { "value": "regulatory--maximum-speed-limit-40--g1", "speed": 40 }, "geometry": { "type": "Point", "coordinates": [ -34.915631623825, -8.1077166646373 ] } },
{ "type": "Feature", "properties": { "value": "regulatory--maximum-speed-limit-40--g1", "speed": 40 }, "geometry": { "type": "Point", "coordinates": [ -34.943227744452003, -8.0296027414219 ] } },
{ "type": "Feature", "properties": { "value": "regulatory--maximum-speed-limit-40--g1", "speed": 40 }, "geometry": { "type": "Point", "coordinates": [ -34.943242558027997, -8.030279534066301 ] } },
{ "type": "Feature", "properties": { "value": "regulatory--maximum-speed-limit-40--g1", "speed": 40 }, "geometry": { "type": "Point", "coordinates": [ -34.943154650594003, -8.030266087936401 ] } },
{ "type": "Feature", "properties": { "value": "regulatory--maximum-speed-limit-40--g1", "speed": 40 }, "geometry": { "type": "Point", "coordinates": [ -34.876503388358003, -8.0298356423352 ] } },
{ "type": "Feature", "properties": { "value": "regulatory--maximum-speed-limit-40--g1", "speed": 40 }, "geometry": { "type": "Point", "coordinates": [ -34.927128170883996, -8.065358700232601 ] } },
{ "type": "Feature", "properties": { "value": "regulatory--maximum-speed-limit-40--g1", "speed": 40 }, "geometry": { "type": "Point", "coordinates": [ -34.909769772994999, -8.0335919244504 ] } },
{ "type": "Feature", "properties": { "value": "regulatory--maximum-speed-limit-40--g1", "speed": 40 }, "geometry": { "type": "Point", "coordinates": [ -34.893563726455, -8.0278278969918 ] } },
{ "type": "Feature", "properties": { "value": "regulatory--maximum-speed-limit-40--g1", "speed": 40 }, "geometry": { "type": "Point", "coordinates": [ -34.943168766898999, -8.029886996881601 ] } },
{ "type": "Feature", "properties": { "value": "regulatory--maximum-speed-limit-40--g1", "speed": 40 }, "geometry": { "type": "Point", "coordinates": [ -34.943043387911999, -8.0298638540231 ] } },
{ "type": "Feature", "properties": { "value": "regulatory--maximum-speed-limit-40--g1", "speed": 40 }, "geometry": { "type": "Point", "coordinates": [ -34.943175304891, -8.0299830371957 ] } },
{ "type": "Feature", "properties": { "value": "regulatory--maximum-speed-limit-40--g1", "speed": 40 }, "geometry": { "type": "Point", "coordinates": [ -34.920467266241999, -8.0354241524179 ] } },
{ "type": "Feature", "properties": { "value": "regulatory--maximum-speed-limit-40--g1", "speed": 40 }, "geometry": { "type": "Point", "coordinates": [ -34.905858946513, -8.030810177511 ] } },
{ "type": "Feature", "properties": { "value": "regulatory--maximum-speed-limit-40--g1", "speed": 40 }, "geometry": { "type": "Point", "coordinates": [ -34.929267633976998, -8.1072839139681 ] } },
{ "type": "Feature", "properties": { "value": "regulatory--maximum-speed-limit-40--g1", "speed": 40 }, "geometry": { "type": "Point", "coordinates": [ -34.912395780426998, -8.0985216151891 ] } },
{ "type": "Feature", "properties": { "value": "regulatory--maximum-speed-limit-40--g1", "speed": 40 }, "geometry": { "type": "Point", "coordinates": [ -34.885614566428998, -8.086590665208901 ] } },
{ "type": "Feature", "properties": { "value": "regulatory--maximum-speed-limit-40--g1", "speed": 40 }, "geometry": { "type": "Point", "coordinates": [ -34.911666896078998, -8.0955328748793 ] } },
{ "type": "Feature", "properties": { "value": "regulatory--maximum-speed-limit-40--g1", "speed": 40 }, "geometry": { "type": "Point", "coordinates": [ -34.911010984248001, -8.0299888622468 ] } },
{ "type": "Feature", "properties": { "value": "regulatory--maximum-speed-limit-40--g1", "speed": 40 }, "geometry": { "type": "Point", "coordinates": [ -34.935118025103002, -8.0449539879677 ] } },
{ "type": "Feature", "properties": { "value": "regulatory--maximum-speed-limit-40--g1", "speed": 40 }, "geometry": { "type": "Point", "coordinates": [ -34.942325176891998, -8.032287540050101 ] } },
{ "type": "Feature", "properties": { "value": "regulatory--maximum-speed-limit-40--g1", "speed": 40 }, "geometry": { "type": "Point", "coordinates": [ -34.942267414561996, -8.032343527741199 ] } },
{ "type": "Feature", "properties": { "value": "regulatory--maximum-speed-limit-40--g1", "speed": 40 }, "geometry": { "type": "Point", "coordinates": [ -34.942204651817001, -8.032190068388401 ] } },
{ "type": "Feature", "properties": { "value": "regulatory--maximum-speed-limit-40--g1", "speed": 40 }, "geometry": { "type": "Point", "coordinates": [ -34.942111861889998, -8.032207174363799 ] } },
{ "type": "Feature", "properties": { "value": "regulatory--maximum-speed-limit-40--g1", "speed": 40 }, "geometry": { "type": "Point", "coordinates": [ -34.911919392323, -8.0960988899031 ] } },
{ "type": "Feature", "properties": { "value": "regulatory--maximum-speed-limit-40--g1", "speed": 40 }, "geometry": { "type": "Point", "coordinates": [ -34.912580259917, -8.053978350043399 ] } },
{ "type": "Feature", "properties": { "value": "regulatory--maximum-speed-limit-40--g1", "speed": 40 }, "geometry": { "type": "Point", "coordinates": [ -34.896866741266003, -8.063777606233201 ] } },
{ "type": "Feature", "properties": { "value": "regulatory--maximum-speed-limit-40--g1", "speed": 40 }, "geometry": { "type": "Point", "coordinates": [ -34.931062562640001, -8.038455302704 ] } },
{ "type": "Feature", "properties": { "value": "regulatory--maximum-speed-limit-40--g1", "speed": 40 }, "geometry": { "type": "Point", "coordinates": [ -34.911164076367001, -8.1411338130139 ] } },
{ "type": "Feature", "properties": { "value": "regulatory--maximum-speed-limit-40--g1", "speed": 40 }, "geometry": { "type": "Point", "coordinates": [ -34.910843048928001, -8.140141204286101 ] } },
{ "type": "Feature", "properties": { "value": "regulatory--maximum-speed-limit-40--g1", "speed": 40 }, "geometry": { "type": "Point", "coordinates": [ -34.923214819221002, -8.048039600847 ] } },
{ "type": "Feature", "properties": { "value": "regulatory--maximum-speed-limit-40--g1", "speed": 40 }, "geometry": { "type": "Point", "coordinates": [ -34.888454914904003, -8.047749737676201 ] } },
{ "type": "Feature", "properties": { "value": "regulatory--maximum-speed-limit-40--g1", "speed": 40 }, "geometry": { "type": "Point", "coordinates": [ -34.889455053197999, -8.0497495206107 ] } },
{ "type": "Feature", "properties": { "value": "regulatory--maximum-speed-limit-40--g1", "speed": 40 }, "geometry": { "type": "Point", "coordinates": [ -34.874743471184999, -8.0448994062482 ] } },
{ "type": "Feature", "properties": { "value": "regulatory--maximum-speed-limit-40--g1", "speed": 40 }, "geometry": { "type": "Point", "coordinates": [ -34.914107714453003, -8.066168856089501 ] } },
{ "type": "Feature", "properties": { "value": "regulatory--maximum-speed-limit-40--g1", "speed": 40 }, "geometry": { "type": "Point", "coordinates": [ -34.895592476947002, -8.1179660691324 ] } },
{ "type": "Feature", "properties": { "value": "regulatory--maximum-speed-limit-40--g1", "speed": 40 }, "geometry": { "type": "Point", "coordinates": [ -34.906490150704997, -8.1102541689164 ] } },
{ "type": "Feature", "properties": { "value": "regulatory--maximum-speed-limit-40--g1", "speed": 40 }, "geometry": { "type": "Point", "coordinates": [ -34.908361511370003, -8.1095578778211 ] } },
{ "type": "Feature", "properties": { "value": "regulatory--maximum-speed-limit-40--g1", "speed": 40 }, "geometry": { "type": "Point", "coordinates": [ -34.942585980825001, -8.0310820375582 ] } },
{ "type": "Feature", "properties": { "value": "regulatory--maximum-speed-limit-40--g1", "speed": 40 }, "geometry": { "type": "Point", "coordinates": [ -34.942833872115003, -8.030071236944 ] } },
{ "type": "Feature", "properties": { "value": "regulatory--maximum-speed-limit-40--g1", "speed": 40 }, "geometry": { "type": "Point", "coordinates": [ -34.899127260130001, -8.041827250661999 ] } },
{ "type": "Feature", "properties": { "value": "regulatory--maximum-speed-limit-40--g1", "speed": 40 }, "geometry": { "type": "Point", "coordinates": [ -34.898509523031002, -8.0431111575869 ] } },
{ "type": "Feature", "properties": { "value": "regulatory--maximum-speed-limit-40--g1", "speed": 40 }, "geometry": { "type": "Point", "coordinates": [ -34.900778289997, -8.1173393283021 ] } },
{ "type": "Feature", "properties": { "value": "regulatory--maximum-speed-limit-40--g1", "speed": 40 }, "geometry": { "type": "Point", "coordinates": [ -34.895030796801997, -8.030181071707201 ] } },
{ "type": "Feature", "properties": { "value": "regulatory--maximum-speed-limit-40--g1", "speed": 40 }, "geometry": { "type": "Point", "coordinates": [ -34.899647881805997, -8.1191392246593 ] } },
{ "type": "Feature", "properties": { "value": "regulatory--maximum-speed-limit-40--g1", "speed": 40 }, "geometry": { "type": "Point", "coordinates": [ -34.910353419788997, -8.0284808275981 ] } },
{ "type": "Feature", "properties": { "value": "regulatory--maximum-speed-limit-40--g1", "speed": 40 }, "geometry": { "type": "Point", "coordinates": [ -34.907768233051002, -8.0335158502353 ] } },
{ "type": "Feature", "properties": { "value": "regulatory--maximum-speed-limit-40--g1", "speed": 40 }, "geometry": { "type": "Point", "coordinates": [ -34.912853150821, -8.046724915612399 ] } },
{ "type": "Feature", "properties": { "value": "regulatory--maximum-speed-limit-40--g1", "speed": 40 }, "geometry": { "type": "Point", "coordinates": [ -34.869978441337999, -8.0589506127713 ] } },
{ "type": "Feature", "properties": { "value": "regulatory--maximum-speed-limit-40--g1", "speed": 40 }, "geometry": { "type": "Point", "coordinates": [ -34.883942875190002, -8.064518174322201 ] } },
{ "type": "Feature", "properties": { "value": "regulatory--maximum-speed-limit-40--g1", "speed": 40 }, "geometry": { "type": "Point", "coordinates": [ -34.882913684309003, -8.0641665462784 ] } },
{ "type": "Feature", "properties": { "value": "regulatory--maximum-speed-limit-40--g1", "speed": 40 }, "geometry": { "type": "Point", "coordinates": [ -34.884810620838003, -8.064809547620101 ] } },
{ "type": "Feature", "properties": { "value": "regulatory--maximum-speed-limit-40--g1", "speed": 40 }, "geometry": { "type": "Point", "coordinates": [ -34.878693563852003, -8.0721950260992 ] } },
{ "type": "Feature", "properties": { "value": "regulatory--maximum-speed-limit-40--g1", "speed": 40 }, "geometry": { "type": "Point", "coordinates": [ -34.955726824187003, -8.035458427787599 ] } },
{ "type": "Feature", "properties": { "value": "regulatory--maximum-speed-limit-40--g1", "speed": 40 }, "geometry": { "type": "Point", "coordinates": [ -34.896759987080998, -8.0455090076392 ] } },
{ "type": "Feature", "properties": { "value": "regulatory--maximum-speed-limit-40--g1", "speed": 40 }, "geometry": { "type": "Point", "coordinates": [ -34.911324107694, -8.053804701214199 ] } },
{ "type": "Feature", "properties": { "value": "regulatory--maximum-speed-limit-40--g1", "speed": 40 }, "geometry": { "type": "Point", "coordinates": [ -34.882479459000997, -8.0898251134376 ] } },
{ "type": "Feature", "properties": { "value": "regulatory--maximum-speed-limit-40--g1", "speed": 40 }, "geometry": { "type": "Point", "coordinates": [ -34.881420376610002, -8.0615831352572 ] } },
{ "type": "Feature", "properties": { "value": "regulatory--maximum-speed-limit-40--g1", "speed": 40 }, "geometry": { "type": "Point", "coordinates": [ -34.880620327761001, -8.0605450276509 ] } },
{ "type": "Feature", "properties": { "value": "regulatory--maximum-speed-limit-40--g1", "speed": 40 }, "geometry": { "type": "Point", "coordinates": [ -34.881331213632997, -8.061665367901901 ] } },
{ "type": "Feature", "properties": { "value": "regulatory--maximum-speed-limit-40--g1", "speed": 40 }, "geometry": { "type": "Point", "coordinates": [ -34.895813483875997, -8.0206125247937 ] } },
{ "type": "Feature", "properties": { "value": "regulatory--maximum-speed-limit-40--g1", "speed": 40 }, "geometry": { "type": "Point", "coordinates": [ -34.912382270842997, -8.027878526405701 ] } },
{ "type": "Feature", "properties": { "value": "regulatory--maximum-speed-limit-40--g1", "speed": 40 }, "geometry": { "type": "Point", "coordinates": [ -34.904970717944998, -8.0787345757252 ] } },
{ "type": "Feature", "properties": { "value": "regulatory--maximum-speed-limit-40--g1", "speed": 40 }, "geometry": { "type": "Point", "coordinates": [ -34.905096474517997, -8.0787478130664 ] } },
{ "type": "Feature", "properties": { "value": "regulatory--maximum-speed-limit-40--g1", "speed": 40 }, "geometry": { "type": "Point", "coordinates": [ -34.943954954840002, -8.116545118002501 ] } },
{ "type": "Feature", "properties": { "value": "regulatory--maximum-speed-limit-40--g1", "speed": 40 }, "geometry": { "type": "Point", "coordinates": [ -34.943844948105998, -8.116505679525501 ] } },
{ "type": "Feature", "properties": { "value": "regulatory--maximum-speed-limit-40--g1", "speed": 40 }, "geometry": { "type": "Point", "coordinates": [ -34.882295522771003, -8.070479205951401 ] } },
{ "type": "Feature", "properties": { "value": "regulatory--maximum-speed-limit-40--g1", "speed": 40 }, "geometry": { "type": "Point", "coordinates": [ -34.907222773709996, -8.0300142972189 ] } },
{ "type": "Feature", "properties": { "value": "regulatory--maximum-speed-limit-40--g1", "speed": 40 }, "geometry": { "type": "Point", "coordinates": [ -34.912143540725999, -8.0077851034204 ] } },
{ "type": "Feature", "properties": { "value": "regulatory--maximum-speed-limit-40--g1", "speed": 40 }, "geometry": { "type": "Point", "coordinates": [ -34.942751435825997, -8.030061839180901 ] } },
{ "type": "Feature", "properties": { "value": "regulatory--maximum-speed-limit-40--g1", "speed": 40 }, "geometry": { "type": "Point", "coordinates": [ -34.932653555331001, -8.0180874696555 ] } },
{ "type": "Feature", "properties": { "value": "regulatory--maximum-speed-limit-40--g1", "speed": 40 }, "geometry": { "type": "Point", "coordinates": [ -34.931841850798001, -7.9890669563646 ] } },
{ "type": "Feature", "properties": { "value": "regulatory--maximum-speed-limit-40--g1", "speed": 40 }, "geometry": { "type": "Point", "coordinates": [ -34.874732514973999, -8.024337314961199 ] } },
{ "type": "Feature", "properties": { "value": "regulatory--maximum-speed-limit-40--g1", "speed": 40 }, "geometry": { "type": "Point", "coordinates": [ -34.927612821514003, -8.0404790385879 ] } },
{ "type": "Feature", "properties": { "value": "regulatory--maximum-speed-limit-40--g1", "speed": 40 }, "geometry": { "type": "Point", "coordinates": [ -34.910736769339998, -8.149967789354299 ] } },
{ "type": "Feature", "properties": { "value": "regulatory--maximum-speed-limit-40--g1", "speed": 40 }, "geometry": { "type": "Point", "coordinates": [ -34.911698244946002, -8.149606658161501 ] } },
{ "type": "Feature", "properties": { "value": "regulatory--maximum-speed-limit-40--g1", "speed": 40 }, "geometry": { "type": "Point", "coordinates": [ -34.903189670048, -8.1356583524106 ] } },
{ "type": "Feature", "properties": { "value": "regulatory--maximum-speed-limit-40--g1", "speed": 40 }, "geometry": { "type": "Point", "coordinates": [ -34.932187621651003, -8.1080857836257 ] } },
{ "type": "Feature", "properties": { "value": "regulatory--maximum-speed-limit-40--g1", "speed": 40 }, "geometry": { "type": "Point", "coordinates": [ -34.932304416752999, -8.1082233786738 ] } },
{ "type": "Feature", "properties": { "value": "regulatory--maximum-speed-limit-40--g1", "speed": 40 }, "geometry": { "type": "Point", "coordinates": [ -34.904476218425003, -8.0540107909182 ] } },
{ "type": "Feature", "properties": { "value": "regulatory--maximum-speed-limit-40--g1", "speed": 40 }, "geometry": { "type": "Point", "coordinates": [ -34.904224285897001, -8.055108924659899 ] } },
{ "type": "Feature", "properties": { "value": "regulatory--maximum-speed-limit-40--g1", "speed": 40 }, "geometry": { "type": "Point", "coordinates": [ -34.904037495535, -8.055616304268799 ] } },
{ "type": "Feature", "properties": { "value": "regulatory--maximum-speed-limit-40--g1", "speed": 40 }, "geometry": { "type": "Point", "coordinates": [ -34.891736878464002, -8.053939661552199 ] } },
{ "type": "Feature", "properties": { "value": "regulatory--maximum-speed-limit-40--g1", "speed": 40 }, "geometry": { "type": "Point", "coordinates": [ -34.975656392841998, -8.029285659041699 ] } },
{ "type": "Feature", "properties": { "value": "regulatory--maximum-speed-limit-40--g1", "speed": 40 }, "geometry": { "type": "Point", "coordinates": [ -34.945666147224003, -8.1125533617874 ] } },
{ "type": "Feature", "properties": { "value": "regulatory--maximum-speed-limit-40--g1", "speed": 40 }, "geometry": { "type": "Point", "coordinates": [ -34.945742513573997, -8.1125773850939 ] } },
{ "type": "Feature", "properties": { "value": "regulatory--maximum-speed-limit-40--g1", "speed": 40 }, "geometry": { "type": "Point", "coordinates": [ -34.919160470294997, -8.027576519954501 ] } },
{ "type": "Feature", "properties": { "value": "regulatory--maximum-speed-limit-40--g1", "speed": 40 }, "geometry": { "type": "Point", "coordinates": [ -34.909085119282999, -8.0666207985953 ] } },
{ "type": "Feature", "properties": { "value": "regulatory--maximum-speed-limit-40--g1", "speed": 40 }, "geometry": { "type": "Point", "coordinates": [ -34.908449611309003, -8.0345972404369 ] } },
{ "type": "Feature", "properties": { "value": "regulatory--maximum-speed-limit-40--g1", "speed": 40 }, "geometry": { "type": "Point", "coordinates": [ -34.905895994764002, -8.1105470439313 ] } },
{ "type": "Feature", "properties": { "value": "regulatory--maximum-speed-limit-40--g1", "speed": 40 }, "geometry": { "type": "Point", "coordinates": [ -34.911126496606002, -8.140993666985599 ] } },
{ "type": "Feature", "properties": { "value": "regulatory--maximum-speed-limit-40--g1", "speed": 40 }, "geometry": { "type": "Point", "coordinates": [ -34.894634824519002, -8.111767074594001 ] } },
{ "type": "Feature", "properties": { "value": "regulatory--maximum-speed-limit-40--g1", "speed": 40 }, "geometry": { "type": "Point", "coordinates": [ -34.890090532476002, -8.0275117294323 ] } },
{ "type": "Feature", "properties": { "value": "regulatory--maximum-speed-limit-40--g1", "speed": 40 }, "geometry": { "type": "Point", "coordinates": [ -34.911526562809001, -8.0076278178403 ] } },
{ "type": "Feature", "properties": { "value": "regulatory--maximum-speed-limit-40--g1", "speed": 40 }, "geometry": { "type": "Point", "coordinates": [ -34.909351876895997, -8.0536081587317 ] } },
{ "type": "Feature", "properties": { "value": "regulatory--maximum-speed-limit-40--g1", "speed": 40 }, "geometry": { "type": "Point", "coordinates": [ -34.942715628766003, -8.0305205975896 ] } },
{ "type": "Feature", "properties": { "value": "regulatory--maximum-speed-limit-40--g1", "speed": 40 }, "geometry": { "type": "Point", "coordinates": [ -34.881855959081001, -8.090809423925901 ] } },
{ "type": "Feature", "properties": { "value": "regulatory--maximum-speed-limit-40--g1", "speed": 40 }, "geometry": { "type": "Point", "coordinates": [ -34.881950642683002, -8.090279906018001 ] } },
{ "type": "Feature", "properties": { "value": "regulatory--maximum-speed-limit-40--g1", "speed": 40 }, "geometry": { "type": "Point", "coordinates": [ -34.934913238279997, -8.108884606215 ] } },
{ "type": "Feature", "properties": { "value": "regulatory--maximum-speed-limit-40--g1", "speed": 40 }, "geometry": { "type": "Point", "coordinates": [ -34.891455795741997, -8.0353804325238 ] } },
{ "type": "Feature", "properties": { "value": "regulatory--maximum-speed-limit-40--g1", "speed": 40 }, "geometry": { "type": "Point", "coordinates": [ -34.888638636754997, -8.0272775525066 ] } },
{ "type": "Feature", "properties": { "value": "regulatory--maximum-speed-limit-40--g1", "speed": 40 }, "geometry": { "type": "Point", "coordinates": [ -34.887994768904001, -8.088061351423001 ] } },
{ "type": "Feature", "properties": { "value": "regulatory--maximum-speed-limit-40--g1", "speed": 40 }, "geometry": { "type": "Point", "coordinates": [ -34.881131939862001, -8.0642711050768 ] } },
{ "type": "Feature", "properties": { "value": "regulatory--maximum-speed-limit-40--g1", "speed": 40 }, "geometry": { "type": "Point", "coordinates": [ -34.881617029188, -8.0648384395713 ] } },
{ "type": "Feature", "properties": { "value": "regulatory--maximum-speed-limit-40--g1", "speed": 40 }, "geometry": { "type": "Point", "coordinates": [ -34.942820888187001, -8.0303713554775 ] } },
{ "type": "Feature", "properties": { "value": "regulatory--maximum-speed-limit-40--g1", "speed": 40 }, "geometry": { "type": "Point", "coordinates": [ -34.927531343871998, -8.066311143518901 ] } },
{ "type": "Feature", "properties": { "value": "regulatory--maximum-speed-limit-40--g1", "speed": 40 }, "geometry": { "type": "Point", "coordinates": [ -34.927643509980001, -8.0666209496141 ] } },
{ "type": "Feature", "properties": { "value": "regulatory--maximum-speed-limit-40--g1", "speed": 40 }, "geometry": { "type": "Point", "coordinates": [ -34.929240365901997, -8.1073627951472 ] } },
{ "type": "Feature", "properties": { "value": "regulatory--maximum-speed-limit-40--g1", "speed": 40 }, "geometry": { "type": "Point", "coordinates": [ -34.929357427976001, -8.107286532526601 ] } },
{ "type": "Feature", "properties": { "value": "regulatory--maximum-speed-limit-40--g1", "speed": 40 }, "geometry": { "type": "Point", "coordinates": [ -34.913257322771003, -8.0627578032529 ] } },
{ "type": "Feature", "properties": { "value": "regulatory--maximum-speed-limit-40--g1", "speed": 40 }, "geometry": { "type": "Point", "coordinates": [ -34.904857592771002, -8.038886362105 ] } },
{ "type": "Feature", "properties": { "value": "regulatory--maximum-speed-limit-40--g1", "speed": 40 }, "geometry": { "type": "Point", "coordinates": [ -34.911688458622997, -8.094999793156401 ] } },
{ "type": "Feature", "properties": { "value": "regulatory--maximum-speed-limit-40--g1", "speed": 40 }, "geometry": { "type": "Point", "coordinates": [ -34.911192754680002, -8.0928490766096 ] } },
{ "type": "Feature", "properties": { "value": "regulatory--maximum-speed-limit-40--g1", "speed": 40 }, "geometry": { "type": "Point", "coordinates": [ -34.906455570643999, -8.036285740714399 ] } },
{ "type": "Feature", "properties": { "value": "regulatory--maximum-speed-limit-40--g1", "speed": 40 }, "geometry": { "type": "Point", "coordinates": [ -34.9427907241, -8.0303857205311 ] } },
{ "type": "Feature", "properties": { "value": "regulatory--maximum-speed-limit-40--g1", "speed": 40 }, "geometry": { "type": "Point", "coordinates": [ -34.904144969401003, -8.035798779751399 ] } },
{ "type": "Feature", "properties": { "value": "regulatory--maximum-speed-limit-40--g1", "speed": 40 }, "geometry": { "type": "Point", "coordinates": [ -34.897672630487001, -8.116768741860399 ] } },
{ "type": "Feature", "properties": { "value": "regulatory--maximum-speed-limit-40--g1", "speed": 40 }, "geometry": { "type": "Point", "coordinates": [ -34.876058891908002, -8.0287462087728 ] } },
{ "type": "Feature", "properties": { "value": "regulatory--maximum-speed-limit-40--g1", "speed": 40 }, "geometry": { "type": "Point", "coordinates": [ -34.892597905342001, -8.028110338469901 ] } },
{ "type": "Feature", "properties": { "value": "regulatory--maximum-speed-limit-40--g1", "speed": 40 }, "geometry": { "type": "Point", "coordinates": [ -34.913474472758999, -8.1085043518231 ] } },
{ "type": "Feature", "properties": { "value": "regulatory--maximum-speed-limit-40--g1", "speed": 40 }, "geometry": { "type": "Point", "coordinates": [ -34.896140975744999, -8.1142903745294 ] } },
{ "type": "Feature", "properties": { "value": "regulatory--maximum-speed-limit-40--g1", "speed": 40 }, "geometry": { "type": "Point", "coordinates": [ -34.889326814401997, -8.0503810057732 ] } },
{ "type": "Feature", "properties": { "value": "regulatory--maximum-speed-limit-40--g1", "speed": 40 }, "geometry": { "type": "Point", "coordinates": [ -34.912475368205001, -8.1086912559031 ] } },
{ "type": "Feature", "properties": { "value": "regulatory--maximum-speed-limit-40--g1", "speed": 40 }, "geometry": { "type": "Point", "coordinates": [ -34.883748923512996, -8.052583147113801 ] } },
{ "type": "Feature", "properties": { "value": "regulatory--maximum-speed-limit-40--g1", "speed": 40 }, "geometry": { "type": "Point", "coordinates": [ -34.883578653443003, -8.0524455511451 ] } },
{ "type": "Feature", "properties": { "value": "regulatory--maximum-speed-limit-40--g1", "speed": 40 }, "geometry": { "type": "Point", "coordinates": [ -34.904906650968996, -8.078834858565401 ] } },
{ "type": "Feature", "properties": { "value": "regulatory--maximum-speed-limit-40--g1", "speed": 40 }, "geometry": { "type": "Point", "coordinates": [ -34.905016941748002, -8.078855114738101 ] } },
{ "type": "Feature", "properties": { "value": "regulatory--maximum-speed-limit-40--g1", "speed": 40 }, "geometry": { "type": "Point", "coordinates": [ -34.947313606255001, -8.092958504658601 ] } },
{ "type": "Feature", "properties": { "value": "regulatory--maximum-speed-limit-40--g1", "speed": 40 }, "geometry": { "type": "Point", "coordinates": [ -34.904563516713999, -8.1111718616866 ] } },
{ "type": "Feature", "properties": { "value": "regulatory--maximum-speed-limit-40--g1", "speed": 40 }, "geometry": { "type": "Point", "coordinates": [ -34.904683723383997, -8.1112677059107 ] } },
{ "type": "Feature", "properties": { "value": "regulatory--maximum-speed-limit-40--g1", "speed": 40 }, "geometry": { "type": "Point", "coordinates": [ -34.903869983324, -8.111633759872101 ] } },
{ "type": "Feature", "properties": { "value": "regulatory--maximum-speed-limit-40--g1", "speed": 40 }, "geometry": { "type": "Point", "coordinates": [ -34.903074881263002, -8.111984087524201 ] } },
{ "type": "Feature", "properties": { "value": "regulatory--maximum-speed-limit-40--g1", "speed": 40 }, "geometry": { "type": "Point", "coordinates": [ -34.905244750839998, -8.1109055819327 ] } },
{ "type": "Feature", "properties": { "value": "regulatory--maximum-speed-limit-40--g1", "speed": 40 }, "geometry": { "type": "Point", "coordinates": [ -34.903427884993, -8.1117031198098 ] } },
{ "type": "Feature", "properties": { "value": "regulatory--maximum-speed-limit-40--g1", "speed": 40 }, "geometry": { "type": "Point", "coordinates": [ -34.906179516728997, -8.144639479404599 ] } },
{ "type": "Feature", "properties": { "value": "regulatory--maximum-speed-limit-40--g1", "speed": 40 }, "geometry": { "type": "Point", "coordinates": [ -34.943208529415998, -8.029330310707101 ] } },
{ "type": "Feature", "properties": { "value": "regulatory--maximum-speed-limit-40--g1", "speed": 40 }, "geometry": { "type": "Point", "coordinates": [ -34.943196447184, -8.028350522708999 ] } },
{ "type": "Feature", "properties": { "value": "regulatory--maximum-speed-limit-40--g1", "speed": 40 }, "geometry": { "type": "Point", "coordinates": [ -34.900915973407997, -8.1181022511887 ] } },
{ "type": "Feature", "properties": { "value": "regulatory--maximum-speed-limit-40--g1", "speed": 40 }, "geometry": { "type": "Point", "coordinates": [ -34.900824054742998, -8.117261372352401 ] } },
{ "type": "Feature", "properties": { "value": "regulatory--maximum-speed-limit-40--g1", "speed": 40 }, "geometry": { "type": "Point", "coordinates": [ -34.884372131846, -8.0537102337966 ] } },
{ "type": "Feature", "properties": { "value": "regulatory--maximum-speed-limit-40--g1", "speed": 40 }, "geometry": { "type": "Point", "coordinates": [ -34.888528216715997, -8.009469991217101 ] } },
{ "type": "Feature", "properties": { "value": "regulatory--maximum-speed-limit-40--g1", "speed": 40 }, "geometry": { "type": "Point", "coordinates": [ -34.887870868794003, -8.008177117158199 ] } },
{ "type": "Feature", "properties": { "value": "regulatory--maximum-speed-limit-40--g1", "speed": 40 }, "geometry": { "type": "Point", "coordinates": [ -34.892232383543003, -8.019144353877801 ] } },
{ "type": "Feature", "properties": { "value": "regulatory--maximum-speed-limit-40--g1", "speed": 40 }, "geometry": { "type": "Point", "coordinates": [ -34.928383272197998, -8.064767722536899 ] } },
{ "type": "Feature", "properties": { "value": "regulatory--maximum-speed-limit-40--g1", "speed": 40 }, "geometry": { "type": "Point", "coordinates": [ -34.955176049483001, -8.0336067988683 ] } },
{ "type": "Feature", "properties": { "value": "regulatory--maximum-speed-limit-40--g1", "speed": 40 }, "geometry": { "type": "Point", "coordinates": [ -34.887839250505998, -8.075958940380801 ] } },
{ "type": "Feature", "properties": { "value": "regulatory--maximum-speed-limit-40--g1", "speed": 40 }, "geometry": { "type": "Point", "coordinates": [ -34.901495724214001, -8.126128675283301 ] } },
{ "type": "Feature", "properties": { "value": "regulatory--maximum-speed-limit-40--g1", "speed": 40 }, "geometry": { "type": "Point", "coordinates": [ -34.964879157158997, -8.0939349430734 ] } },
{ "type": "Feature", "properties": { "value": "regulatory--maximum-speed-limit-40--g1", "speed": 40 }, "geometry": { "type": "Point", "coordinates": [ -34.963239846782002, -8.093055462564999 ] } },
{ "type": "Feature", "properties": { "value": "regulatory--maximum-speed-limit-40--g1", "speed": 40 }, "geometry": { "type": "Point", "coordinates": [ -34.898248291160002, -8.044041457651799 ] } },
{ "type": "Feature", "properties": { "value": "regulatory--maximum-speed-limit-40--g1", "speed": 40 }, "geometry": { "type": "Point", "coordinates": [ -34.885072106236997, -8.0258221933196 ] } },
{ "type": "Feature", "properties": { "value": "regulatory--maximum-speed-limit-40--g1", "speed": 40 }, "geometry": { "type": "Point", "coordinates": [ -34.942739791737999, -8.0930014299128 ] } },
{ "type": "Feature", "properties": { "value": "regulatory--maximum-speed-limit-40--g1", "speed": 40 }, "geometry": { "type": "Point", "coordinates": [ -34.904183673135996, -8.061215157789899 ] } },
{ "type": "Feature", "properties": { "value": "regulatory--maximum-speed-limit-40--g1", "speed": 40 }, "geometry": { "type": "Point", "coordinates": [ -34.886759852780003, -8.0599469081276 ] } },
{ "type": "Feature", "properties": { "value": "regulatory--maximum-speed-limit-40--g1", "speed": 40 }, "geometry": { "type": "Point", "coordinates": [ -34.942880509070001, -8.0301656508126 ] } },
{ "type": "Feature", "properties": { "value": "regulatory--maximum-speed-limit-40--g1", "speed": 40 }, "geometry": { "type": "Point", "coordinates": [ -34.894642638751002, -8.118155930338199 ] } },
{ "type": "Feature", "properties": { "value": "regulatory--maximum-speed-limit-40--g1", "speed": 40 }, "geometry": { "type": "Point", "coordinates": [ -34.875446937082998, -8.026494825308299 ] } },
{ "type": "Feature", "properties": { "value": "regulatory--maximum-speed-limit-40--g1", "speed": 40 }, "geometry": { "type": "Point", "coordinates": [ -34.903204666945001, -8.0350484165278 ] } },
{ "type": "Feature", "properties": { "value": "regulatory--maximum-speed-limit-40--g1", "speed": 40 }, "geometry": { "type": "Point", "coordinates": [ -34.880977709489997, -8.058806875544899 ] } },
{ "type": "Feature", "properties": { "value": "regulatory--maximum-speed-limit-40--g1", "speed": 40 }, "geometry": { "type": "Point", "coordinates": [ -34.945710962531997, -8.112365797755899 ] } },
{ "type": "Feature", "properties": { "value": "regulatory--maximum-speed-limit-40--g1", "speed": 40 }, "geometry": { "type": "Point", "coordinates": [ -34.945908002712997, -8.112390018544801 ] } },
{ "type": "Feature", "properties": { "value": "regulatory--maximum-speed-limit-40--g1", "speed": 40 }, "geometry": { "type": "Point", "coordinates": [ -34.915507657672002, -8.097439467015199 ] } },
{ "type": "Feature", "properties": { "value": "regulatory--maximum-speed-limit-40--g1", "speed": 40 }, "geometry": { "type": "Point", "coordinates": [ -34.916874264976002, -8.0971330662108 ] } },
{ "type": "Feature", "properties": { "value": "regulatory--maximum-speed-limit-40--g1", "speed": 40 }, "geometry": { "type": "Point", "coordinates": [ -34.902579826743001, -8.134437300439901 ] } },
{ "type": "Feature", "properties": { "value": "regulatory--maximum-speed-limit-40--g1", "speed": 40 }, "geometry": { "type": "Point", "coordinates": [ -34.907837117455998, -8.0335885064684 ] } },
{ "type": "Feature", "properties": { "value": "regulatory--maximum-speed-limit-40--g1", "speed": 40 }, "geometry": { "type": "Point", "coordinates": [ -34.899596233955997, -8.0261510926252 ] } },
{ "type": "Feature", "properties": { "value": "regulatory--maximum-speed-limit-40--g1", "speed": 40 }, "geometry": { "type": "Point", "coordinates": [ -34.898063732467001, -8.026430738688701 ] } },
{ "type": "Feature", "properties": { "value": "regulatory--maximum-speed-limit-40--g1", "speed": 40 }, "geometry": { "type": "Point", "coordinates": [ -34.925125391572003, -8.0276340102953 ] } },
{ "type": "Feature", "properties": { "value": "regulatory--maximum-speed-limit-40--g1", "speed": 40 }, "geometry": { "type": "Point", "coordinates": [ -34.893652398393002, -8.022811102853399 ] } },
{ "type": "Feature", "properties": { "value": "regulatory--maximum-speed-limit-40--g1", "speed": 40 }, "geometry": { "type": "Point", "coordinates": [ -34.875491839905997, -8.0263185672897 ] } },
{ "type": "Feature", "properties": { "value": "regulatory--maximum-speed-limit-40--g1", "speed": 40 }, "geometry": { "type": "Point", "coordinates": [ -34.874846701269, -8.024308324536699 ] } },
{ "type": "Feature", "properties": { "value": "regulatory--maximum-speed-limit-40--g1", "speed": 40 }, "geometry": { "type": "Point", "coordinates": [ -34.875200743264998, -8.0254732746281 ] } },
{ "type": "Feature", "properties": { "value": "regulatory--maximum-speed-limit-40--g1", "speed": 40 }, "geometry": { "type": "Point", "coordinates": [ -34.927801646349998, -8.0674478828407 ] } },
{ "type": "Feature", "properties": { "value": "regulatory--maximum-speed-limit-40--g1", "speed": 40 }, "geometry": { "type": "Point", "coordinates": [ -34.889642235636998, -8.0578020691476 ] } },
{ "type": "Feature", "properties": { "value": "regulatory--maximum-speed-limit-40--g1", "speed": 40 }, "geometry": { "type": "Point", "coordinates": [ -34.928428618345997, -8.042779251896601 ] } },
{ "type": "Feature", "properties": { "value": "regulatory--maximum-speed-limit-40--g1", "speed": 40 }, "geometry": { "type": "Point", "coordinates": [ -34.942329881954002, -8.031596395471899 ] } },
{ "type": "Feature", "properties": { "value": "regulatory--maximum-speed-limit-40--g1", "speed": 40 }, "geometry": { "type": "Point", "coordinates": [ -34.942810485956997, -8.030390462112999 ] } },
{ "type": "Feature", "properties": { "value": "regulatory--maximum-speed-limit-40--g1", "speed": 40 }, "geometry": { "type": "Point", "coordinates": [ -34.89316213171, -8.0750927545613 ] } },
{ "type": "Feature", "properties": { "value": "regulatory--maximum-speed-limit-40--g1", "speed": 40 }, "geometry": { "type": "Point", "coordinates": [ -34.945547977796998, -8.1128848863529 ] } },
{ "type": "Feature", "properties": { "value": "regulatory--maximum-speed-limit-40--g1", "speed": 40 }, "geometry": { "type": "Point", "coordinates": [ -34.945879324330001, -8.112376912396 ] } },
{ "type": "Feature", "properties": { "value": "regulatory--maximum-speed-limit-40--g1", "speed": 40 }, "geometry": { "type": "Point", "coordinates": [ -34.878029465487998, -8.0607255407308 ] } },
{ "type": "Feature", "properties": { "value": "regulatory--maximum-speed-limit-40--g1", "speed": 40 }, "geometry": { "type": "Point", "coordinates": [ -34.885552549285997, -8.038009634363901 ] } },
{ "type": "Feature", "properties": { "value": "regulatory--maximum-speed-limit-40--g1", "speed": 40 }, "geometry": { "type": "Point", "coordinates": [ -34.922229164112998, -8.045048276198299 ] } },
{ "type": "Feature", "properties": { "value": "regulatory--maximum-speed-limit-40--g1", "speed": 40 }, "geometry": { "type": "Point", "coordinates": [ -34.924599616667997, -8.010032505362799 ] } },
{ "type": "Feature", "properties": { "value": "regulatory--maximum-speed-limit-40--g1", "speed": 40 }, "geometry": { "type": "Point", "coordinates": [ -34.965434079749997, -8.094415405055701 ] } },
{ "type": "Feature", "properties": { "value": "regulatory--maximum-speed-limit-40--g1", "speed": 40 }, "geometry": { "type": "Point", "coordinates": [ -34.964496668953998, -8.093765231396 ] } },
{ "type": "Feature", "properties": { "value": "regulatory--maximum-speed-limit-40--g1", "speed": 40 }, "geometry": { "type": "Point", "coordinates": [ -34.914734215831999, -8.033520046074299 ] } },
{ "type": "Feature", "properties": { "value": "regulatory--maximum-speed-limit-40--g1", "speed": 40 }, "geometry": { "type": "Point", "coordinates": [ -34.890386443634, -8.081474631361701 ] } },
{ "type": "Feature", "properties": { "value": "regulatory--maximum-speed-limit-40--g1", "speed": 40 }, "geometry": { "type": "Point", "coordinates": [ -34.880069315698002, -8.0594389704461 ] } },
{ "type": "Feature", "properties": { "value": "regulatory--maximum-speed-limit-40--g1", "speed": 40 }, "geometry": { "type": "Point", "coordinates": [ -34.880249967974997, -8.0594108003801 ] } },
{ "type": "Feature", "properties": { "value": "regulatory--maximum-speed-limit-40--g1", "speed": 40 }, "geometry": { "type": "Point", "coordinates": [ -34.895987304613001, -8.115411135218601 ] } },
{ "type": "Feature", "properties": { "value": "regulatory--maximum-speed-limit-40--g1", "speed": 40 }, "geometry": { "type": "Point", "coordinates": [ -34.895957219835999, -8.1155683597534 ] } },
{ "type": "Feature", "properties": { "value": "regulatory--maximum-speed-limit-40--g1", "speed": 40 }, "geometry": { "type": "Point", "coordinates": [ -34.896697281469997, -8.1150711040245 ] } },
{ "type": "Feature", "properties": { "value": "regulatory--maximum-speed-limit-40--g1", "speed": 40 }, "geometry": { "type": "Point", "coordinates": [ -34.943031249275002, -8.0299386969275 ] } },
{ "type": "Feature", "properties": { "value": "regulatory--maximum-speed-limit-40--g1", "speed": 40 }, "geometry": { "type": "Point", "coordinates": [ -34.873348569713997, -8.0198470780786 ] } },
{ "type": "Feature", "properties": { "value": "regulatory--maximum-speed-limit-40--g1", "speed": 40 }, "geometry": { "type": "Point", "coordinates": [ -34.900133586175997, -8.0348748141322 ] } },
{ "type": "Feature", "properties": { "value": "regulatory--maximum-speed-limit-40--g1", "speed": 40 }, "geometry": { "type": "Point", "coordinates": [ -34.906518633517997, -8.033605661128901 ] } },
{ "type": "Feature", "properties": { "value": "regulatory--maximum-speed-limit-40--g1", "speed": 40 }, "geometry": { "type": "Point", "coordinates": [ -34.870506890914001, -8.0614310708165 ] } },
{ "type": "Feature", "properties": { "value": "regulatory--maximum-speed-limit-40--g1", "speed": 40 }, "geometry": { "type": "Point", "coordinates": [ -34.888192178588, -8.0084263206162 ] } },
{ "type": "Feature", "properties": { "value": "regulatory--maximum-speed-limit-40--g1", "speed": 40 }, "geometry": { "type": "Point", "coordinates": [ -34.929870500984002, -7.9900356477466 ] } },
{ "type": "Feature", "properties": { "value": "regulatory--maximum-speed-limit-40--g1", "speed": 40 }, "geometry": { "type": "Point", "coordinates": [ -34.897271701690997, -8.0246567085696 ] } },
{ "type": "Feature", "properties": { "value": "regulatory--maximum-speed-limit-40--g1", "speed": 40 }, "geometry": { "type": "Point", "coordinates": [ -34.882295560759999, -8.0491127517629 ] } },
{ "type": "Feature", "properties": { "value": "regulatory--maximum-speed-limit-40--g1", "speed": 40 }, "geometry": { "type": "Point", "coordinates": [ -34.893128764578996, -8.0213803145488 ] } },
{ "type": "Feature", "properties": { "value": "regulatory--maximum-speed-limit-40--g1", "speed": 40 }, "geometry": { "type": "Point", "coordinates": [ -34.892774962719002, -8.020508563028001 ] } },
{ "type": "Feature", "properties": { "value": "regulatory--maximum-speed-limit-40--g1", "speed": 40 }, "geometry": { "type": "Point", "coordinates": [ -34.895873849173, -8.0635553669595 ] } },
{ "type": "Feature", "properties": { "value": "regulatory--maximum-speed-limit-40--g1", "speed": 40 }, "geometry": { "type": "Point", "coordinates": [ -34.883664018803998, -8.0643920482492 ] } },
{ "type": "Feature", "properties": { "value": "regulatory--maximum-speed-limit-40--g1", "speed": 40 }, "geometry": { "type": "Point", "coordinates": [ -34.919276926197, -8.0302491290436 ] } },
{ "type": "Feature", "properties": { "value": "regulatory--maximum-speed-limit-40--g1", "speed": 40 }, "geometry": { "type": "Point", "coordinates": [ -34.920613500112999, -8.029759512255399 ] } },
{ "type": "Feature", "properties": { "value": "regulatory--maximum-speed-limit-40--g1", "speed": 40 }, "geometry": { "type": "Point", "coordinates": [ -34.919511195265997, -8.030274571547899 ] } },
{ "type": "Feature", "properties": { "value": "regulatory--maximum-speed-limit-40--g1", "speed": 40 }, "geometry": { "type": "Point", "coordinates": [ -34.881052098315003, -8.0640388807184 ] } },
{ "type": "Feature", "properties": { "value": "regulatory--maximum-speed-limit-40--g1", "speed": 40 }, "geometry": { "type": "Point", "coordinates": [ -34.901401306681002, -8.1260735899273 ] } },
{ "type": "Feature", "properties": { "value": "regulatory--maximum-speed-limit-40--g1", "speed": 40 }, "geometry": { "type": "Point", "coordinates": [ -34.901910271569001, -8.0359465747441 ] } },
{ "type": "Feature", "properties": { "value": "regulatory--maximum-speed-limit-40--g1", "speed": 40 }, "geometry": { "type": "Point", "coordinates": [ -34.903953609897997, -8.080182960264199 ] } },
{ "type": "Feature", "properties": { "value": "regulatory--maximum-speed-limit-40--g1", "speed": 40 }, "geometry": { "type": "Point", "coordinates": [ -34.916922607384002, -8.0969750939798 ] } },
{ "type": "Feature", "properties": { "value": "regulatory--maximum-speed-limit-40--g1", "speed": 40 }, "geometry": { "type": "Point", "coordinates": [ -34.926337217067001, -8.0175976435671 ] } },
{ "type": "Feature", "properties": { "value": "regulatory--maximum-speed-limit-40--g1", "speed": 40 }, "geometry": { "type": "Point", "coordinates": [ -34.892125440640001, -8.0497303880913 ] } },
{ "type": "Feature", "properties": { "value": "regulatory--maximum-speed-limit-40--g1", "speed": 40 }, "geometry": { "type": "Point", "coordinates": [ -34.913830612486997, -8.0647922861206 ] } },
{ "type": "Feature", "properties": { "value": "regulatory--maximum-speed-limit-40--g1", "speed": 40 }, "geometry": { "type": "Point", "coordinates": [ -34.958831109679998, -8.091311131204099 ] } },
{ "type": "Feature", "properties": { "value": "regulatory--maximum-speed-limit-40--g1", "speed": 40 }, "geometry": { "type": "Point", "coordinates": [ -34.910523725749002, -8.0539583085143 ] } },
{ "type": "Feature", "properties": { "value": "regulatory--maximum-speed-limit-40--g1", "speed": 40 }, "geometry": { "type": "Point", "coordinates": [ -34.957422266496003, -8.038720909942899 ] } },
{ "type": "Feature", "properties": { "value": "regulatory--maximum-speed-limit-40--g1", "speed": 40 }, "geometry": { "type": "Point", "coordinates": [ -34.916801122189, -8.038293695034501 ] } },
{ "type": "Feature", "properties": { "value": "regulatory--maximum-speed-limit-40--g1", "speed": 40 }, "geometry": { "type": "Point", "coordinates": [ -34.942620636028003, -8.0929527606429 ] } },
{ "type": "Feature", "properties": { "value": "regulatory--maximum-speed-limit-40--g1", "speed": 40 }, "geometry": { "type": "Point", "coordinates": [ -34.943294757806001, -8.029907446389499 ] } },
{ "type": "Feature", "properties": { "value": "regulatory--maximum-speed-limit-40--g1", "speed": 40 }, "geometry": { "type": "Point", "coordinates": [ -34.889630828407, -8.0545629699235 ] } },
{ "type": "Feature", "properties": { "value": "regulatory--maximum-speed-limit-40--g1", "speed": 40 }, "geometry": { "type": "Point", "coordinates": [ -34.889735708681002, -8.054697503529599 ] } },
{ "type": "Feature", "properties": { "value": "regulatory--maximum-speed-limit-40--g1", "speed": 40 }, "geometry": { "type": "Point", "coordinates": [ -34.908929895191001, -8.074775375017699 ] } },
{ "type": "Feature", "properties": { "value": "regulatory--maximum-speed-limit-40--g1", "speed": 40 }, "geometry": { "type": "Point", "coordinates": [ -34.963056892396999, -8.1067802915606 ] } },
{ "type": "Feature", "properties": { "value": "regulatory--maximum-speed-limit-40--g1", "speed": 40 }, "geometry": { "type": "Point", "coordinates": [ -34.88985497318, -8.082138308017299 ] } },
{ "type": "Feature", "properties": { "value": "regulatory--maximum-speed-limit-40--g1", "speed": 40 }, "geometry": { "type": "Point", "coordinates": [ -34.876708985340002, -8.071303223898999 ] } },
{ "type": "Feature", "properties": { "value": "regulatory--maximum-speed-limit-40--g1", "speed": 40 }, "geometry": { "type": "Point", "coordinates": [ -34.876933040235997, -8.0713769762407 ] } },
{ "type": "Feature", "properties": { "value": "regulatory--maximum-speed-limit-40--g1", "speed": 40 }, "geometry": { "type": "Point", "coordinates": [ -34.884264173135001, -8.0588779057565 ] } },
{ "type": "Feature", "properties": { "value": "regulatory--maximum-speed-limit-40--g1", "speed": 40 }, "geometry": { "type": "Point", "coordinates": [ -34.897712284249998, -8.025650561007801 ] } },
{ "type": "Feature", "properties": { "value": "regulatory--maximum-speed-limit-40--g1", "speed": 40 }, "geometry": { "type": "Point", "coordinates": [ -34.918434478093999, -8.029966654972901 ] } },
{ "type": "Feature", "properties": { "value": "regulatory--maximum-speed-limit-40--g1", "speed": 40 }, "geometry": { "type": "Point", "coordinates": [ -34.896220390244999, -8.1175510701486 ] } },
{ "type": "Feature", "properties": { "value": "regulatory--maximum-speed-limit-40--g1", "speed": 40 }, "geometry": { "type": "Point", "coordinates": [ -34.873768766746998, -8.0203483414157 ] } },
{ "type": "Feature", "properties": { "value": "regulatory--maximum-speed-limit-40--g1", "speed": 40 }, "geometry": { "type": "Point", "coordinates": [ -34.919908308242, -8.053597713270101 ] } },
{ "type": "Feature", "properties": { "value": "regulatory--maximum-speed-limit-40--g1", "speed": 40 }, "geometry": { "type": "Point", "coordinates": [ -34.906611369997002, -8.0335782473006 ] } },
{ "type": "Feature", "properties": { "value": "regulatory--maximum-speed-limit-40--g1", "speed": 40 }, "geometry": { "type": "Point", "coordinates": [ -34.906701136011002, -8.033648730331899 ] } },
{ "type": "Feature", "properties": { "value": "regulatory--maximum-speed-limit-40--g1", "speed": 40 }, "geometry": { "type": "Point", "coordinates": [ -34.875104155236002, -8.0254992739599 ] } },
{ "type": "Feature", "properties": { "value": "regulatory--maximum-speed-limit-40--g1", "speed": 40 }, "geometry": { "type": "Point", "coordinates": [ -34.930047594938998, -8.0743299321595 ] } },
{ "type": "Feature", "properties": { "value": "regulatory--maximum-speed-limit-40--g1", "speed": 40 }, "geometry": { "type": "Point", "coordinates": [ -34.882757749310002, -8.051081098012499 ] } },
{ "type": "Feature", "properties": { "value": "regulatory--maximum-speed-limit-40--g1", "speed": 40 }, "geometry": { "type": "Point", "coordinates": [ -34.929767969905001, -7.9906210675227 ] } },
{ "type": "Feature", "properties": { "value": "regulatory--maximum-speed-limit-40--g1", "speed": 40 }, "geometry": { "type": "Point", "coordinates": [ -34.932697146667998, -8.017994999722999 ] } },
{ "type": "Feature", "properties": { "value": "regulatory--maximum-speed-limit-40--g1", "speed": 40 }, "geometry": { "type": "Point", "coordinates": [ -34.952567522510002, -8.046358026262499 ] } },
{ "type": "Feature", "properties": { "value": "regulatory--maximum-speed-limit-40--g1", "speed": 40 }, "geometry": { "type": "Point", "coordinates": [ -34.915733980151998, -8.026768769319601 ] } },
{ "type": "Feature", "properties": { "value": "regulatory--maximum-speed-limit-40--g1", "speed": 40 }, "geometry": { "type": "Point", "coordinates": [ -34.916909191076002, -8.031137824988599 ] } },
{ "type": "Feature", "properties": { "value": "regulatory--maximum-speed-limit-40--g1", "speed": 40 }, "geometry": { "type": "Point", "coordinates": [ -34.878915975787997, -8.0720675967807 ] } },
{ "type": "Feature", "properties": { "value": "regulatory--maximum-speed-limit-40--g1", "speed": 40 }, "geometry": { "type": "Point", "coordinates": [ -34.877936639234001, -8.0717340887378 ] } },
{ "type": "Feature", "properties": { "value": "regulatory--maximum-speed-limit-40--g1", "speed": 40 }, "geometry": { "type": "Point", "coordinates": [ -34.947551981566001, -8.1363822321255 ] } },
{ "type": "Feature", "properties": { "value": "regulatory--maximum-speed-limit-40--g1", "speed": 40 }, "geometry": { "type": "Point", "coordinates": [ -34.947667798422003, -8.1363899794622 ] } },
{ "type": "Feature", "properties": { "value": "regulatory--maximum-speed-limit-40--g1", "speed": 40 }, "geometry": { "type": "Point", "coordinates": [ -34.912820378138001, -8.1017323441604 ] } },
{ "type": "Feature", "properties": { "value": "regulatory--maximum-speed-limit-40--g1", "speed": 40 }, "geometry": { "type": "Point", "coordinates": [ -34.912661564879997, -8.1008158429664 ] } },
{ "type": "Feature", "properties": { "value": "regulatory--maximum-speed-limit-40--g1", "speed": 40 }, "geometry": { "type": "Point", "coordinates": [ -34.881102366127998, -8.070923760515999 ] } },
{ "type": "Feature", "properties": { "value": "regulatory--maximum-speed-limit-40--g1", "speed": 40 }, "geometry": { "type": "Point", "coordinates": [ -34.880163785615999, -8.030416854742301 ] } },
{ "type": "Feature", "properties": { "value": "regulatory--maximum-speed-limit-40--g1", "speed": 40 }, "geometry": { "type": "Point", "coordinates": [ -34.903163719988001, -8.0267088829233 ] } },
{ "type": "Feature", "properties": { "value": "regulatory--maximum-speed-limit-40--g1", "speed": 40 }, "geometry": { "type": "Point", "coordinates": [ -34.899446275222999, -8.026189054334401 ] } },
{ "type": "Feature", "properties": { "value": "regulatory--maximum-speed-limit-40--g1", "speed": 40 }, "geometry": { "type": "Point", "coordinates": [ -34.897885425896, -8.0265764019237 ] } },
{ "type": "Feature", "properties": { "value": "regulatory--maximum-speed-limit-40--g1", "speed": 40 }, "geometry": { "type": "Point", "coordinates": [ -34.946509502246997, -8.1104049794984 ] } },
{ "type": "Feature", "properties": { "value": "regulatory--maximum-speed-limit-40--g1", "speed": 40 }, "geometry": { "type": "Point", "coordinates": [ -34.924772216306998, -8.1066765622889 ] } },
{ "type": "Feature", "properties": { "value": "regulatory--maximum-speed-limit-40--g1", "speed": 40 }, "geometry": { "type": "Point", "coordinates": [ -34.904265195561003, -8.057947361102199 ] } },
{ "type": "Feature", "properties": { "value": "regulatory--maximum-speed-limit-40--g1", "speed": 40 }, "geometry": { "type": "Point", "coordinates": [ -34.927421759852002, -8.0659247486683 ] } },
{ "type": "Feature", "properties": { "value": "regulatory--maximum-speed-limit-40--g1", "speed": 40 }, "geometry": { "type": "Point", "coordinates": [ -34.903036104767999, -8.1356430977562 ] } },
{ "type": "Feature", "properties": { "value": "regulatory--maximum-speed-limit-40--g1", "speed": 40 }, "geometry": { "type": "Point", "coordinates": [ -34.902499768612998, -8.042865275773501 ] } },
{ "type": "Feature", "properties": { "value": "regulatory--maximum-speed-limit-40--g1", "speed": 40 }, "geometry": { "type": "Point", "coordinates": [ -34.899818244465003, -8.1189547642636 ] } },
{ "type": "Feature", "properties": { "value": "regulatory--maximum-speed-limit-40--g1", "speed": 40 }, "geometry": { "type": "Point", "coordinates": [ -34.885927959455998, -8.058645136396599 ] } },
{ "type": "Feature", "properties": { "value": "regulatory--maximum-speed-limit-40--g1", "speed": 40 }, "geometry": { "type": "Point", "coordinates": [ -34.885848709579001, -8.058707318829599 ] } },
{ "type": "Feature", "properties": { "value": "regulatory--maximum-speed-limit-40--g1", "speed": 40 }, "geometry": { "type": "Point", "coordinates": [ -34.909727900523002, -8.0570468858752 ] } },
{ "type": "Feature", "properties": { "value": "regulatory--maximum-speed-limit-40--g1", "speed": 40 }, "geometry": { "type": "Point", "coordinates": [ -34.897886853533002, -8.119958302893799 ] } },
{ "type": "Feature", "properties": { "value": "regulatory--maximum-speed-limit-40--g1", "speed": 40 }, "geometry": { "type": "Point", "coordinates": [ -34.895921477456, -8.0612082336468 ] } },
{ "type": "Feature", "properties": { "value": "regulatory--maximum-speed-limit-40--g1", "speed": 40 }, "geometry": { "type": "Point", "coordinates": [ -34.942007937355001, -8.0323231646351 ] } },
{ "type": "Feature", "properties": { "value": "regulatory--maximum-speed-limit-40--g1", "speed": 40 }, "geometry": { "type": "Point", "coordinates": [ -34.883754699333998, -8.0883184952866 ] } },
{ "type": "Feature", "properties": { "value": "regulatory--maximum-speed-limit-40--g1", "speed": 40 }, "geometry": { "type": "Point", "coordinates": [ -34.929217741819997, -8.0442253536389 ] } },
{ "type": "Feature", "properties": { "value": "regulatory--maximum-speed-limit-40--g1", "speed": 40 }, "geometry": { "type": "Point", "coordinates": [ -34.913413648109, -8.032061307047799 ] } },
{ "type": "Feature", "properties": { "value": "regulatory--maximum-speed-limit-40--g1", "speed": 40 }, "geometry": { "type": "Point", "coordinates": [ -34.913430943294003, -8.032151816789 ] } },
{ "type": "Feature", "properties": { "value": "regulatory--maximum-speed-limit-40--g1", "speed": 40 }, "geometry": { "type": "Point", "coordinates": [ -34.928152593907001, -8.0687807326709 ] } },
{ "type": "Feature", "properties": { "value": "regulatory--maximum-speed-limit-40--g1", "speed": 40 }, "geometry": { "type": "Point", "coordinates": [ -34.896458268265, -8.1175284320713 ] } },
{ "type": "Feature", "properties": { "value": "regulatory--maximum-speed-limit-40--g1", "speed": 40 }, "geometry": { "type": "Point", "coordinates": [ -34.919021260222003, -8.0026348509624 ] } },
{ "type": "Feature", "properties": { "value": "regulatory--maximum-speed-limit-40--g1", "speed": 40 }, "geometry": { "type": "Point", "coordinates": [ -34.912114572629001, -8.0976381880636 ] } },
{ "type": "Feature", "properties": { "value": "regulatory--maximum-speed-limit-40--g1", "speed": 40 }, "geometry": { "type": "Point", "coordinates": [ -34.890878091447, -8.077599185392399 ] } },
{ "type": "Feature", "properties": { "value": "regulatory--maximum-speed-limit-40--g1", "speed": 40 }, "geometry": { "type": "Point", "coordinates": [ -34.878065365120001, -8.0301142236227 ] } },
{ "type": "Feature", "properties": { "value": "regulatory--maximum-speed-limit-40--g1", "speed": 40 }, "geometry": { "type": "Point", "coordinates": [ -34.902696785444, -8.1345194762931 ] } },
{ "type": "Feature", "properties": { "value": "regulatory--maximum-speed-limit-40--g1", "speed": 40 }, "geometry": { "type": "Point", "coordinates": [ -34.888338095211999, -8.0876866629725 ] } },
{ "type": "Feature", "properties": { "value": "regulatory--maximum-speed-limit-40--g1", "speed": 40 }, "geometry": { "type": "Point", "coordinates": [ -34.879965404487002, -8.0592910729324 ] } },
{ "type": "Feature", "properties": { "value": "regulatory--maximum-speed-limit-40--g1", "speed": 40 }, "geometry": { "type": "Point", "coordinates": [ -34.940826679594998, -8.049015210862301 ] } },
{ "type": "Feature", "properties": { "value": "regulatory--maximum-speed-limit-40--g1", "speed": 40 }, "geometry": { "type": "Point", "coordinates": [ -34.921978517398003, -8.028545004553701 ] } },
{ "type": "Feature", "properties": { "value": "regulatory--maximum-speed-limit-40--g1", "speed": 40 }, "geometry": { "type": "Point", "coordinates": [ -34.882930809340998, -8.0889192944176 ] } },
{ "type": "Feature", "properties": { "value": "regulatory--maximum-speed-limit-40--g1", "speed": 40 }, "geometry": { "type": "Point", "coordinates": [ -34.882271656839002, -8.0897081464278 ] } },
{ "type": "Feature", "properties": { "value": "regulatory--maximum-speed-limit-40--g1", "speed": 40 }, "geometry": { "type": "Point", "coordinates": [ -34.890057040046003, -8.046176820852599 ] } },
{ "type": "Feature", "properties": { "value": "regulatory--maximum-speed-limit-40--g1", "speed": 40 }, "geometry": { "type": "Point", "coordinates": [ -34.881048848355, -8.068954612856601 ] } },
{ "type": "Feature", "properties": { "value": "regulatory--maximum-speed-limit-40--g1", "speed": 40 }, "geometry": { "type": "Point", "coordinates": [ -34.888160349343003, -8.0838200683084 ] } },
{ "type": "Feature", "properties": { "value": "regulatory--maximum-speed-limit-40--g1", "speed": 40 }, "geometry": { "type": "Point", "coordinates": [ -34.908945288832001, -8.057374452045799 ] } },
{ "type": "Feature", "properties": { "value": "regulatory--maximum-speed-limit-40--g1", "speed": 40 }, "geometry": { "type": "Point", "coordinates": [ -34.886525751721003, -8.006445557444099 ] } },
{ "type": "Feature", "properties": { "value": "regulatory--maximum-speed-limit-40--g1", "speed": 40 }, "geometry": { "type": "Point", "coordinates": [ -34.900122342684, -8.0350475609561 ] } },
{ "type": "Feature", "properties": { "value": "regulatory--maximum-speed-limit-40--g1", "speed": 40 }, "geometry": { "type": "Point", "coordinates": [ -34.875789966894999, -8.027204328257699 ] } },
{ "type": "Feature", "properties": { "value": "regulatory--maximum-speed-limit-40--g1", "speed": 40 }, "geometry": { "type": "Point", "coordinates": [ -34.957563755621003, -8.0392506101712 ] } },
{ "type": "Feature", "properties": { "value": "regulatory--maximum-speed-limit-40--g1", "speed": 40 }, "geometry": { "type": "Point", "coordinates": [ -34.889663876474998, -8.0278959568644 ] } },
{ "type": "Feature", "properties": { "value": "regulatory--maximum-speed-limit-40--g1", "speed": 40 }, "geometry": { "type": "Point", "coordinates": [ -34.891262015376, -8.0363347317984 ] } },
{ "type": "Feature", "properties": { "value": "regulatory--maximum-speed-limit-40--g1", "speed": 40 }, "geometry": { "type": "Point", "coordinates": [ -34.897037591648001, -8.063600240742099 ] } },
{ "type": "Feature", "properties": { "value": "regulatory--maximum-speed-limit-40--g1", "speed": 40 }, "geometry": { "type": "Point", "coordinates": [ -34.924505134785001, -8.107499928745399 ] } },
{ "type": "Feature", "properties": { "value": "regulatory--maximum-speed-limit-40--g1", "speed": 40 }, "geometry": { "type": "Point", "coordinates": [ -34.881353780575999, -8.061986332806301 ] } },
{ "type": "Feature", "properties": { "value": "regulatory--maximum-speed-limit-40--g1", "speed": 40 }, "geometry": { "type": "Point", "coordinates": [ -34.881413307274997, -8.062026687571599 ] } },
{ "type": "Feature", "properties": { "value": "regulatory--maximum-speed-limit-40--g1", "speed": 40 }, "geometry": { "type": "Point", "coordinates": [ -34.917350763953003, -8.0309142506818 ] } },
{ "type": "Feature", "properties": { "value": "regulatory--maximum-speed-limit-40--g1", "speed": 40 }, "geometry": { "type": "Point", "coordinates": [ -34.934479006388003, -8.0438353115971 ] } },
{ "type": "Feature", "properties": { "value": "regulatory--maximum-speed-limit-40--g1", "speed": 40 }, "geometry": { "type": "Point", "coordinates": [ -34.942572455594998, -8.0315390120301 ] } },
{ "type": "Feature", "properties": { "value": "regulatory--maximum-speed-limit-40--g1", "speed": 40 }, "geometry": { "type": "Point", "coordinates": [ -34.884124289296999, -8.058906801405801 ] } },
{ "type": "Feature", "properties": { "value": "regulatory--maximum-speed-limit-40--g1", "speed": 40 }, "geometry": { "type": "Point", "coordinates": [ -34.90238389244, -8.112165503342201 ] } },
{ "type": "Feature", "properties": { "value": "regulatory--maximum-speed-limit-40--g1", "speed": 40 }, "geometry": { "type": "Point", "coordinates": [ -34.915325295903997, -8.107659424321801 ] } },
{ "type": "Feature", "properties": { "value": "regulatory--maximum-speed-limit-40--g1", "speed": 40 }, "geometry": { "type": "Point", "coordinates": [ -34.913451141109, -8.1050895143229 ] } },
{ "type": "Feature", "properties": { "value": "regulatory--maximum-speed-limit-40--g1", "speed": 40 }, "geometry": { "type": "Point", "coordinates": [ -34.913212079493, -8.1038711464189 ] } },
{ "type": "Feature", "properties": { "value": "regulatory--maximum-speed-limit-40--g1", "speed": 40 }, "geometry": { "type": "Point", "coordinates": [ -34.966099095528001, -8.094999357954601 ] } },
{ "type": "Feature", "properties": { "value": "regulatory--maximum-speed-limit-40--g1", "speed": 40 }, "geometry": { "type": "Point", "coordinates": [ -34.888534812755999, -8.0584295322726 ] } },
{ "type": "Feature", "properties": { "value": "regulatory--maximum-speed-limit-40--g1", "speed": 40 }, "geometry": { "type": "Point", "coordinates": [ -34.923423196502, -8.048612799805699 ] } },
{ "type": "Feature", "properties": { "value": "regulatory--maximum-speed-limit-40--g1", "speed": 40 }, "geometry": { "type": "Point", "coordinates": [ -34.906519497208002, -8.0363664505544 ] } },
{ "type": "Feature", "properties": { "value": "regulatory--maximum-speed-limit-40--g1", "speed": 40 }, "geometry": { "type": "Point", "coordinates": [ -34.918537497161999, -8.030510808729399 ] } },
{ "type": "Feature", "properties": { "value": "regulatory--maximum-speed-limit-40--g1", "speed": 40 }, "geometry": { "type": "Point", "coordinates": [ -34.946125258226999, -8.0865569508666 ] } },
{ "type": "Feature", "properties": { "value": "regulatory--maximum-speed-limit-40--g1", "speed": 40 }, "geometry": { "type": "Point", "coordinates": [ -34.895637427945999, -8.032304669306299 ] } },
{ "type": "Feature", "properties": { "value": "regulatory--maximum-speed-limit-40--g1", "speed": 40 }, "geometry": { "type": "Point", "coordinates": [ -34.895210719300998, -8.0316024456548 ] } },
{ "type": "Feature", "properties": { "value": "regulatory--maximum-speed-limit-40--g1", "speed": 40 }, "geometry": { "type": "Point", "coordinates": [ -34.896267058039001, -8.0333588586346 ] } },
{ "type": "Feature", "properties": { "value": "regulatory--maximum-speed-limit-40--g1", "speed": 40 }, "geometry": { "type": "Point", "coordinates": [ -34.883663231431001, -8.0244733045815 ] } },
{ "type": "Feature", "properties": { "value": "regulatory--maximum-speed-limit-40--g1", "speed": 40 }, "geometry": { "type": "Point", "coordinates": [ -34.899842363665002, -8.0345926704676 ] } },
{ "type": "Feature", "properties": { "value": "regulatory--maximum-speed-limit-40--g1", "speed": 40 }, "geometry": { "type": "Point", "coordinates": [ -34.883588103431997, -8.0884624011084 ] } },
{ "type": "Feature", "properties": { "value": "regulatory--maximum-speed-limit-40--g1", "speed": 40 }, "geometry": { "type": "Point", "coordinates": [ -34.921155839948, -8.1062886006694 ] } },
{ "type": "Feature", "properties": { "value": "regulatory--maximum-speed-limit-40--g1", "speed": 40 }, "geometry": { "type": "Point", "coordinates": [ -34.897448698497001, -8.0271830589574 ] } },
{ "type": "Feature", "properties": { "value": "regulatory--maximum-speed-limit-40--g1", "speed": 40 }, "geometry": { "type": "Point", "coordinates": [ -34.899161753215999, -8.0335376528247 ] } },
{ "type": "Feature", "properties": { "value": "regulatory--maximum-speed-limit-40--g1", "speed": 40 }, "geometry": { "type": "Point", "coordinates": [ -34.927829100752, -8.067339198730499 ] } },
{ "type": "Feature", "properties": { "value": "regulatory--maximum-speed-limit-40--g1", "speed": 40 }, "geometry": { "type": "Point", "coordinates": [ -34.943212200673997, -8.0436197914833 ] } },
{ "type": "Feature", "properties": { "value": "regulatory--maximum-speed-limit-40--g1", "speed": 40 }, "geometry": { "type": "Point", "coordinates": [ -34.942747685939999, -8.0302790580328 ] } },
{ "type": "Feature", "properties": { "value": "regulatory--maximum-speed-limit-40--g1", "speed": 40 }, "geometry": { "type": "Point", "coordinates": [ -34.909378180989002, -8.063167508464099 ] } },
{ "type": "Feature", "properties": { "value": "regulatory--maximum-speed-limit-40--g1", "speed": 40 }, "geometry": { "type": "Point", "coordinates": [ -34.941388118719999, -8.0533722101181 ] } },
{ "type": "Feature", "properties": { "value": "regulatory--maximum-speed-limit-40--g1", "speed": 40 }, "geometry": { "type": "Point", "coordinates": [ -34.932479403915004, -8.108072905636799 ] } },
{ "type": "Feature", "properties": { "value": "regulatory--maximum-speed-limit-40--g1", "speed": 40 }, "geometry": { "type": "Point", "coordinates": [ -34.901572353993998, -8.079001330682701 ] } },
{ "type": "Feature", "properties": { "value": "regulatory--maximum-speed-limit-40--g1", "speed": 40 }, "geometry": { "type": "Point", "coordinates": [ -34.896217908655998, -8.1142185231165 ] } },
{ "type": "Feature", "properties": { "value": "regulatory--maximum-speed-limit-40--g1", "speed": 40 }, "geometry": { "type": "Point", "coordinates": [ -34.927740488304998, -7.9934981800691 ] } },
{ "type": "Feature", "properties": { "value": "regulatory--maximum-speed-limit-40--g1", "speed": 40 }, "geometry": { "type": "Point", "coordinates": [ -34.929048256321003, -8.044144745119601 ] } },
{ "type": "Feature", "properties": { "value": "regulatory--maximum-speed-limit-40--g1", "speed": 40 }, "geometry": { "type": "Point", "coordinates": [ -34.888222651828002, -8.036202998822199 ] } },
{ "type": "Feature", "properties": { "value": "regulatory--maximum-speed-limit-30--g1", "speed": 30 }, "geometry": { "type": "Point", "coordinates": [ -34.9252017612, -7.9969673692373 ] } },
{ "type": "Feature", "properties": { "value": "regulatory--maximum-speed-limit-30--g1", "speed": 30 }, "geometry": { "type": "Point", "coordinates": [ -34.942051218328999, -8.056531384098299 ] } },
{ "type": "Feature", "properties": { "value": "regulatory--maximum-speed-limit-30--g1", "speed": 30 }, "geometry": { "type": "Point", "coordinates": [ -34.894831538463002, -8.062888567271999 ] } },
{ "type": "Feature", "properties": { "value": "regulatory--maximum-speed-limit-30--g1", "speed": 30 }, "geometry": { "type": "Point", "coordinates": [ -34.914573389204001, -8.019938818341201 ] } },
{ "type": "Feature", "properties": { "value": "regulatory--maximum-speed-limit-30--g1", "speed": 30 }, "geometry": { "type": "Point", "coordinates": [ -34.956283630087, -8.137007795264701 ] } },
{ "type": "Feature", "properties": { "value": "regulatory--maximum-speed-limit-30--g1", "speed": 30 }, "geometry": { "type": "Point", "coordinates": [ -34.872032476857001, -8.0621324109939 ] } },
{ "type": "Feature", "properties": { "value": "regulatory--maximum-speed-limit-30--g1", "speed": 30 }, "geometry": { "type": "Point", "coordinates": [ -34.872138614215999, -8.0621365874555 ] } },
{ "type": "Feature", "properties": { "value": "regulatory--maximum-speed-limit-30--g1", "speed": 30 }, "geometry": { "type": "Point", "coordinates": [ -34.945445569105999, -8.0598769154288 ] } },
{ "type": "Feature", "properties": { "value": "regulatory--maximum-speed-limit-30--g1", "speed": 30 }, "geometry": { "type": "Point", "coordinates": [ -34.944678268197002, -8.060116368605801 ] } },
{ "type": "Feature", "properties": { "value": "regulatory--maximum-speed-limit-30--g1", "speed": 30 }, "geometry": { "type": "Point", "coordinates": [ -34.897507628546002, -8.112647725192099 ] } },
{ "type": "Feature", "properties": { "value": "regulatory--maximum-speed-limit-30--g1", "speed": 30 }, "geometry": { "type": "Point", "coordinates": [ -34.940570887207997, -8.0466248982439 ] } },
{ "type": "Feature", "properties": { "value": "regulatory--maximum-speed-limit-30--g1", "speed": 30 }, "geometry": { "type": "Point", "coordinates": [ -34.942110501702999, -8.0460501603235 ] } },
{ "type": "Feature", "properties": { "value": "regulatory--maximum-speed-limit-30--g1", "speed": 30 }, "geometry": { "type": "Point", "coordinates": [ -34.941227899749002, -8.046399235341401 ] } },
{ "type": "Feature", "properties": { "value": "regulatory--maximum-speed-limit-30--g1", "speed": 30 }, "geometry": { "type": "Point", "coordinates": [ -34.944255778524997, -8.082373571730599 ] } },
{ "type": "Feature", "properties": { "value": "regulatory--maximum-speed-limit-30--g1", "speed": 30 }, "geometry": { "type": "Point", "coordinates": [ -34.894533839547002, -8.1104771079087 ] } },
{ "type": "Feature", "properties": { "value": "regulatory--maximum-speed-limit-30--g1", "speed": 30 }, "geometry": { "type": "Point", "coordinates": [ -34.895009039771999, -8.1101356392741 ] } },
{ "type": "Feature", "properties": { "value": "regulatory--maximum-speed-limit-30--g1", "speed": 30 }, "geometry": { "type": "Point", "coordinates": [ -34.921760671737999, -8.1069670227352 ] } },
{ "type": "Feature", "properties": { "value": "regulatory--maximum-speed-limit-30--g1", "speed": 30 }, "geometry": { "type": "Point", "coordinates": [ -34.957281991536, -8.1115471865876 ] } },
{ "type": "Feature", "properties": { "value": "regulatory--maximum-speed-limit-30--g1", "speed": 30 }, "geometry": { "type": "Point", "coordinates": [ -34.957575682056998, -8.111409187303099 ] } },
{ "type": "Feature", "properties": { "value": "regulatory--maximum-speed-limit-30--g1", "speed": 30 }, "geometry": { "type": "Point", "coordinates": [ -34.873691011363, -8.062835819240799 ] } },
{ "type": "Feature", "properties": { "value": "regulatory--maximum-speed-limit-30--g1", "speed": 30 }, "geometry": { "type": "Point", "coordinates": [ -34.873685333083998, -8.0630002747485 ] } },
{ "type": "Feature", "properties": { "value": "regulatory--maximum-speed-limit-30--g1", "speed": 30 }, "geometry": { "type": "Point", "coordinates": [ -34.873810595841, -8.063003068352399 ] } },
{ "type": "Feature", "properties": { "value": "regulatory--maximum-speed-limit-30--g1", "speed": 30 }, "geometry": { "type": "Point", "coordinates": [ -34.873760668168003, -8.0633289529144 ] } },
{ "type": "Feature", "properties": { "value": "regulatory--maximum-speed-limit-30--g1", "speed": 30 }, "geometry": { "type": "Point", "coordinates": [ -34.873646583781998, -8.063290768657501 ] } },
{ "type": "Feature", "properties": { "value": "regulatory--maximum-speed-limit-30--g1", "speed": 30 }, "geometry": { "type": "Point", "coordinates": [ -34.894662049226, -8.0080500632175 ] } },
{ "type": "Feature", "properties": { "value": "regulatory--maximum-speed-limit-30--g1", "speed": 30 }, "geometry": { "type": "Point", "coordinates": [ -34.910749827425001, -8.030941402037501 ] } },
{ "type": "Feature", "properties": { "value": "regulatory--maximum-speed-limit-30--g1", "speed": 30 }, "geometry": { "type": "Point", "coordinates": [ -34.905807097895, -8.0085044391474 ] } },
{ "type": "Feature", "properties": { "value": "regulatory--maximum-speed-limit-30--g1", "speed": 30 }, "geometry": { "type": "Point", "coordinates": [ -34.938241751623998, -8.130798524394701 ] } },
{ "type": "Feature", "properties": { "value": "regulatory--maximum-speed-limit-30--g1", "speed": 30 }, "geometry": { "type": "Point", "coordinates": [ -34.938453995906997, -8.129527487571 ] } },
{ "type": "Feature", "properties": { "value": "regulatory--maximum-speed-limit-30--g1", "speed": 30 }, "geometry": { "type": "Point", "coordinates": [ -34.912266281480001, -8.0079529172751 ] } },
{ "type": "Feature", "properties": { "value": "regulatory--maximum-speed-limit-30--g1", "speed": 30 }, "geometry": { "type": "Point", "coordinates": [ -34.918501210315, -8.106490858520401 ] } },
{ "type": "Feature", "properties": { "value": "regulatory--maximum-speed-limit-30--g1", "speed": 30 }, "geometry": { "type": "Point", "coordinates": [ -34.893974303496996, -8.062943666812 ] } },
{ "type": "Feature", "properties": { "value": "regulatory--maximum-speed-limit-30--g1", "speed": 30 }, "geometry": { "type": "Point", "coordinates": [ -34.910993066029, -8.019056328515701 ] } },
{ "type": "Feature", "properties": { "value": "regulatory--maximum-speed-limit-30--g1", "speed": 30 }, "geometry": { "type": "Point", "coordinates": [ -34.939256552399002, -7.9971175581582 ] } },
{ "type": "Feature", "properties": { "value": "regulatory--maximum-speed-limit-30--g1", "speed": 30 }, "geometry": { "type": "Point", "coordinates": [ -34.951541660259998, -8.038404521146401 ] } },
{ "type": "Feature", "properties": { "value": "regulatory--maximum-speed-limit-30--g1", "speed": 30 }, "geometry": { "type": "Point", "coordinates": [ -34.952345758665999, -8.0177624591993 ] } },
{ "type": "Feature", "properties": { "value": "regulatory--maximum-speed-limit-30--g1", "speed": 30 }, "geometry": { "type": "Point", "coordinates": [ -34.902123309046999, -8.002000384147101 ] } },
{ "type": "Feature", "properties": { "value": "regulatory--maximum-speed-limit-30--g1", "speed": 30 }, "geometry": { "type": "Point", "coordinates": [ -34.902323249750999, -8.052897027925599 ] } },
{ "type": "Feature", "properties": { "value": "regulatory--maximum-speed-limit-30--g1", "speed": 30 }, "geometry": { "type": "Point", "coordinates": [ -34.940988718554998, -8.0465493609506 ] } },
{ "type": "Feature", "properties": { "value": "regulatory--maximum-speed-limit-30--g1", "speed": 30 }, "geometry": { "type": "Point", "coordinates": [ -34.919789076439997, -8.141401283841599 ] } },
{ "type": "Feature", "properties": { "value": "regulatory--maximum-speed-limit-30--g1", "speed": 30 }, "geometry": { "type": "Point", "coordinates": [ -34.948136045496, -8.133081684958601 ] } },
{ "type": "Feature", "properties": { "value": "regulatory--maximum-speed-limit-30--g1", "speed": 30 }, "geometry": { "type": "Point", "coordinates": [ -34.920525546103001, -8.006304787604099 ] } },
{ "type": "Feature", "properties": { "value": "regulatory--maximum-speed-limit-30--g1", "speed": 30 }, "geometry": { "type": "Point", "coordinates": [ -34.929427207251003, -8.0729463042756 ] } },
{ "type": "Feature", "properties": { "value": "regulatory--maximum-speed-limit-30--g1", "speed": 30 }, "geometry": { "type": "Point", "coordinates": [ -34.887918429377997, -8.0253737349936 ] } },
{ "type": "Feature", "properties": { "value": "regulatory--maximum-speed-limit-30--g1", "speed": 30 }, "geometry": { "type": "Point", "coordinates": [ -34.950287240606002, -8.107717521835999 ] } },
{ "type": "Feature", "properties": { "value": "regulatory--maximum-speed-limit-30--g1", "speed": 30 }, "geometry": { "type": "Point", "coordinates": [ -34.920556849999002, -8.105710823739599 ] } },
{ "type": "Feature", "properties": { "value": "regulatory--maximum-speed-limit-30--g1", "speed": 30 }, "geometry": { "type": "Point", "coordinates": [ -34.920498980373999, -8.1057781202462 ] } },
{ "type": "Feature", "properties": { "value": "regulatory--maximum-speed-limit-30--g1", "speed": 30 }, "geometry": { "type": "Point", "coordinates": [ -34.871882126677001, -8.064347058748901 ] } },
{ "type": "Feature", "properties": { "value": "regulatory--maximum-speed-limit-30--g1", "speed": 30 }, "geometry": { "type": "Point", "coordinates": [ -34.871700196165001, -8.064004717698699 ] } },
{ "type": "Feature", "properties": { "value": "regulatory--maximum-speed-limit-30--g1", "speed": 30 }, "geometry": { "type": "Point", "coordinates": [ -34.899595255812997, -8.0294240178594 ] } },
{ "type": "Feature", "properties": { "value": "regulatory--maximum-speed-limit-30--g1", "speed": 30 }, "geometry": { "type": "Point", "coordinates": [ -34.890247519069, -8.0674942389306 ] } },
{ "type": "Feature", "properties": { "value": "regulatory--maximum-speed-limit-30--g1", "speed": 30 }, "geometry": { "type": "Point", "coordinates": [ -34.920706910326999, -8.1191187175734 ] } },
{ "type": "Feature", "properties": { "value": "regulatory--maximum-speed-limit-30--g1", "speed": 30 }, "geometry": { "type": "Point", "coordinates": [ -34.891432849929998, -8.0499863092829 ] } },
{ "type": "Feature", "properties": { "value": "regulatory--maximum-speed-limit-30--g1", "speed": 30 }, "geometry": { "type": "Point", "coordinates": [ -34.949746570282002, -8.131220548478201 ] } },
{ "type": "Feature", "properties": { "value": "regulatory--maximum-speed-limit-30--g1", "speed": 30 }, "geometry": { "type": "Point", "coordinates": [ -34.888036816807997, -8.062102201022499 ] } },
{ "type": "Feature", "properties": { "value": "regulatory--maximum-speed-limit-30--g1", "speed": 30 }, "geometry": { "type": "Point", "coordinates": [ -34.873611556276998, -8.0634168285656 ] } },
{ "type": "Feature", "properties": { "value": "regulatory--maximum-speed-limit-30--g1", "speed": 30 }, "geometry": { "type": "Point", "coordinates": [ -34.873540027989002, -8.064827845725301 ] } },
{ "type": "Feature", "properties": { "value": "regulatory--maximum-speed-limit-30--g1", "speed": 30 }, "geometry": { "type": "Point", "coordinates": [ -34.871497739942001, -8.063633154824799 ] } },
{ "type": "Feature", "properties": { "value": "regulatory--maximum-speed-limit-30--g1", "speed": 30 }, "geometry": { "type": "Point", "coordinates": [ -34.881614037627003, -8.047776090807901 ] } },
{ "type": "Feature", "properties": { "value": "regulatory--maximum-speed-limit-30--g1", "speed": 30 }, "geometry": { "type": "Point", "coordinates": [ -34.882108265631999, -8.0484845441175 ] } },
{ "type": "Feature", "properties": { "value": "regulatory--maximum-speed-limit-30--g1", "speed": 30 }, "geometry": { "type": "Point", "coordinates": [ -34.919011071009002, -8.1088761563345 ] } },
{ "type": "Feature", "properties": { "value": "regulatory--maximum-speed-limit-30--g1", "speed": 30 }, "geometry": { "type": "Point", "coordinates": [ -34.919040532714, -8.1089893302753 ] } },
{ "type": "Feature", "properties": { "value": "regulatory--maximum-speed-limit-30--g1", "speed": 30 }, "geometry": { "type": "Point", "coordinates": [ -34.924746510071003, -8.140560461489001 ] } },
{ "type": "Feature", "properties": { "value": "regulatory--maximum-speed-limit-30--g1", "speed": 30 }, "geometry": { "type": "Point", "coordinates": [ -34.882055433890997, -8.0486272821074 ] } },
{ "type": "Feature", "properties": { "value": "regulatory--maximum-speed-limit-30--g1", "speed": 30 }, "geometry": { "type": "Point", "coordinates": [ -34.881755743938001, -8.048183366652999 ] } },
{ "type": "Feature", "properties": { "value": "regulatory--maximum-speed-limit-30--g1", "speed": 30 }, "geometry": { "type": "Point", "coordinates": [ -34.881593597185002, -8.048119552686099 ] } },
{ "type": "Feature", "properties": { "value": "regulatory--maximum-speed-limit-30--g1", "speed": 30 }, "geometry": { "type": "Point", "coordinates": [ -34.881528823978002, -8.0306500194155 ] } },
{ "type": "Feature", "properties": { "value": "regulatory--maximum-speed-limit-30--g1", "speed": 30 }, "geometry": { "type": "Point", "coordinates": [ -34.871555919648003, -8.0608392745497 ] } },
{ "type": "Feature", "properties": { "value": "regulatory--maximum-speed-limit-30--g1", "speed": 30 }, "geometry": { "type": "Point", "coordinates": [ -34.908326558379002, -8.002992079893801 ] } },
{ "type": "Feature", "properties": { "value": "regulatory--maximum-speed-limit-30--g1", "speed": 30 }, "geometry": { "type": "Point", "coordinates": [ -34.889922874031001, -8.058834943048801 ] } },
{ "type": "Feature", "properties": { "value": "regulatory--maximum-speed-limit-30--g1", "speed": 30 }, "geometry": { "type": "Point", "coordinates": [ -34.955540268409003, -8.1355303839924 ] } },
{ "type": "Feature", "properties": { "value": "regulatory--maximum-speed-limit-30--g1", "speed": 30 }, "geometry": { "type": "Point", "coordinates": [ -34.954903614316002, -8.1178228817777 ] } },
{ "type": "Feature", "properties": { "value": "regulatory--maximum-speed-limit-30--g1", "speed": 30 }, "geometry": { "type": "Point", "coordinates": [ -34.931818865494002, -8.029246786782499 ] } },
{ "type": "Feature", "properties": { "value": "regulatory--maximum-speed-limit-30--g1", "speed": 30 }, "geometry": { "type": "Point", "coordinates": [ -34.904754771767003, -8.0272048728523 ] } },
{ "type": "Feature", "properties": { "value": "regulatory--maximum-speed-limit-30--g1", "speed": 30 }, "geometry": { "type": "Point", "coordinates": [ -34.893498045515003, -8.018659111184901 ] } },
{ "type": "Feature", "properties": { "value": "regulatory--maximum-speed-limit-30--g1", "speed": 30 }, "geometry": { "type": "Point", "coordinates": [ -34.939230777871998, -7.9978587528015 ] } },
{ "type": "Feature", "properties": { "value": "regulatory--maximum-speed-limit-30--g1", "speed": 30 }, "geometry": { "type": "Point", "coordinates": [ -34.889586941871997, -8.0127986658923 ] } },
{ "type": "Feature", "properties": { "value": "regulatory--maximum-speed-limit-30--g1", "speed": 30 }, "geometry": { "type": "Point", "coordinates": [ -34.919878555417, -8.036233625251899 ] } },
{ "type": "Feature", "properties": { "value": "regulatory--maximum-speed-limit-30--g1", "speed": 30 }, "geometry": { "type": "Point", "coordinates": [ -34.917140112664001, -8.0336068808984 ] } },
{ "type": "Feature", "properties": { "value": "regulatory--maximum-speed-limit-30--g1", "speed": 30 }, "geometry": { "type": "Point", "coordinates": [ -34.902692459534997, -8.0204612311591 ] } },
{ "type": "Feature", "properties": { "value": "regulatory--maximum-speed-limit-30--g1", "speed": 30 }, "geometry": { "type": "Point", "coordinates": [ -34.942085731208998, -8.0583490046811 ] } },
{ "type": "Feature", "properties": { "value": "regulatory--maximum-speed-limit-30--g1", "speed": 30 }, "geometry": { "type": "Point", "coordinates": [ -34.888322369339001, -8.0087394799581 ] } },
{ "type": "Feature", "properties": { "value": "regulatory--maximum-speed-limit-30--g1", "speed": 30 }, "geometry": { "type": "Point", "coordinates": [ -34.940468734923002, -8.1339370811127 ] } },
{ "type": "Feature", "properties": { "value": "regulatory--maximum-speed-limit-30--g1", "speed": 30 }, "geometry": { "type": "Point", "coordinates": [ -34.907402852135, -8.139435438333001 ] } },
{ "type": "Feature", "properties": { "value": "regulatory--maximum-speed-limit-30--g1", "speed": 30 }, "geometry": { "type": "Point", "coordinates": [ -34.919219445823003, -7.9875972559062 ] } },
{ "type": "Feature", "properties": { "value": "regulatory--maximum-speed-limit-30--g1", "speed": 30 }, "geometry": { "type": "Point", "coordinates": [ -34.888381552638002, -8.1060206404608 ] } },
{ "type": "Feature", "properties": { "value": "regulatory--maximum-speed-limit-30--g1", "speed": 30 }, "geometry": { "type": "Point", "coordinates": [ -34.887313913012001, -8.104843271128701 ] } },
{ "type": "Feature", "properties": { "value": "regulatory--maximum-speed-limit-30--g1", "speed": 30 }, "geometry": { "type": "Point", "coordinates": [ -34.885677377912003, -8.101036622378899 ] } },
{ "type": "Feature", "properties": { "value": "regulatory--maximum-speed-limit-30--g1", "speed": 30 }, "geometry": { "type": "Point", "coordinates": [ -34.885770507022002, -8.1011755624962 ] } },
{ "type": "Feature", "properties": { "value": "regulatory--maximum-speed-limit-30--g1", "speed": 30 }, "geometry": { "type": "Point", "coordinates": [ -34.922890677280002, -8.107421930780299 ] } },
{ "type": "Feature", "properties": { "value": "regulatory--maximum-speed-limit-30--g1", "speed": 30 }, "geometry": { "type": "Point", "coordinates": [ -34.910801602785, -8.090896043951901 ] } },
{ "type": "Feature", "properties": { "value": "regulatory--maximum-speed-limit-30--g1", "speed": 30 }, "geometry": { "type": "Point", "coordinates": [ -34.919650979423999, -8.114791574813699 ] } },
{ "type": "Feature", "properties": { "value": "regulatory--maximum-speed-limit-30--g1", "speed": 30 }, "geometry": { "type": "Point", "coordinates": [ -34.950810020826999, -8.1191042769996 ] } },
{ "type": "Feature", "properties": { "value": "regulatory--maximum-speed-limit-30--g1", "speed": 30 }, "geometry": { "type": "Point", "coordinates": [ -34.913997277020002, -8.132955616614501 ] } },
{ "type": "Feature", "properties": { "value": "regulatory--maximum-speed-limit-30--g1", "speed": 30 }, "geometry": { "type": "Point", "coordinates": [ -34.914115769299997, -8.1328613343989 ] } },
{ "type": "Feature", "properties": { "value": "regulatory--maximum-speed-limit-30--g1", "speed": 30 }, "geometry": { "type": "Point", "coordinates": [ -34.889868220629999, -8.036687826371001 ] } },
{ "type": "Feature", "properties": { "value": "regulatory--maximum-speed-limit-30--g1", "speed": 30 }, "geometry": { "type": "Point", "coordinates": [ -34.932067376539003, -7.9851744385621 ] } },
{ "type": "Feature", "properties": { "value": "regulatory--maximum-speed-limit-30--g1", "speed": 30 }, "geometry": { "type": "Point", "coordinates": [ -34.932119991177998, -7.9851481185648 ] } },
{ "type": "Feature", "properties": { "value": "regulatory--maximum-speed-limit-30--g1", "speed": 30 }, "geometry": { "type": "Point", "coordinates": [ -34.922119758586, -8.114039398126099 ] } },
{ "type": "Feature", "properties": { "value": "regulatory--maximum-speed-limit-30--g1", "speed": 30 }, "geometry": { "type": "Point", "coordinates": [ -34.916408688731998, -8.1153390482466 ] } },
{ "type": "Feature", "properties": { "value": "regulatory--maximum-speed-limit-30--g1", "speed": 30 }, "geometry": { "type": "Point", "coordinates": [ -34.959501976638002, -8.047990815934901 ] } },
{ "type": "Feature", "properties": { "value": "regulatory--maximum-speed-limit-30--g1", "speed": 30 }, "geometry": { "type": "Point", "coordinates": [ -34.915968111886997, -8.0475001426985 ] } },
{ "type": "Feature", "properties": { "value": "regulatory--maximum-speed-limit-30--g1", "speed": 30 }, "geometry": { "type": "Point", "coordinates": [ -34.919717214957998, -8.011914754775599 ] } },
{ "type": "Feature", "properties": { "value": "regulatory--maximum-speed-limit-30--g1", "speed": 30 }, "geometry": { "type": "Point", "coordinates": [ -34.873445484196999, -8.019822395035099 ] } },
{ "type": "Feature", "properties": { "value": "regulatory--maximum-speed-limit-30--g1", "speed": 30 }, "geometry": { "type": "Point", "coordinates": [ -34.873067713197997, -8.017562380315701 ] } },
{ "type": "Feature", "properties": { "value": "regulatory--maximum-speed-limit-30--g1", "speed": 30 }, "geometry": { "type": "Point", "coordinates": [ -34.905001018729997, -8.1333606376595 ] } },
{ "type": "Feature", "properties": { "value": "regulatory--maximum-speed-limit-30--g1", "speed": 30 }, "geometry": { "type": "Point", "coordinates": [ -34.911237482188, -8.0600437398483 ] } },
{ "type": "Feature", "properties": { "value": "regulatory--maximum-speed-limit-30--g1", "speed": 30 }, "geometry": { "type": "Point", "coordinates": [ -34.946234327287002, -8.119528953180099 ] } },
{ "type": "Feature", "properties": { "value": "regulatory--maximum-speed-limit-30--g1", "speed": 30 }, "geometry": { "type": "Point", "coordinates": [ -34.936766509100003, -8.1249284245976 ] } },
{ "type": "Feature", "properties": { "value": "regulatory--maximum-speed-limit-30--g1", "speed": 30 }, "geometry": { "type": "Point", "coordinates": [ -34.882391396373997, -8.0407912366807 ] } },
{ "type": "Feature", "properties": { "value": "regulatory--maximum-speed-limit-30--g1", "speed": 30 }, "geometry": { "type": "Point", "coordinates": [ -34.913974767539997, -8.000696778145 ] } },
{ "type": "Feature", "properties": { "value": "regulatory--maximum-speed-limit-30--g1", "speed": 30 }, "geometry": { "type": "Point", "coordinates": [ -34.952330713210003, -8.116055012061199 ] } },
{ "type": "Feature", "properties": { "value": "regulatory--maximum-speed-limit-30--g1", "speed": 30 }, "geometry": { "type": "Point", "coordinates": [ -34.949852750292003, -8.128567076248499 ] } },
{ "type": "Feature", "properties": { "value": "regulatory--maximum-speed-limit-30--g1", "speed": 30 }, "geometry": { "type": "Point", "coordinates": [ -34.873590484497001, -8.063160847109099 ] } },
{ "type": "Feature", "properties": { "value": "regulatory--maximum-speed-limit-30--g1", "speed": 30 }, "geometry": { "type": "Point", "coordinates": [ -34.915509415871, -8.109447503278901 ] } },
{ "type": "Feature", "properties": { "value": "regulatory--maximum-speed-limit-30--g1", "speed": 30 }, "geometry": { "type": "Point", "coordinates": [ -34.925675807506998, -8.0236470590674 ] } },
{ "type": "Feature", "properties": { "value": "regulatory--maximum-speed-limit-30--g1", "speed": 30 }, "geometry": { "type": "Point", "coordinates": [ -34.885358108604997, -8.0268393355306 ] } },
{ "type": "Feature", "properties": { "value": "regulatory--maximum-speed-limit-30--g1", "speed": 30 }, "geometry": { "type": "Point", "coordinates": [ -34.927837870787997, -8.0260253934389 ] } },
{ "type": "Feature", "properties": { "value": "regulatory--maximum-speed-limit-30--g1", "speed": 30 }, "geometry": { "type": "Point", "coordinates": [ -34.893218817760001, -8.0352200018493 ] } },
{ "type": "Feature", "properties": { "value": "regulatory--maximum-speed-limit-30--g1", "speed": 30 }, "geometry": { "type": "Point", "coordinates": [ -34.935713367783997, -8.136093421796099 ] } },
{ "type": "Feature", "properties": { "value": "regulatory--maximum-speed-limit-30--g1", "speed": 30 }, "geometry": { "type": "Point", "coordinates": [ -34.889117965220002, -8.0090010463468 ] } },
{ "type": "Feature", "properties": { "value": "regulatory--maximum-speed-limit-30--g1", "speed": 30 }, "geometry": { "type": "Point", "coordinates": [ -34.944568517584997, -8.0316102493563 ] } },
{ "type": "Feature", "properties": { "value": "regulatory--maximum-speed-limit-30--g1", "speed": 30 }, "geometry": { "type": "Point", "coordinates": [ -34.899707371109002, -8.029365875053101 ] } },
{ "type": "Feature", "properties": { "value": "regulatory--maximum-speed-limit-30--g1", "speed": 30 }, "geometry": { "type": "Point", "coordinates": [ -34.924594367357003, -8.1121039611001 ] } },
{ "type": "Feature", "properties": { "value": "regulatory--maximum-speed-limit-30--g1", "speed": 30 }, "geometry": { "type": "Point", "coordinates": [ -34.893085194777001, -8.035483315684701 ] } },
{ "type": "Feature", "properties": { "value": "regulatory--maximum-speed-limit-30--g1", "speed": 30 }, "geometry": { "type": "Point", "coordinates": [ -34.894040362696998, -8.034514363448199 ] } },
{ "type": "Feature", "properties": { "value": "regulatory--maximum-speed-limit-30--g1", "speed": 30 }, "geometry": { "type": "Point", "coordinates": [ -34.897163878261999, -8.0241115013756 ] } },
{ "type": "Feature", "properties": { "value": "regulatory--maximum-speed-limit-30--g1", "speed": 30 }, "geometry": { "type": "Point", "coordinates": [ -34.900760793097, -8.005957582004299 ] } },
{ "type": "Feature", "properties": { "value": "regulatory--maximum-speed-limit-30--g1", "speed": 30 }, "geometry": { "type": "Point", "coordinates": [ -34.941433972252, -8.1172139890613 ] } },
{ "type": "Feature", "properties": { "value": "regulatory--maximum-speed-limit-30--g1", "speed": 30 }, "geometry": { "type": "Point", "coordinates": [ -34.919414792841003, -8.0090204843733 ] } },
{ "type": "Feature", "properties": { "value": "regulatory--maximum-speed-limit-30--g1", "speed": 30 }, "geometry": { "type": "Point", "coordinates": [ -34.900374110761, -8.115203314529101 ] } },
{ "type": "Feature", "properties": { "value": "regulatory--maximum-speed-limit-30--g1", "speed": 30 }, "geometry": { "type": "Point", "coordinates": [ -34.917269124381001, -8.047313340828801 ] } },
{ "type": "Feature", "properties": { "value": "regulatory--maximum-speed-limit-30--g1", "speed": 30 }, "geometry": { "type": "Point", "coordinates": [ -34.94633948677, -8.1217324722068 ] } },
{ "type": "Feature", "properties": { "value": "regulatory--maximum-speed-limit-30--g1", "speed": 30 }, "geometry": { "type": "Point", "coordinates": [ -34.919979630599997, -8.014530348370499 ] } },
{ "type": "Feature", "properties": { "value": "regulatory--maximum-speed-limit-30--g1", "speed": 30 }, "geometry": { "type": "Point", "coordinates": [ -34.915279699076002, -8.0654105669462 ] } },
{ "type": "Feature", "properties": { "value": "regulatory--maximum-speed-limit-30--g1", "speed": 30 }, "geometry": { "type": "Point", "coordinates": [ -34.920507597330001, -8.1120221901924 ] } },
{ "type": "Feature", "properties": { "value": "regulatory--maximum-speed-limit-30--g1", "speed": 30 }, "geometry": { "type": "Point", "coordinates": [ -34.920133812054999, -8.0380166841234 ] } },
{ "type": "Feature", "properties": { "value": "regulatory--maximum-speed-limit-30--g1", "speed": 30 }, "geometry": { "type": "Point", "coordinates": [ -34.924372281415003, -8.109168424425 ] } },
{ "type": "Feature", "properties": { "value": "regulatory--maximum-speed-limit-30--g1", "speed": 30 }, "geometry": { "type": "Point", "coordinates": [ -34.905337917045998, -8.140812967097199 ] } },
{ "type": "Feature", "properties": { "value": "regulatory--maximum-speed-limit-30--g1", "speed": 30 }, "geometry": { "type": "Point", "coordinates": [ -34.959867382814998, -8.0509032697501 ] } },
{ "type": "Feature", "properties": { "value": "regulatory--maximum-speed-limit-30--g1", "speed": 30 }, "geometry": { "type": "Point", "coordinates": [ -34.930949350319999, -8.052259969645201 ] } },
{ "type": "Feature", "properties": { "value": "regulatory--maximum-speed-limit-30--g1", "speed": 30 }, "geometry": { "type": "Point", "coordinates": [ -34.943499986162998, -8.1341350148511 ] } },
{ "type": "Feature", "properties": { "value": "regulatory--maximum-speed-limit-30--g1", "speed": 30 }, "geometry": { "type": "Point", "coordinates": [ -34.923547072517998, -8.0014143477049 ] } },
{ "type": "Feature", "properties": { "value": "regulatory--maximum-speed-limit-30--g1", "speed": 30 }, "geometry": { "type": "Point", "coordinates": [ -34.959707048158002, -8.1105302320265 ] } },
{ "type": "Feature", "properties": { "value": "regulatory--maximum-speed-limit-30--g1", "speed": 30 }, "geometry": { "type": "Point", "coordinates": [ -34.886468553394998, -8.0884215182137 ] } },
{ "type": "Feature", "properties": { "value": "regulatory--maximum-speed-limit-30--g1", "speed": 30 }, "geometry": { "type": "Point", "coordinates": [ -34.886379012215002, -8.0887594517325 ] } },
{ "type": "Feature", "properties": { "value": "regulatory--maximum-speed-limit-30--g1", "speed": 30 }, "geometry": { "type": "Point", "coordinates": [ -34.929805216135001, -8.096479208197399 ] } },
{ "type": "Feature", "properties": { "value": "regulatory--maximum-speed-limit-30--g1", "speed": 30 }, "geometry": { "type": "Point", "coordinates": [ -34.944901161399997, -8.036041407575301 ] } },
{ "type": "Feature", "properties": { "value": "regulatory--maximum-speed-limit-30--g1", "speed": 30 }, "geometry": { "type": "Point", "coordinates": [ -34.873839525644001, -8.062791838438701 ] } },
{ "type": "Feature", "properties": { "value": "regulatory--maximum-speed-limit-30--g1", "speed": 30 }, "geometry": { "type": "Point", "coordinates": [ -34.873768333092997, -8.063465456854599 ] } },
{ "type": "Feature", "properties": { "value": "regulatory--maximum-speed-limit-30--g1", "speed": 30 }, "geometry": { "type": "Point", "coordinates": [ -34.873789075959003, -8.0627625006309 ] } },
{ "type": "Feature", "properties": { "value": "regulatory--maximum-speed-limit-30--g1", "speed": 30 }, "geometry": { "type": "Point", "coordinates": [ -34.959791453557997, -8.1104794589492 ] } },
{ "type": "Feature", "properties": { "value": "regulatory--maximum-speed-limit-30--g1", "speed": 30 }, "geometry": { "type": "Point", "coordinates": [ -34.921395881153998, -8.0190474669878 ] } },
{ "type": "Feature", "properties": { "value": "regulatory--maximum-speed-limit-30--g1", "speed": 30 }, "geometry": { "type": "Point", "coordinates": [ -34.921466683612003, -8.019218667767401 ] } },
{ "type": "Feature", "properties": { "value": "regulatory--maximum-speed-limit-30--g1", "speed": 30 }, "geometry": { "type": "Point", "coordinates": [ -34.921410885072, -8.017733693461301 ] } },
{ "type": "Feature", "properties": { "value": "regulatory--maximum-speed-limit-30--g1", "speed": 30 }, "geometry": { "type": "Point", "coordinates": [ -34.921565465230998, -8.0181364705048 ] } },
{ "type": "Feature", "properties": { "value": "regulatory--maximum-speed-limit-30--g1", "speed": 30 }, "geometry": { "type": "Point", "coordinates": [ -34.894672480110998, -8.0629602834265 ] } },
{ "type": "Feature", "properties": { "value": "regulatory--maximum-speed-limit-30--g1", "speed": 30 }, "geometry": { "type": "Point", "coordinates": [ -34.879119319569, -8.0395058859523 ] } },
{ "type": "Feature", "properties": { "value": "regulatory--maximum-speed-limit-30--g1", "speed": 30 }, "geometry": { "type": "Point", "coordinates": [ -34.959487685520003, -8.048079420794799 ] } },
{ "type": "Feature", "properties": { "value": "regulatory--maximum-speed-limit-30--g1", "speed": 30 }, "geometry": { "type": "Point", "coordinates": [ -34.935376615362998, -8.1231287679832 ] } },
{ "type": "Feature", "properties": { "value": "regulatory--maximum-speed-limit-30--g1", "speed": 30 }, "geometry": { "type": "Point", "coordinates": [ -34.942147221599001, -8.0462216496504 ] } },
{ "type": "Feature", "properties": { "value": "regulatory--maximum-speed-limit-30--g1", "speed": 30 }, "geometry": { "type": "Point", "coordinates": [ -34.88850258323, -8.061669777013201 ] } },
{ "type": "Feature", "properties": { "value": "regulatory--maximum-speed-limit-30--g1", "speed": 30 }, "geometry": { "type": "Point", "coordinates": [ -34.965952973503001, -8.0891672228398 ] } },
{ "type": "Feature", "properties": { "value": "regulatory--maximum-speed-limit-30--g1", "speed": 30 }, "geometry": { "type": "Point", "coordinates": [ -34.965235367348001, -8.089216963716201 ] } },
{ "type": "Feature", "properties": { "value": "regulatory--maximum-speed-limit-30--g1", "speed": 30 }, "geometry": { "type": "Point", "coordinates": [ -34.918896833196001, -8.117740255578299 ] } },
{ "type": "Feature", "properties": { "value": "regulatory--maximum-speed-limit-30--g1", "speed": 30 }, "geometry": { "type": "Point", "coordinates": [ -34.910005061170999, -8.023109900113701 ] } },
{ "type": "Feature", "properties": { "value": "regulatory--maximum-speed-limit-30--g1", "speed": 30 }, "geometry": { "type": "Point", "coordinates": [ -34.954197298308998, -7.9953878473011 ] } },
{ "type": "Feature", "properties": { "value": "regulatory--maximum-speed-limit-30--g1", "speed": 30 }, "geometry": { "type": "Point", "coordinates": [ -34.910742518280998, -8.047700424298901 ] } },
{ "type": "Feature", "properties": { "value": "regulatory--maximum-speed-limit-30--g1", "speed": 30 }, "geometry": { "type": "Point", "coordinates": [ -34.936789338190003, -8.134945943752699 ] } },
{ "type": "Feature", "properties": { "value": "regulatory--maximum-speed-limit-30--g1", "speed": 30 }, "geometry": { "type": "Point", "coordinates": [ -34.932296987560001, -8.028809616573801 ] } },
{ "type": "Feature", "properties": { "value": "regulatory--maximum-speed-limit-30--g1", "speed": 30 }, "geometry": { "type": "Point", "coordinates": [ -34.929278446455001, -8.0962928609421 ] } },
{ "type": "Feature", "properties": { "value": "regulatory--maximum-speed-limit-30--g1", "speed": 30 }, "geometry": { "type": "Point", "coordinates": [ -34.910539696442001, -8.029256380955999 ] } },
{ "type": "Feature", "properties": { "value": "regulatory--maximum-speed-limit-30--g1", "speed": 30 }, "geometry": { "type": "Point", "coordinates": [ -34.936043756899998, -8.0946441236628 ] } },
{ "type": "Feature", "properties": { "value": "regulatory--maximum-speed-limit-30--g1", "speed": 30 }, "geometry": { "type": "Point", "coordinates": [ -34.933452182735998, -7.9897571704107 ] } },
{ "type": "Feature", "properties": { "value": "regulatory--maximum-speed-limit-30--g1", "speed": 30 }, "geometry": { "type": "Point", "coordinates": [ -34.903420301592, -8.1350448540641 ] } },
{ "type": "Feature", "properties": { "value": "regulatory--maximum-speed-limit-30--g1", "speed": 30 }, "geometry": { "type": "Point", "coordinates": [ -34.931701320070999, -7.9889911586505 ] } },
{ "type": "Feature", "properties": { "value": "regulatory--maximum-speed-limit-30--g1", "speed": 30 }, "geometry": { "type": "Point", "coordinates": [ -34.947353574140998, -8.0150351541149 ] } },
{ "type": "Feature", "properties": { "value": "regulatory--maximum-speed-limit-30--g1", "speed": 30 }, "geometry": { "type": "Point", "coordinates": [ -34.917946511189001, -8.0241615946374 ] } },
{ "type": "Feature", "properties": { "value": "regulatory--maximum-speed-limit-30--g1", "speed": 30 }, "geometry": { "type": "Point", "coordinates": [ -34.907479094098001, -8.1441150302512 ] } },
{ "type": "Feature", "properties": { "value": "regulatory--maximum-speed-limit-30--g1", "speed": 30 }, "geometry": { "type": "Point", "coordinates": [ -34.916373066051001, -8.0295001470051 ] } },
{ "type": "Feature", "properties": { "value": "regulatory--maximum-speed-limit-30--g1", "speed": 30 }, "geometry": { "type": "Point", "coordinates": [ -34.917739547198003, -8.1075281970906 ] } },
{ "type": "Feature", "properties": { "value": "regulatory--maximum-speed-limit-30--g1", "speed": 30 }, "geometry": { "type": "Point", "coordinates": [ -34.918255696517001, -8.1069294871249 ] } },
{ "type": "Feature", "properties": { "value": "regulatory--maximum-speed-limit-30--g1", "speed": 30 }, "geometry": { "type": "Point", "coordinates": [ -34.916977168194997, -8.1084270778594 ] } },
{ "type": "Feature", "properties": { "value": "regulatory--maximum-speed-limit-30--g1", "speed": 30 }, "geometry": { "type": "Point", "coordinates": [ -34.900837430860001, -8.0382421557367 ] } },
{ "type": "Feature", "properties": { "value": "regulatory--maximum-speed-limit-30--g1", "speed": 30 }, "geometry": { "type": "Point", "coordinates": [ -34.924282303037003, -8.1085268064465 ] } },
{ "type": "Feature", "properties": { "value": "regulatory--maximum-speed-limit-30--g1", "speed": 30 }, "geometry": { "type": "Point", "coordinates": [ -34.920140735737, -8.015507919405399 ] } },
{ "type": "Feature", "properties": { "value": "regulatory--maximum-speed-limit-30--g1", "speed": 30 }, "geometry": { "type": "Point", "coordinates": [ -34.894984092522002, -8.064096521861501 ] } },
{ "type": "Feature", "properties": { "value": "regulatory--maximum-speed-limit-30--g1", "speed": 30 }, "geometry": { "type": "Point", "coordinates": [ -34.941902802831002, -8.0562409957637 ] } },
{ "type": "Feature", "properties": { "value": "regulatory--maximum-speed-limit-30--g1", "speed": 30 }, "geometry": { "type": "Point", "coordinates": [ -34.941830470204998, -8.055755900920801 ] } },
{ "type": "Feature", "properties": { "value": "regulatory--maximum-speed-limit-30--g1", "speed": 30 }, "geometry": { "type": "Point", "coordinates": [ -34.873476723254001, -8.0651678378313 ] } },
{ "type": "Feature", "properties": { "value": "regulatory--maximum-speed-limit-30--g1", "speed": 30 }, "geometry": { "type": "Point", "coordinates": [ -34.899520964929998, -8.0041612038018 ] } },
{ "type": "Feature", "properties": { "value": "regulatory--maximum-speed-limit-30--g1", "speed": 30 }, "geometry": { "type": "Point", "coordinates": [ -34.882408661557001, -8.0156859805832 ] } },
{ "type": "Feature", "properties": { "value": "regulatory--maximum-speed-limit-30--g1", "speed": 30 }, "geometry": { "type": "Point", "coordinates": [ -34.881743364279998, -8.0156562570331 ] } },
{ "type": "Feature", "properties": { "value": "regulatory--maximum-speed-limit-30--g1", "speed": 30 }, "geometry": { "type": "Point", "coordinates": [ -34.883964693560003, -8.0441237106209 ] } },
{ "type": "Feature", "properties": { "value": "regulatory--maximum-speed-limit-30--g1", "speed": 30 }, "geometry": { "type": "Point", "coordinates": [ -34.872992487033997, -8.063454943200499 ] } },
{ "type": "Feature", "properties": { "value": "regulatory--maximum-speed-limit-30--g1", "speed": 30 }, "geometry": { "type": "Point", "coordinates": [ -34.873105033736003, -8.0634931999404 ] } },
{ "type": "Feature", "properties": { "value": "regulatory--maximum-speed-limit-30--g1", "speed": 30 }, "geometry": { "type": "Point", "coordinates": [ -34.873077904771002, -8.0636189890692 ] } },
{ "type": "Feature", "properties": { "value": "regulatory--maximum-speed-limit-30--g1", "speed": 30 }, "geometry": { "type": "Point", "coordinates": [ -34.873602450870003, -8.063557546163199 ] } },
{ "type": "Feature", "properties": { "value": "regulatory--maximum-speed-limit-30--g1", "speed": 30 }, "geometry": { "type": "Point", "coordinates": [ -34.872737565381001, -8.0635696706141 ] } },
{ "type": "Feature", "properties": { "value": "regulatory--maximum-speed-limit-30--g1", "speed": 30 }, "geometry": { "type": "Point", "coordinates": [ -34.873428039696996, -8.063538664679299 ] } },
{ "type": "Feature", "properties": { "value": "regulatory--maximum-speed-limit-30--g1", "speed": 30 }, "geometry": { "type": "Point", "coordinates": [ -34.911801199243001, -8.0961339373165 ] } },
{ "type": "Feature", "properties": { "value": "regulatory--maximum-speed-limit-30--g1", "speed": 30 }, "geometry": { "type": "Point", "coordinates": [ -34.893828229543999, -8.018800416948601 ] } },
{ "type": "Feature", "properties": { "value": "regulatory--maximum-speed-limit-30--g1", "speed": 30 }, "geometry": { "type": "Point", "coordinates": [ -34.903784385907002, -8.1241563394011 ] } },
{ "type": "Feature", "properties": { "value": "regulatory--maximum-speed-limit-30--g1", "speed": 30 }, "geometry": { "type": "Point", "coordinates": [ -34.951815027765001, -8.1338920814467 ] } },
{ "type": "Feature", "properties": { "value": "regulatory--maximum-speed-limit-30--g1", "speed": 30 }, "geometry": { "type": "Point", "coordinates": [ -34.883147220476999, -8.041053943829599 ] } },
{ "type": "Feature", "properties": { "value": "regulatory--maximum-speed-limit-30--g1", "speed": 30 }, "geometry": { "type": "Point", "coordinates": [ -34.936254283274998, -8.0514351479863 ] } },
{ "type": "Feature", "properties": { "value": "regulatory--maximum-speed-limit-30--g1", "speed": 30 }, "geometry": { "type": "Point", "coordinates": [ -34.940116001972001, -8.1190804937187 ] } },
{ "type": "Feature", "properties": { "value": "regulatory--maximum-speed-limit-30--g1", "speed": 30 }, "geometry": { "type": "Point", "coordinates": [ -34.944651926486998, -8.081693208035301 ] } },
{ "type": "Feature", "properties": { "value": "regulatory--maximum-speed-limit-30--g1", "speed": 30 }, "geometry": { "type": "Point", "coordinates": [ -34.938335575602999, -8.0849860364336 ] } },
{ "type": "Feature", "properties": { "value": "regulatory--maximum-speed-limit-30--g1", "speed": 30 }, "geometry": { "type": "Point", "coordinates": [ -34.958625352475998, -8.049912191680001 ] } },
{ "type": "Feature", "properties": { "value": "regulatory--maximum-speed-limit-30--g1", "speed": 30 }, "geometry": { "type": "Point", "coordinates": [ -34.921085835299998, -8.140352404815401 ] } },
{ "type": "Feature", "properties": { "value": "regulatory--maximum-speed-limit-30--g1", "speed": 30 }, "geometry": { "type": "Point", "coordinates": [ -34.910807866624999, -8.000293730119701 ] } },
{ "type": "Feature", "properties": { "value": "regulatory--maximum-speed-limit-30--g1", "speed": 30 }, "geometry": { "type": "Point", "coordinates": [ -34.927049033026996, -8.0875984128247 ] } },
{ "type": "Feature", "properties": { "value": "regulatory--maximum-speed-limit-30--g1", "speed": 30 }, "geometry": { "type": "Point", "coordinates": [ -34.872702346612002, -8.0634438227929 ] } },
{ "type": "Feature", "properties": { "value": "regulatory--maximum-speed-limit-30--g1", "speed": 30 }, "geometry": { "type": "Point", "coordinates": [ -34.872134097104997, -8.064212025003 ] } },
{ "type": "Feature", "properties": { "value": "regulatory--maximum-speed-limit-30--g1", "speed": 30 }, "geometry": { "type": "Point", "coordinates": [ -34.952131303546999, -8.1111451090812 ] } },
{ "type": "Feature", "properties": { "value": "regulatory--maximum-speed-limit-30--g1", "speed": 30 }, "geometry": { "type": "Point", "coordinates": [ -34.934154963868998, -8.029209137731799 ] } },
{ "type": "Feature", "properties": { "value": "regulatory--maximum-speed-limit-30--g1", "speed": 30 }, "geometry": { "type": "Point", "coordinates": [ -34.928863432739, -8.053583655785101 ] } },
{ "type": "Feature", "properties": { "value": "regulatory--maximum-speed-limit-30--g1", "speed": 30 }, "geometry": { "type": "Point", "coordinates": [ -34.899010862627001, -8.0037838798659 ] } },
{ "type": "Feature", "properties": { "value": "regulatory--maximum-speed-limit-30--g1", "speed": 30 }, "geometry": { "type": "Point", "coordinates": [ -34.885454033564997, -8.101636972340399 ] } },
{ "type": "Feature", "properties": { "value": "regulatory--maximum-speed-limit-30--g1", "speed": 30 }, "geometry": { "type": "Point", "coordinates": [ -34.951818905026002, -8.1077801250124 ] } },
{ "type": "Feature", "properties": { "value": "regulatory--maximum-speed-limit-30--g1", "speed": 30 }, "geometry": { "type": "Point", "coordinates": [ -34.899858083386, -8.0165525067194 ] } },
{ "type": "Feature", "properties": { "value": "regulatory--maximum-speed-limit-30--g1", "speed": 30 }, "geometry": { "type": "Point", "coordinates": [ -34.944143931140999, -8.060266060683 ] } },
{ "type": "Feature", "properties": { "value": "regulatory--maximum-speed-limit-30--g1", "speed": 30 }, "geometry": { "type": "Point", "coordinates": [ -34.943234259953002, -8.0605419639366 ] } },
{ "type": "Feature", "properties": { "value": "regulatory--maximum-speed-limit-30--g1", "speed": 30 }, "geometry": { "type": "Point", "coordinates": [ -34.943846862773, -8.0470969569195 ] } },
{ "type": "Feature", "properties": { "value": "regulatory--maximum-speed-limit-30--g1", "speed": 30 }, "geometry": { "type": "Point", "coordinates": [ -34.943895480667997, -8.0477368759081 ] } },
{ "type": "Feature", "properties": { "value": "regulatory--maximum-speed-limit-30--g1", "speed": 30 }, "geometry": { "type": "Point", "coordinates": [ -34.959326848933998, -8.047787661055001 ] } },
{ "type": "Feature", "properties": { "value": "regulatory--maximum-speed-limit-30--g1", "speed": 30 }, "geometry": { "type": "Point", "coordinates": [ -34.940530201439003, -8.058696931111401 ] } },
{ "type": "Feature", "properties": { "value": "regulatory--maximum-speed-limit-30--g1", "speed": 30 }, "geometry": { "type": "Point", "coordinates": [ -34.911796486908003, -8.1419717589356 ] } },
{ "type": "Feature", "properties": { "value": "regulatory--maximum-speed-limit-30--g1", "speed": 30 }, "geometry": { "type": "Point", "coordinates": [ -34.951722455334, -8.117322076304401 ] } },
{ "type": "Feature", "properties": { "value": "regulatory--maximum-speed-limit-30--g1", "speed": 30 }, "geometry": { "type": "Point", "coordinates": [ -34.868232469028001, -8.052482488347099 ] } },
{ "type": "Feature", "properties": { "value": "regulatory--maximum-speed-limit-30--g1", "speed": 30 }, "geometry": { "type": "Point", "coordinates": [ -34.868091912578997, -8.0543905838106 ] } },
{ "type": "Feature", "properties": { "value": "regulatory--maximum-speed-limit-30--g1", "speed": 30 }, "geometry": { "type": "Point", "coordinates": [ -34.882993099049003, -8.0594023713289 ] } },
{ "type": "Feature", "properties": { "value": "regulatory--maximum-speed-limit-30--g1", "speed": 30 }, "geometry": { "type": "Point", "coordinates": [ -34.927585570223997, -8.0604703977122 ] } },
{ "type": "Feature", "properties": { "value": "regulatory--maximum-speed-limit-30--g1", "speed": 30 }, "geometry": { "type": "Point", "coordinates": [ -34.871781164551003, -8.0639532475662 ] } },
{ "type": "Feature", "properties": { "value": "regulatory--maximum-speed-limit-30--g1", "speed": 30 }, "geometry": { "type": "Point", "coordinates": [ -34.871622664618997, -8.0633558949453 ] } },
{ "type": "Feature", "properties": { "value": "regulatory--maximum-speed-limit-30--g1", "speed": 30 }, "geometry": { "type": "Point", "coordinates": [ -34.871779774067001, -8.0632629066546 ] } },
{ "type": "Feature", "properties": { "value": "regulatory--maximum-speed-limit-30--g1", "speed": 30 }, "geometry": { "type": "Point", "coordinates": [ -34.882389953952, -8.0522999639707 ] } },
{ "type": "Feature", "properties": { "value": "regulatory--maximum-speed-limit-30--g1", "speed": 30 }, "geometry": { "type": "Point", "coordinates": [ -34.922657218955997, -8.025813085693899 ] } },
{ "type": "Feature", "properties": { "value": "regulatory--maximum-speed-limit-30--g1", "speed": 30 }, "geometry": { "type": "Point", "coordinates": [ -34.893090660275, -8.0583172448989 ] } },
{ "type": "Feature", "properties": { "value": "regulatory--maximum-speed-limit-30--g1", "speed": 30 }, "geometry": { "type": "Point", "coordinates": [ -34.940292144863001, -8.118725267928999 ] } },
{ "type": "Feature", "properties": { "value": "regulatory--maximum-speed-limit-30--g1", "speed": 30 }, "geometry": { "type": "Point", "coordinates": [ -34.906207653271998, -8.112501552688499 ] } },
{ "type": "Feature", "properties": { "value": "regulatory--maximum-speed-limit-30--g1", "speed": 30 }, "geometry": { "type": "Point", "coordinates": [ -34.905722908857001, -8.1126369434689 ] } },
{ "type": "Feature", "properties": { "value": "regulatory--maximum-speed-limit-30--g1", "speed": 30 }, "geometry": { "type": "Point", "coordinates": [ -34.887486998353999, -8.033326832662199 ] } },
{ "type": "Feature", "properties": { "value": "regulatory--maximum-speed-limit-30--g1", "speed": 30 }, "geometry": { "type": "Point", "coordinates": [ -34.942763561642998, -8.062091137304501 ] } },
{ "type": "Feature", "properties": { "value": "regulatory--maximum-speed-limit-30--g1", "speed": 30 }, "geometry": { "type": "Point", "coordinates": [ -34.909612153658998, -8.0079782809258 ] } },
{ "type": "Feature", "properties": { "value": "regulatory--maximum-speed-limit-30--g1", "speed": 30 }, "geometry": { "type": "Point", "coordinates": [ -34.908050533713997, -8.0080639218386 ] } },
{ "type": "Feature", "properties": { "value": "regulatory--maximum-speed-limit-30--g1", "speed": 30 }, "geometry": { "type": "Point", "coordinates": [ -34.907221090025999, -8.0081819484337 ] } },
{ "type": "Feature", "properties": { "value": "regulatory--maximum-speed-limit-30--g1", "speed": 30 }, "geometry": { "type": "Point", "coordinates": [ -34.907568339005003, -8.008102451168099 ] } },
{ "type": "Feature", "properties": { "value": "regulatory--maximum-speed-limit-30--g1", "speed": 30 }, "geometry": { "type": "Point", "coordinates": [ -34.930644622324003, -8.021169036467001 ] } },
{ "type": "Feature", "properties": { "value": "regulatory--maximum-speed-limit-30--g1", "speed": 30 }, "geometry": { "type": "Point", "coordinates": [ -34.963366824013001, -8.0871667551234 ] } },
{ "type": "Feature", "properties": { "value": "regulatory--maximum-speed-limit-30--g1", "speed": 30 }, "geometry": { "type": "Point", "coordinates": [ -34.902529271486998, -8.0105613426255 ] } },
{ "type": "Feature", "properties": { "value": "regulatory--maximum-speed-limit-30--g1", "speed": 30 }, "geometry": { "type": "Point", "coordinates": [ -34.940981184370997, -8.0504582143999 ] } },
{ "type": "Feature", "properties": { "value": "regulatory--maximum-speed-limit-30--g1", "speed": 30 }, "geometry": { "type": "Point", "coordinates": [ -34.93788839962, -8.120630593098699 ] } },
{ "type": "Feature", "properties": { "value": "regulatory--maximum-speed-limit-30--g1", "speed": 30 }, "geometry": { "type": "Point", "coordinates": [ -34.894391537719997, -8.021040070440799 ] } },
{ "type": "Feature", "properties": { "value": "regulatory--maximum-speed-limit-30--g1", "speed": 30 }, "geometry": { "type": "Point", "coordinates": [ -34.941116198864997, -8.092992897188999 ] } },
{ "type": "Feature", "properties": { "value": "regulatory--maximum-speed-limit-30--g1", "speed": 30 }, "geometry": { "type": "Point", "coordinates": [ -34.873403927552999, -8.0640242491798 ] } },
{ "type": "Feature", "properties": { "value": "regulatory--maximum-speed-limit-30--g1", "speed": 30 }, "geometry": { "type": "Point", "coordinates": [ -34.872978491509997, -8.0636819812781 ] } },
{ "type": "Feature", "properties": { "value": "regulatory--maximum-speed-limit-30--g1", "speed": 30 }, "geometry": { "type": "Point", "coordinates": [ -34.896176407265997, -8.023669023016099 ] } },
{ "type": "Feature", "properties": { "value": "regulatory--maximum-speed-limit-30--g1", "speed": 30 }, "geometry": { "type": "Point", "coordinates": [ -34.871484106737, -8.0631054280034 ] } },
{ "type": "Feature", "properties": { "value": "regulatory--maximum-speed-limit-30--g1", "speed": 30 }, "geometry": { "type": "Point", "coordinates": [ -34.966934534949999, -8.038935469589999 ] } },
{ "type": "Feature", "properties": { "value": "regulatory--maximum-speed-limit-30--g1", "speed": 30 }, "geometry": { "type": "Point", "coordinates": [ -34.882065097819002, -8.087253293242201 ] } },
{ "type": "Feature", "properties": { "value": "regulatory--maximum-speed-limit-30--g1", "speed": 30 }, "geometry": { "type": "Point", "coordinates": [ -34.881670719969001, -8.088697357465101 ] } },
{ "type": "Feature", "properties": { "value": "regulatory--maximum-speed-limit-30--g1", "speed": 30 }, "geometry": { "type": "Point", "coordinates": [ -34.946061971814999, -8.1215411034537 ] } },
{ "type": "Feature", "properties": { "value": "regulatory--maximum-speed-limit-30--g1", "speed": 30 }, "geometry": { "type": "Point", "coordinates": [ -34.946254840986001, -8.121676742159799 ] } },
{ "type": "Feature", "properties": { "value": "regulatory--maximum-speed-limit-30--g1", "speed": 30 }, "geometry": { "type": "Point", "coordinates": [ -34.948557639859999, -8.133066133475699 ] } },
{ "type": "Feature", "properties": { "value": "regulatory--maximum-speed-limit-30--g1", "speed": 30 }, "geometry": { "type": "Point", "coordinates": [ -34.912860295102, -8.1351400133656 ] } },
{ "type": "Feature", "properties": { "value": "regulatory--maximum-speed-limit-30--g1", "speed": 30 }, "geometry": { "type": "Point", "coordinates": [ -34.905655396146003, -8.1342938391102 ] } },
{ "type": "Feature", "properties": { "value": "regulatory--maximum-speed-limit-30--g1", "speed": 30 }, "geometry": { "type": "Point", "coordinates": [ -34.921386377703001, -8.106536664686899 ] } },
{ "type": "Feature", "properties": { "value": "regulatory--maximum-speed-limit-30--g1", "speed": 30 }, "geometry": { "type": "Point", "coordinates": [ -34.939165077680002, -8.0832185239416 ] } },
{ "type": "Feature", "properties": { "value": "regulatory--maximum-speed-limit-30--g1", "speed": 30 }, "geometry": { "type": "Point", "coordinates": [ -34.906037030305001, -8.020060486984599 ] } },
{ "type": "Feature", "properties": { "value": "regulatory--maximum-speed-limit-30--g1", "speed": 30 }, "geometry": { "type": "Point", "coordinates": [ -34.932313427380002, -8.099171243107801 ] } },
{ "type": "Feature", "properties": { "value": "regulatory--maximum-speed-limit-30--g1", "speed": 30 }, "geometry": { "type": "Point", "coordinates": [ -34.903866569301002, -8.122637384838299 ] } },
{ "type": "Feature", "properties": { "value": "regulatory--maximum-speed-limit-30--g1", "speed": 30 }, "geometry": { "type": "Point", "coordinates": [ -34.887174534198998, -8.0332018996477 ] } },
{ "type": "Feature", "properties": { "value": "regulatory--maximum-speed-limit-30--g1", "speed": 30 }, "geometry": { "type": "Point", "coordinates": [ -34.927840696242001, -8.025634701643799 ] } },
{ "type": "Feature", "properties": { "value": "regulatory--maximum-speed-limit-30--g1", "speed": 30 }, "geometry": { "type": "Point", "coordinates": [ -34.953896357775001, -8.1213956757926 ] } },
{ "type": "Feature", "properties": { "value": "regulatory--maximum-speed-limit-30--g1", "speed": 30 }, "geometry": { "type": "Point", "coordinates": [ -34.879760595253003, -8.0395726432134 ] } },
{ "type": "Feature", "properties": { "value": "regulatory--maximum-speed-limit-30--g1", "speed": 30 }, "geometry": { "type": "Point", "coordinates": [ -34.959277889306001, -8.0498295145666 ] } },
{ "type": "Feature", "properties": { "value": "regulatory--maximum-speed-limit-30--g1", "speed": 30 }, "geometry": { "type": "Point", "coordinates": [ -34.885442509905999, -8.0320326422073 ] } },
{ "type": "Feature", "properties": { "value": "regulatory--maximum-speed-limit-30--g1", "speed": 30 }, "geometry": { "type": "Point", "coordinates": [ -34.884441526640003, -8.031467951199099 ] } },
{ "type": "Feature", "properties": { "value": "regulatory--maximum-speed-limit-30--g1", "speed": 30 }, "geometry": { "type": "Point", "coordinates": [ -34.882990893586999, -8.0310687425285 ] } },
{ "type": "Feature", "properties": { "value": "regulatory--maximum-speed-limit-30--g1", "speed": 30 }, "geometry": { "type": "Point", "coordinates": [ -34.884058987962, -8.031309881428999 ] } },
{ "type": "Feature", "properties": { "value": "regulatory--maximum-speed-limit-30--g1", "speed": 30 }, "geometry": { "type": "Point", "coordinates": [ -34.956102452107999, -8.112952196839601 ] } },
{ "type": "Feature", "properties": { "value": "regulatory--maximum-speed-limit-30--g1", "speed": 30 }, "geometry": { "type": "Point", "coordinates": [ -34.953373996731003, -8.1151346231135 ] } },
{ "type": "Feature", "properties": { "value": "regulatory--maximum-speed-limit-30--g1", "speed": 30 }, "geometry": { "type": "Point", "coordinates": [ -34.903476849345999, -8.1240877648496 ] } },
{ "type": "Feature", "properties": { "value": "regulatory--maximum-speed-limit-30--g1", "speed": 30 }, "geometry": { "type": "Point", "coordinates": [ -34.942799391262, -8.1340071677996 ] } },
{ "type": "Feature", "properties": { "value": "regulatory--maximum-speed-limit-30--g1", "speed": 30 }, "geometry": { "type": "Point", "coordinates": [ -34.942792154994002, -8.061688011069499 ] } },
{ "type": "Feature", "properties": { "value": "regulatory--maximum-speed-limit-30--g1", "speed": 30 }, "geometry": { "type": "Point", "coordinates": [ -34.931718636644, -8.0593539543751 ] } },
{ "type": "Feature", "properties": { "value": "regulatory--maximum-speed-limit-30--g1", "speed": 30 }, "geometry": { "type": "Point", "coordinates": [ -34.906349462959, -8.0595697138438 ] } },
{ "type": "Feature", "properties": { "value": "regulatory--maximum-speed-limit-30--g1", "speed": 30 }, "geometry": { "type": "Point", "coordinates": [ -34.918208830840001, -8.023953282243699 ] } },
{ "type": "Feature", "properties": { "value": "regulatory--maximum-speed-limit-30--g1", "speed": 30 }, "geometry": { "type": "Point", "coordinates": [ -34.906665674529002, -8.0084461718352 ] } },
{ "type": "Feature", "properties": { "value": "regulatory--maximum-speed-limit-30--g1", "speed": 30 }, "geometry": { "type": "Point", "coordinates": [ -34.901405974888, -8.0547877037673 ] } },
{ "type": "Feature", "properties": { "value": "regulatory--maximum-speed-limit-30--g1", "speed": 30 }, "geometry": { "type": "Point", "coordinates": [ -34.901941513680001, -8.054693052251301 ] } },
{ "type": "Feature", "properties": { "value": "regulatory--maximum-speed-limit-30--g1", "speed": 30 }, "geometry": { "type": "Point", "coordinates": [ -34.934355909262003, -8.094301840972999 ] } },
{ "type": "Feature", "properties": { "value": "regulatory--maximum-speed-limit-30--g1", "speed": 30 }, "geometry": { "type": "Point", "coordinates": [ -34.924780311374001, -8.011547696044399 ] } },
{ "type": "Feature", "properties": { "value": "regulatory--maximum-speed-limit-30--g1", "speed": 30 }, "geometry": { "type": "Point", "coordinates": [ -34.955424050506998, -8.114992537956001 ] } },
{ "type": "Feature", "properties": { "value": "regulatory--maximum-speed-limit-30--g1", "speed": 30 }, "geometry": { "type": "Point", "coordinates": [ -34.943317798254, -8.0901861692429 ] } },
{ "type": "Feature", "properties": { "value": "regulatory--maximum-speed-limit-30--g1", "speed": 30 }, "geometry": { "type": "Point", "coordinates": [ -34.953877970703999, -8.1215072375664 ] } },
{ "type": "Feature", "properties": { "value": "regulatory--maximum-speed-limit-30--g1", "speed": 30 }, "geometry": { "type": "Point", "coordinates": [ -34.932838978656001, -8.0514237069352 ] } },
{ "type": "Feature", "properties": { "value": "regulatory--maximum-speed-limit-30--g1", "speed": 30 }, "geometry": { "type": "Point", "coordinates": [ -34.988982588821997, -8.034808584186701 ] } },
{ "type": "Feature", "properties": { "value": "regulatory--maximum-speed-limit-30--g1", "speed": 30 }, "geometry": { "type": "Point", "coordinates": [ -34.887884635424001, -8.0336398472688 ] } },
{ "type": "Feature", "properties": { "value": "regulatory--maximum-speed-limit-30--g1", "speed": 30 }, "geometry": { "type": "Point", "coordinates": [ -34.932589822955997, -7.9853958449128 ] } },
{ "type": "Feature", "properties": { "value": "regulatory--maximum-speed-limit-30--g1", "speed": 30 }, "geometry": { "type": "Point", "coordinates": [ -34.932562160487002, -7.9852925500128 ] } },
{ "type": "Feature", "properties": { "value": "regulatory--maximum-speed-limit-30--g1", "speed": 30 }, "geometry": { "type": "Point", "coordinates": [ -34.946580879311, -8.1094016314056 ] } },
{ "type": "Feature", "properties": { "value": "regulatory--maximum-speed-limit-30--g1", "speed": 30 }, "geometry": { "type": "Point", "coordinates": [ -34.917674592559003, -8.018974848567 ] } },
{ "type": "Feature", "properties": { "value": "regulatory--maximum-speed-limit-30--g1", "speed": 30 }, "geometry": { "type": "Point", "coordinates": [ -34.946403249519001, -8.118303258356701 ] } },
{ "type": "Feature", "properties": { "value": "regulatory--maximum-speed-limit-30--g1", "speed": 30 }, "geometry": { "type": "Point", "coordinates": [ -34.935287128912996, -8.1231427469786 ] } },
{ "type": "Feature", "properties": { "value": "regulatory--maximum-speed-limit-30--g1", "speed": 30 }, "geometry": { "type": "Point", "coordinates": [ -34.921769616532004, -8.0323842133471 ] } },
{ "type": "Feature", "properties": { "value": "regulatory--maximum-speed-limit-30--g1", "speed": 30 }, "geometry": { "type": "Point", "coordinates": [ -34.908416351455998, -8.123377184178199 ] } },
{ "type": "Feature", "properties": { "value": "regulatory--maximum-speed-limit-30--g1", "speed": 30 }, "geometry": { "type": "Point", "coordinates": [ -34.883633077390002, -8.0390930510427 ] } },
{ "type": "Feature", "properties": { "value": "regulatory--maximum-speed-limit-30--g1", "speed": 30 }, "geometry": { "type": "Point", "coordinates": [ -34.909731408524003, -8.061225624705701 ] } },
{ "type": "Feature", "properties": { "value": "regulatory--maximum-speed-limit-30--g1", "speed": 30 }, "geometry": { "type": "Point", "coordinates": [ -34.921092660551999, -8.1066382963204 ] } },
{ "type": "Feature", "properties": { "value": "regulatory--maximum-speed-limit-30--g1", "speed": 30 }, "geometry": { "type": "Point", "coordinates": [ -34.920556083054002, -8.107356362779999 ] } },
{ "type": "Feature", "properties": { "value": "regulatory--maximum-speed-limit-30--g1", "speed": 30 }, "geometry": { "type": "Point", "coordinates": [ -34.927841843029, -8.054034744126501 ] } },
{ "type": "Feature", "properties": { "value": "regulatory--maximum-speed-limit-30--g1", "speed": 30 }, "geometry": { "type": "Point", "coordinates": [ -34.917757621162004, -8.116414894255399 ] } },
{ "type": "Feature", "properties": { "value": "regulatory--maximum-speed-limit-30--g1", "speed": 30 }, "geometry": { "type": "Point", "coordinates": [ -34.913897244997997, -8.1365829129509 ] } },
{ "type": "Feature", "properties": { "value": "regulatory--maximum-speed-limit-30--g1", "speed": 30 }, "geometry": { "type": "Point", "coordinates": [ -34.940572153592001, -8.1105392836155 ] } },
{ "type": "Feature", "properties": { "value": "regulatory--maximum-speed-limit-30--g1", "speed": 30 }, "geometry": { "type": "Point", "coordinates": [ -34.940714426547999, -8.110462891341401 ] } },
{ "type": "Feature", "properties": { "value": "regulatory--maximum-speed-limit-30--g1", "speed": 30 }, "geometry": { "type": "Point", "coordinates": [ -34.910299729047999, -8.110445001586699 ] } },
{ "type": "Feature", "properties": { "value": "regulatory--maximum-speed-limit-30--g1", "speed": 30 }, "geometry": { "type": "Point", "coordinates": [ -34.938236909662002, -8.127928300337601 ] } },
{ "type": "Feature", "properties": { "value": "regulatory--maximum-speed-limit-30--g1", "speed": 30 }, "geometry": { "type": "Point", "coordinates": [ -34.950574437088001, -8.120959040117199 ] } },
{ "type": "Feature", "properties": { "value": "regulatory--maximum-speed-limit-30--g1", "speed": 30 }, "geometry": { "type": "Point", "coordinates": [ -34.930941881087001, -8.0308094123129 ] } },
{ "type": "Feature", "properties": { "value": "regulatory--maximum-speed-limit-30--g1", "speed": 30 }, "geometry": { "type": "Point", "coordinates": [ -34.922282234148, -8.0007872244641 ] } },
{ "type": "Feature", "properties": { "value": "regulatory--maximum-speed-limit-30--g1", "speed": 30 }, "geometry": { "type": "Point", "coordinates": [ -34.946711642430003, -8.1220999155474 ] } },
{ "type": "Feature", "properties": { "value": "regulatory--maximum-speed-limit-30--g1", "speed": 30 }, "geometry": { "type": "Point", "coordinates": [ -34.945785300071996, -8.1204863234447 ] } },
{ "type": "Feature", "properties": { "value": "regulatory--maximum-speed-limit-30--g1", "speed": 30 }, "geometry": { "type": "Point", "coordinates": [ -34.930839338666999, -8.047184462653 ] } },
{ "type": "Feature", "properties": { "value": "regulatory--maximum-speed-limit-30--g1", "speed": 30 }, "geometry": { "type": "Point", "coordinates": [ -34.919848141533997, -8.022223487714101 ] } },
{ "type": "Feature", "properties": { "value": "regulatory--maximum-speed-limit-30--g1", "speed": 30 }, "geometry": { "type": "Point", "coordinates": [ -34.950262654047002, -8.036710098702599 ] } },
{ "type": "Feature", "properties": { "value": "regulatory--maximum-speed-limit-30--g1", "speed": 30 }, "geometry": { "type": "Point", "coordinates": [ -34.895755820780998, -8.065065876006001 ] } },
{ "type": "Feature", "properties": { "value": "regulatory--maximum-speed-limit-30--g1", "speed": 30 }, "geometry": { "type": "Point", "coordinates": [ -34.895697813639003, -8.0644934595854 ] } },
{ "type": "Feature", "properties": { "value": "regulatory--maximum-speed-limit-30--g1", "speed": 30 }, "geometry": { "type": "Point", "coordinates": [ -34.915220089413999, -8.1433795676902 ] } },
{ "type": "Feature", "properties": { "value": "regulatory--maximum-speed-limit-30--g1", "speed": 30 }, "geometry": { "type": "Point", "coordinates": [ -34.905061800402997, -8.0207554923097 ] } },
{ "type": "Feature", "properties": { "value": "regulatory--maximum-speed-limit-30--g1", "speed": 30 }, "geometry": { "type": "Point", "coordinates": [ -34.905458670899002, -8.0205363888448 ] } },
{ "type": "Feature", "properties": { "value": "regulatory--maximum-speed-limit-30--g1", "speed": 30 }, "geometry": { "type": "Point", "coordinates": [ -34.912897050194999, -8.0905243109283 ] } },
{ "type": "Feature", "properties": { "value": "regulatory--maximum-speed-limit-30--g1", "speed": 30 }, "geometry": { "type": "Point", "coordinates": [ -34.898341030247003, -8.0031653765408 ] } },
{ "type": "Feature", "properties": { "value": "regulatory--maximum-speed-limit-30--g1", "speed": 30 }, "geometry": { "type": "Point", "coordinates": [ -34.924703763936002, -8.066535011026501 ] } },
{ "type": "Feature", "properties": { "value": "regulatory--maximum-speed-limit-30--g1", "speed": 30 }, "geometry": { "type": "Point", "coordinates": [ -34.894647503172003, -8.110569951230501 ] } },
{ "type": "Feature", "properties": { "value": "regulatory--maximum-speed-limit-30--g1", "speed": 30 }, "geometry": { "type": "Point", "coordinates": [ -34.895128363418003, -8.110219797641101 ] } },
{ "type": "Feature", "properties": { "value": "regulatory--maximum-speed-limit-30--g1", "speed": 30 }, "geometry": { "type": "Point", "coordinates": [ -34.919730629317002, -8.022410046224399 ] } },
{ "type": "Feature", "properties": { "value": "regulatory--maximum-speed-limit-30--g1", "speed": 30 }, "geometry": { "type": "Point", "coordinates": [ -34.919435556087997, -8.022587867360199 ] } },
{ "type": "Feature", "properties": { "value": "regulatory--maximum-speed-limit-30--g1", "speed": 30 }, "geometry": { "type": "Point", "coordinates": [ -34.918882250777997, -8.023004737966801 ] } },
{ "type": "Feature", "properties": { "value": "regulatory--maximum-speed-limit-30--g1", "speed": 30 }, "geometry": { "type": "Point", "coordinates": [ -34.949508056296999, -8.129500105901901 ] } },
{ "type": "Feature", "properties": { "value": "regulatory--maximum-speed-limit-30--g1", "speed": 30 }, "geometry": { "type": "Point", "coordinates": [ -34.904839810896, -8.1319665005204 ] } },
{ "type": "Feature", "properties": { "value": "regulatory--maximum-speed-limit-30--g1", "speed": 30 }, "geometry": { "type": "Point", "coordinates": [ -34.953053547777998, -8.0867445755409 ] } },
{ "type": "Feature", "properties": { "value": "regulatory--maximum-speed-limit-30--g1", "speed": 30 }, "geometry": { "type": "Point", "coordinates": [ -34.973167905055, -8.024877894068901 ] } },
{ "type": "Feature", "properties": { "value": "regulatory--maximum-speed-limit-30--g1", "speed": 30 }, "geometry": { "type": "Point", "coordinates": [ -34.944965801594002, -8.0360362206417 ] } },
{ "type": "Feature", "properties": { "value": "regulatory--maximum-speed-limit-30--g1", "speed": 30 }, "geometry": { "type": "Point", "coordinates": [ -34.944715683726997, -8.0354447066254 ] } },
{ "type": "Feature", "properties": { "value": "regulatory--maximum-speed-limit-30--g1", "speed": 30 }, "geometry": { "type": "Point", "coordinates": [ -34.936224289206997, -8.138652584582401 ] } },
{ "type": "Feature", "properties": { "value": "regulatory--maximum-speed-limit-30--g1", "speed": 30 }, "geometry": { "type": "Point", "coordinates": [ -34.935363005299003, -8.1396058590298 ] } },
{ "type": "Feature", "properties": { "value": "regulatory--maximum-speed-limit-30--g1", "speed": 30 }, "geometry": { "type": "Point", "coordinates": [ -34.926420048624998, -8.017704294853401 ] } },
{ "type": "Feature", "properties": { "value": "regulatory--maximum-speed-limit-30--g1", "speed": 30 }, "geometry": { "type": "Point", "coordinates": [ -34.885922945974997, -8.100716296745 ] } },
{ "type": "Feature", "properties": { "value": "regulatory--maximum-speed-limit-30--g1", "speed": 30 }, "geometry": { "type": "Point", "coordinates": [ -34.885828079908997, -8.1005800969657 ] } },
{ "type": "Feature", "properties": { "value": "regulatory--maximum-speed-limit-30--g1", "speed": 30 }, "geometry": { "type": "Point", "coordinates": [ -34.944849635619001, -8.0796975630804 ] } },
{ "type": "Feature", "properties": { "value": "regulatory--maximum-speed-limit-30--g1", "speed": 30 }, "geometry": { "type": "Point", "coordinates": [ -34.949836792040998, -8.112493754579299 ] } },
{ "type": "Feature", "properties": { "value": "regulatory--maximum-speed-limit-30--g1", "speed": 30 }, "geometry": { "type": "Point", "coordinates": [ -34.930006590923, -8.097134423913401 ] } },
{ "type": "Feature", "properties": { "value": "regulatory--maximum-speed-limit-30--g1", "speed": 30 }, "geometry": { "type": "Point", "coordinates": [ -34.911536074106003, -8.0204014923278 ] } },
{ "type": "Feature", "properties": { "value": "regulatory--maximum-speed-limit-30--g1", "speed": 30 }, "geometry": { "type": "Point", "coordinates": [ -34.911564842513002, -8.022326967654999 ] } },
{ "type": "Feature", "properties": { "value": "regulatory--maximum-speed-limit-30--g1", "speed": 30 }, "geometry": { "type": "Point", "coordinates": [ -34.895329586220001, -8.0651711531081 ] } },
{ "type": "Feature", "properties": { "value": "regulatory--maximum-speed-limit-30--g1", "speed": 30 }, "geometry": { "type": "Point", "coordinates": [ -34.873802438925999, -8.0632470329946 ] } },
{ "type": "Feature", "properties": { "value": "regulatory--maximum-speed-limit-30--g1", "speed": 30 }, "geometry": { "type": "Point", "coordinates": [ -34.873751282927003, -8.0636586195122 ] } },
{ "type": "Feature", "properties": { "value": "regulatory--maximum-speed-limit-30--g1", "speed": 30 }, "geometry": { "type": "Point", "coordinates": [ -34.926529701710997, -7.9947643078017 ] } },
{ "type": "Feature", "properties": { "value": "regulatory--maximum-speed-limit-30--g1", "speed": 30 }, "geometry": { "type": "Point", "coordinates": [ -34.925358058457, -7.9965015194305 ] } },
{ "type": "Feature", "properties": { "value": "regulatory--maximum-speed-limit-30--g1", "speed": 30 }, "geometry": { "type": "Point", "coordinates": [ -34.873797943165997, -8.0659896038577 ] } },
{ "type": "Feature", "properties": { "value": "regulatory--maximum-speed-limit-30--g1", "speed": 30 }, "geometry": { "type": "Point", "coordinates": [ -34.955968142164998, -8.113052798844899 ] } },
{ "type": "Feature", "properties": { "value": "regulatory--maximum-speed-limit-30--g1", "speed": 30 }, "geometry": { "type": "Point", "coordinates": [ -34.894332201946, -8.0181091899401 ] } },
{ "type": "Feature", "properties": { "value": "regulatory--maximum-speed-limit-30--g1", "speed": 30 }, "geometry": { "type": "Point", "coordinates": [ -34.945189659748003, -8.041238832931599 ] } },
{ "type": "Feature", "properties": { "value": "regulatory--maximum-speed-limit-30--g1", "speed": 30 }, "geometry": { "type": "Point", "coordinates": [ -34.944578550152997, -8.0399393865729 ] } },
{ "type": "Feature", "properties": { "value": "regulatory--maximum-speed-limit-30--g1", "speed": 30 }, "geometry": { "type": "Point", "coordinates": [ -34.907236772761998, -8.022749142435501 ] } },
{ "type": "Feature", "properties": { "value": "regulatory--maximum-speed-limit-30--g1", "speed": 30 }, "geometry": { "type": "Point", "coordinates": [ -34.939989795022001, -8.1191490618247 ] } },
{ "type": "Feature", "properties": { "value": "regulatory--maximum-speed-limit-30--g1", "speed": 30 }, "geometry": { "type": "Point", "coordinates": [ -34.942251477733002, -8.1103426164527 ] } },
{ "type": "Feature", "properties": { "value": "regulatory--maximum-speed-limit-30--g1", "speed": 30 }, "geometry": { "type": "Point", "coordinates": [ -34.943635176412002, -8.110102466327501 ] } },
{ "type": "Feature", "properties": { "value": "regulatory--maximum-speed-limit-30--g1", "speed": 30 }, "geometry": { "type": "Point", "coordinates": [ -34.91398024027, -8.140813789872499 ] } },
{ "type": "Feature", "properties": { "value": "regulatory--maximum-speed-limit-30--g1", "speed": 30 }, "geometry": { "type": "Point", "coordinates": [ -34.902915110216, -8.1210549617126 ] } },
{ "type": "Feature", "properties": { "value": "regulatory--maximum-speed-limit-30--g1", "speed": 30 }, "geometry": { "type": "Point", "coordinates": [ -34.930871370321, -8.010277030168499 ] } },
{ "type": "Feature", "properties": { "value": "regulatory--maximum-speed-limit-30--g1", "speed": 30 }, "geometry": { "type": "Point", "coordinates": [ -34.9316740935, -8.0093773642831 ] } },
{ "type": "Feature", "properties": { "value": "regulatory--maximum-speed-limit-30--g1", "speed": 30 }, "geometry": { "type": "Point", "coordinates": [ -34.918306749147, -8.1171397423042 ] } },
{ "type": "Feature", "properties": { "value": "regulatory--maximum-speed-limit-30--g1", "speed": 30 }, "geometry": { "type": "Point", "coordinates": [ -34.888445927846, -8.0340713215601 ] } },
{ "type": "Feature", "properties": { "value": "regulatory--maximum-speed-limit-30--g1", "speed": 30 }, "geometry": { "type": "Point", "coordinates": [ -34.920043810442003, -8.012299587318299 ] } },
{ "type": "Feature", "properties": { "value": "regulatory--maximum-speed-limit-30--g1", "speed": 30 }, "geometry": { "type": "Point", "coordinates": [ -34.920055735649001, -8.012581118154401 ] } },
{ "type": "Feature", "properties": { "value": "regulatory--maximum-speed-limit-30--g1", "speed": 30 }, "geometry": { "type": "Point", "coordinates": [ -34.920034595391002, -8.0133533742609 ] } },
{ "type": "Feature", "properties": { "value": "regulatory--maximum-speed-limit-30--g1", "speed": 30 }, "geometry": { "type": "Point", "coordinates": [ -34.955126411423002, -8.1170640655809 ] } },
{ "type": "Feature", "properties": { "value": "regulatory--maximum-speed-limit-30--g1", "speed": 30 }, "geometry": { "type": "Point", "coordinates": [ -34.961033959009001, -8.110035889077601 ] } },
{ "type": "Feature", "properties": { "value": "regulatory--maximum-speed-limit-30--g1", "speed": 30 }, "geometry": { "type": "Point", "coordinates": [ -34.917509213688, -8.116521904055199 ] } },
{ "type": "Feature", "properties": { "value": "regulatory--maximum-speed-limit-30--g1", "speed": 30 }, "geometry": { "type": "Point", "coordinates": [ -34.917358620252003, -8.1163245981085 ] } },
{ "type": "Feature", "properties": { "value": "regulatory--maximum-speed-limit-30--g1", "speed": 30 }, "geometry": { "type": "Point", "coordinates": [ -34.912152688021003, -8.1221126485068 ] } },
{ "type": "Feature", "properties": { "value": "regulatory--maximum-speed-limit-30--g1", "speed": 30 }, "geometry": { "type": "Point", "coordinates": [ -34.893869323266998, -8.034573464135001 ] } },
{ "type": "Feature", "properties": { "value": "regulatory--maximum-speed-limit-30--g1", "speed": 30 }, "geometry": { "type": "Point", "coordinates": [ -34.911262167582997, -8.0348875718022 ] } },
{ "type": "Feature", "properties": { "value": "regulatory--maximum-speed-limit-30--g1", "speed": 30 }, "geometry": { "type": "Point", "coordinates": [ -34.882373164927998, -8.0600094462987 ] } },
{ "type": "Feature", "properties": { "value": "regulatory--maximum-speed-limit-30--g1", "speed": 30 }, "geometry": { "type": "Point", "coordinates": [ -34.884024082650001, -8.0367694018243 ] } },
{ "type": "Feature", "properties": { "value": "regulatory--maximum-speed-limit-30--g1", "speed": 30 }, "geometry": { "type": "Point", "coordinates": [ -34.93476393041, -7.9897048169444 ] } },
{ "type": "Feature", "properties": { "value": "regulatory--maximum-speed-limit-30--g1", "speed": 30 }, "geometry": { "type": "Point", "coordinates": [ -34.871570411336997, -8.0635910315928 ] } },
{ "type": "Feature", "properties": { "value": "regulatory--maximum-speed-limit-30--g1", "speed": 30 }, "geometry": { "type": "Point", "coordinates": [ -34.944521682144, -8.041500743741 ] } },
{ "type": "Feature", "properties": { "value": "regulatory--maximum-speed-limit-30--g1", "speed": 30 }, "geometry": { "type": "Point", "coordinates": [ -34.945253937804999, -8.0418732882841 ] } },
{ "type": "Feature", "properties": { "value": "regulatory--maximum-speed-limit-30--g1", "speed": 30 }, "geometry": { "type": "Point", "coordinates": [ -34.888104553241, -8.0086951972904 ] } },
{ "type": "Feature", "properties": { "value": "regulatory--maximum-speed-limit-30--g1", "speed": 30 }, "geometry": { "type": "Point", "coordinates": [ -34.888223942187999, -8.008900209296099 ] } },
{ "type": "Feature", "properties": { "value": "regulatory--maximum-speed-limit-30--g1", "speed": 30 }, "geometry": { "type": "Point", "coordinates": [ -34.887191901914001, -8.0073044275141 ] } },
{ "type": "Feature", "properties": { "value": "regulatory--maximum-speed-limit-30--g1", "speed": 30 }, "geometry": { "type": "Point", "coordinates": [ -34.888834361397997, -8.010138231399701 ] } },
{ "type": "Feature", "properties": { "value": "regulatory--maximum-speed-limit-30--g1", "speed": 30 }, "geometry": { "type": "Point", "coordinates": [ -34.901880664444001, -8.050675231784 ] } },
{ "type": "Feature", "properties": { "value": "regulatory--maximum-speed-limit-30--g1", "speed": 30 }, "geometry": { "type": "Point", "coordinates": [ -34.905854018374001, -8.040561400884799 ] } },
{ "type": "Feature", "properties": { "value": "regulatory--maximum-speed-limit-30--g1", "speed": 30 }, "geometry": { "type": "Point", "coordinates": [ -34.951764434794001, -8.083631853667899 ] } },
{ "type": "Feature", "properties": { "value": "regulatory--maximum-speed-limit-30--g1", "speed": 30 }, "geometry": { "type": "Point", "coordinates": [ -34.919901970924997, -8.1413660497319 ] } },
{ "type": "Feature", "properties": { "value": "regulatory--maximum-speed-limit-30--g1", "speed": 30 }, "geometry": { "type": "Point", "coordinates": [ -34.907363946971003, -8.021977841810299 ] } },
{ "type": "Feature", "properties": { "value": "regulatory--maximum-speed-limit-30--g1", "speed": 30 }, "geometry": { "type": "Point", "coordinates": [ -34.932068660817997, -8.0876975164383 ] } },
{ "type": "Feature", "properties": { "value": "regulatory--maximum-speed-limit-30--g1", "speed": 30 }, "geometry": { "type": "Point", "coordinates": [ -34.901206119012997, -8.034845278447801 ] } },
{ "type": "Feature", "properties": { "value": "regulatory--maximum-speed-limit-30--g1", "speed": 30 }, "geometry": { "type": "Point", "coordinates": [ -34.909699580849001, -8.141702308393601 ] } },
{ "type": "Feature", "properties": { "value": "regulatory--maximum-speed-limit-30--g1", "speed": 30 }, "geometry": { "type": "Point", "coordinates": [ -34.909055969846001, -8.141990282626701 ] } },
{ "type": "Feature", "properties": { "value": "regulatory--maximum-speed-limit-30--g1", "speed": 30 }, "geometry": { "type": "Point", "coordinates": [ -34.920276441932003, -8.006719521886801 ] } },
{ "type": "Feature", "properties": { "value": "regulatory--maximum-speed-limit-30--g1", "speed": 30 }, "geometry": { "type": "Point", "coordinates": [ -34.920148640355997, -8.0370345251314 ] } },
{ "type": "Feature", "properties": { "value": "regulatory--maximum-speed-limit-30--g1", "speed": 30 }, "geometry": { "type": "Point", "coordinates": [ -34.920936797825, -8.0167166544664 ] } },
{ "type": "Feature", "properties": { "value": "regulatory--maximum-speed-limit-30--g1", "speed": 30 }, "geometry": { "type": "Point", "coordinates": [ -34.944745029429001, -8.077917953003 ] } },
{ "type": "Feature", "properties": { "value": "regulatory--maximum-speed-limit-30--g1", "speed": 30 }, "geometry": { "type": "Point", "coordinates": [ -34.873741098833001, -8.0635727667071 ] } },
{ "type": "Feature", "properties": { "value": "regulatory--maximum-speed-limit-30--g1", "speed": 30 }, "geometry": { "type": "Point", "coordinates": [ -34.936815376296003, -8.137416914958999 ] } },
{ "type": "Feature", "properties": { "value": "regulatory--maximum-speed-limit-30--g1", "speed": 30 }, "geometry": { "type": "Point", "coordinates": [ -34.950733706923003, -8.120274571815299 ] } },
{ "type": "Feature", "properties": { "value": "regulatory--maximum-speed-limit-30--g1", "speed": 30 }, "geometry": { "type": "Point", "coordinates": [ -34.937680308689998, -8.1324288494654 ] } },
{ "type": "Feature", "properties": { "value": "regulatory--maximum-speed-limit-30--g1", "speed": 30 }, "geometry": { "type": "Point", "coordinates": [ -34.934250450527003, -8.029222613519501 ] } },
{ "type": "Feature", "properties": { "value": "regulatory--maximum-speed-limit-30--g1", "speed": 30 }, "geometry": { "type": "Point", "coordinates": [ -34.935796256970001, -8.1395550306041 ] } },
{ "type": "Feature", "properties": { "value": "regulatory--maximum-speed-limit-30--g1", "speed": 30 }, "geometry": { "type": "Point", "coordinates": [ -34.957015548369, -8.1116816862463 ] } },
{ "type": "Feature", "properties": { "value": "regulatory--maximum-speed-limit-30--g1", "speed": 30 }, "geometry": { "type": "Point", "coordinates": [ -34.921687889167998, -8.0315650410388 ] } },
{ "type": "Feature", "properties": { "value": "regulatory--maximum-speed-limit-30--g1", "speed": 30 }, "geometry": { "type": "Point", "coordinates": [ -34.922680358108003, -8.117314794915099 ] } },
{ "type": "Feature", "properties": { "value": "regulatory--maximum-speed-limit-30--g1", "speed": 30 }, "geometry": { "type": "Point", "coordinates": [ -34.907414885361, -8.03267217961 ] } },
{ "type": "Feature", "properties": { "value": "regulatory--maximum-speed-limit-30--g1", "speed": 30 }, "geometry": { "type": "Point", "coordinates": [ -34.920236152662, -8.033021182400701 ] } },
{ "type": "Feature", "properties": { "value": "regulatory--maximum-speed-limit-30--g1", "speed": 30 }, "geometry": { "type": "Point", "coordinates": [ -34.893498611433003, -8.0659142078319 ] } },
{ "type": "Feature", "properties": { "value": "regulatory--maximum-speed-limit-30--g1", "speed": 30 }, "geometry": { "type": "Point", "coordinates": [ -34.940794270044996, -8.114426704240801 ] } },
{ "type": "Feature", "properties": { "value": "regulatory--maximum-speed-limit-30--g1", "speed": 30 }, "geometry": { "type": "Point", "coordinates": [ -34.924320071745001, -8.1134732144443 ] } },
{ "type": "Feature", "properties": { "value": "regulatory--maximum-speed-limit-30--g1", "speed": 30 }, "geometry": { "type": "Point", "coordinates": [ -34.944395234814998, -8.034947075346601 ] } },
{ "type": "Feature", "properties": { "value": "regulatory--maximum-speed-limit-30--g1", "speed": 30 }, "geometry": { "type": "Point", "coordinates": [ -34.906439771415997, -8.1337946623721 ] } },
{ "type": "Feature", "properties": { "value": "regulatory--maximum-speed-limit-30--g1", "speed": 30 }, "geometry": { "type": "Point", "coordinates": [ -34.920052565874997, -8.0141814477791 ] } },
{ "type": "Feature", "properties": { "value": "regulatory--maximum-speed-limit-30--g1", "speed": 30 }, "geometry": { "type": "Point", "coordinates": [ -34.952922760633001, -8.0338109093009 ] } },
{ "type": "Feature", "properties": { "value": "regulatory--maximum-speed-limit-30--g1", "speed": 30 }, "geometry": { "type": "Point", "coordinates": [ -34.914484623794003, -8.0147826403746 ] } },
{ "type": "Feature", "properties": { "value": "regulatory--maximum-speed-limit-30--g1", "speed": 30 }, "geometry": { "type": "Point", "coordinates": [ -34.925002657903001, -7.9975551575695 ] } },
{ "type": "Feature", "properties": { "value": "regulatory--maximum-speed-limit-30--g1", "speed": 30 }, "geometry": { "type": "Point", "coordinates": [ -34.901790586433002, -8.0507336617021 ] } },
{ "type": "Feature", "properties": { "value": "regulatory--maximum-speed-limit-30--g1", "speed": 30 }, "geometry": { "type": "Point", "coordinates": [ -34.885792469039998, -8.032319307679799 ] } },
{ "type": "Feature", "properties": { "value": "regulatory--maximum-speed-limit-30--g1", "speed": 30 }, "geometry": { "type": "Point", "coordinates": [ -34.913509508951996, -8.020847114090399 ] } },
{ "type": "Feature", "properties": { "value": "regulatory--maximum-speed-limit-30--g1", "speed": 30 }, "geometry": { "type": "Point", "coordinates": [ -34.905244677864999, -8.0471513639375 ] } },
{ "type": "Feature", "properties": { "value": "regulatory--maximum-speed-limit-30--g1", "speed": 30 }, "geometry": { "type": "Point", "coordinates": [ -34.962494475326999, -8.108602118187401 ] } },
{ "type": "Feature", "properties": { "value": "regulatory--maximum-speed-limit-30--g1", "speed": 30 }, "geometry": { "type": "Point", "coordinates": [ -34.895088219641998, -8.030774177277801 ] } },
{ "type": "Feature", "properties": { "value": "regulatory--maximum-speed-limit-30--g1", "speed": 30 }, "geometry": { "type": "Point", "coordinates": [ -34.894734068254998, -8.030864822202901 ] } },
{ "type": "Feature", "properties": { "value": "regulatory--maximum-speed-limit-30--g1", "speed": 30 }, "geometry": { "type": "Point", "coordinates": [ -34.912824109827, -8.1454559957842 ] } },
{ "type": "Feature", "properties": { "value": "regulatory--maximum-speed-limit-30--g1", "speed": 30 }, "geometry": { "type": "Point", "coordinates": [ -34.883658358687001, -8.0152452463039 ] } },
{ "type": "Feature", "properties": { "value": "regulatory--maximum-speed-limit-30--g1", "speed": 30 }, "geometry": { "type": "Point", "coordinates": [ -34.883858554706002, -8.0847138248972 ] } },
{ "type": "Feature", "properties": { "value": "regulatory--maximum-speed-limit-30--g1", "speed": 30 }, "geometry": { "type": "Point", "coordinates": [ -34.911760245525002, -8.080429159080699 ] } },
{ "type": "Feature", "properties": { "value": "regulatory--maximum-speed-limit-30--g1", "speed": 30 }, "geometry": { "type": "Point", "coordinates": [ -34.917227036104002, -8.0200649166487 ] } },
{ "type": "Feature", "properties": { "value": "regulatory--maximum-speed-limit-30--g1", "speed": 30 }, "geometry": { "type": "Point", "coordinates": [ -34.962475440191, -8.1087127108907 ] } },
{ "type": "Feature", "properties": { "value": "regulatory--maximum-speed-limit-30--g1", "speed": 30 }, "geometry": { "type": "Point", "coordinates": [ -34.907348665732997, -8.142794525962101 ] } },
{ "type": "Feature", "properties": { "value": "regulatory--maximum-speed-limit-30--g1", "speed": 30 }, "geometry": { "type": "Point", "coordinates": [ -34.894026125796003, -8.0193161723586 ] } },
{ "type": "Feature", "properties": { "value": "regulatory--maximum-speed-limit-30--g1", "speed": 30 }, "geometry": { "type": "Point", "coordinates": [ -34.923397889562999, -8.02499235654 ] } },
{ "type": "Feature", "properties": { "value": "regulatory--maximum-speed-limit-30--g1", "speed": 30 }, "geometry": { "type": "Point", "coordinates": [ -34.891020644389997, -8.043735177419901 ] } },
{ "type": "Feature", "properties": { "value": "regulatory--maximum-speed-limit-30--g1", "speed": 30 }, "geometry": { "type": "Point", "coordinates": [ -34.878992191797998, -8.0401450249402 ] } },
{ "type": "Feature", "properties": { "value": "regulatory--maximum-speed-limit-30--g1", "speed": 30 }, "geometry": { "type": "Point", "coordinates": [ -34.952259109868997, -8.1164612886139 ] } },
{ "type": "Feature", "properties": { "value": "regulatory--maximum-speed-limit-30--g1", "speed": 30 }, "geometry": { "type": "Point", "coordinates": [ -34.929045863981003, -8.0721666287834 ] } },
{ "type": "Feature", "properties": { "value": "regulatory--maximum-speed-limit-30--g1", "speed": 30 }, "geometry": { "type": "Point", "coordinates": [ -34.893095856740999, -8.058142051505101 ] } },
{ "type": "Feature", "properties": { "value": "regulatory--maximum-speed-limit-30--g1", "speed": 30 }, "geometry": { "type": "Point", "coordinates": [ -34.893032748464996, -8.0577808950031 ] } },
{ "type": "Feature", "properties": { "value": "regulatory--maximum-speed-limit-30--g1", "speed": 30 }, "geometry": { "type": "Point", "coordinates": [ -34.936164489383003, -8.0970803145145 ] } },
{ "type": "Feature", "properties": { "value": "regulatory--maximum-speed-limit-30--g1", "speed": 30 }, "geometry": { "type": "Point", "coordinates": [ -34.920489808032002, -8.1072718717806 ] } },
{ "type": "Feature", "properties": { "value": "regulatory--maximum-speed-limit-30--g1", "speed": 30 }, "geometry": { "type": "Point", "coordinates": [ -34.898960369180003, -8.0297633147154 ] } },
{ "type": "Feature", "properties": { "value": "regulatory--maximum-speed-limit-30--g1", "speed": 30 }, "geometry": { "type": "Point", "coordinates": [ -34.940233267495003, -8.0400654048637 ] } },
{ "type": "Feature", "properties": { "value": "regulatory--maximum-speed-limit-30--g1", "speed": 30 }, "geometry": { "type": "Point", "coordinates": [ -34.942899161013997, -8.035848216451701 ] } },
{ "type": "Feature", "properties": { "value": "regulatory--maximum-speed-limit-30--g1", "speed": 30 }, "geometry": { "type": "Point", "coordinates": [ -34.943276925082003, -8.0366794327131 ] } },
{ "type": "Feature", "properties": { "value": "regulatory--maximum-speed-limit-30--g1", "speed": 30 }, "geometry": { "type": "Point", "coordinates": [ -34.888672815343, -8.096789638132 ] } },
{ "type": "Feature", "properties": { "value": "regulatory--maximum-speed-limit-30--g1", "speed": 30 }, "geometry": { "type": "Point", "coordinates": [ -34.883605351736001, -8.036232922440201 ] } },
{ "type": "Feature", "properties": { "value": "regulatory--maximum-speed-limit-30--g1", "speed": 30 }, "geometry": { "type": "Point", "coordinates": [ -34.873737306712002, -8.062318171421801 ] } },
{ "type": "Feature", "properties": { "value": "regulatory--maximum-speed-limit-30--g1", "speed": 30 }, "geometry": { "type": "Point", "coordinates": [ -34.955556551820003, -8.1137762656431 ] } },
{ "type": "Feature", "properties": { "value": "regulatory--maximum-speed-limit-30--g1", "speed": 30 }, "geometry": { "type": "Point", "coordinates": [ -34.957491739734003, -8.1114823052072 ] } },
{ "type": "Feature", "properties": { "value": "regulatory--maximum-speed-limit-30--g1", "speed": 30 }, "geometry": { "type": "Point", "coordinates": [ -34.957193468166999, -8.1116299843516 ] } },
{ "type": "Feature", "properties": { "value": "regulatory--maximum-speed-limit-30--g1", "speed": 30 }, "geometry": { "type": "Point", "coordinates": [ -34.958709762651999, -8.0825560972457 ] } },
{ "type": "Feature", "properties": { "value": "regulatory--maximum-speed-limit-30--g1", "speed": 30 }, "geometry": { "type": "Point", "coordinates": [ -34.906314922424997, -8.1361459350118 ] } },
{ "type": "Feature", "properties": { "value": "regulatory--maximum-speed-limit-30--g1", "speed": 30 }, "geometry": { "type": "Point", "coordinates": [ -34.907238756331999, -8.0005346679553 ] } },
{ "type": "Feature", "properties": { "value": "regulatory--maximum-speed-limit-30--g1", "speed": 30 }, "geometry": { "type": "Point", "coordinates": [ -34.942116136182001, -8.1340402274848 ] } },
{ "type": "Feature", "properties": { "value": "regulatory--maximum-speed-limit-30--g1", "speed": 30 }, "geometry": { "type": "Point", "coordinates": [ -34.911810824707999, -8.02395959807 ] } },
{ "type": "Feature", "properties": { "value": "regulatory--maximum-speed-limit-30--g1", "speed": 30 }, "geometry": { "type": "Point", "coordinates": [ -34.904538518434002, -8.140572882778701 ] } },
{ "type": "Feature", "properties": { "value": "regulatory--maximum-speed-limit-30--g1", "speed": 30 }, "geometry": { "type": "Point", "coordinates": [ -34.931727371869997, -8.091811223872799 ] } },
{ "type": "Feature", "properties": { "value": "regulatory--maximum-speed-limit-30--g1", "speed": 30 }, "geometry": { "type": "Point", "coordinates": [ -34.942757527331999, -8.0335962570269 ] } },
{ "type": "Feature", "properties": { "value": "regulatory--maximum-speed-limit-30--g1", "speed": 30 }, "geometry": { "type": "Point", "coordinates": [ -34.935197553503002, -7.9936191716621 ] } },
{ "type": "Feature", "properties": { "value": "regulatory--maximum-speed-limit-30--g1", "speed": 30 }, "geometry": { "type": "Point", "coordinates": [ -34.901200781840998, -8.065138982464299 ] } },
{ "type": "Feature", "properties": { "value": "regulatory--maximum-speed-limit-30--g1", "speed": 30 }, "geometry": { "type": "Point", "coordinates": [ -34.923398097309999, -8.0010317586789 ] } },
{ "type": "Feature", "properties": { "value": "regulatory--maximum-speed-limit-30--g1", "speed": 30 }, "geometry": { "type": "Point", "coordinates": [ -34.932556455087003, -8.0217085271904 ] } },
{ "type": "Feature", "properties": { "value": "regulatory--maximum-speed-limit-30--g1", "speed": 30 }, "geometry": { "type": "Point", "coordinates": [ -34.888486170745999, -8.0972699197146 ] } },
{ "type": "Feature", "properties": { "value": "regulatory--maximum-speed-limit-30--g1", "speed": 30 }, "geometry": { "type": "Point", "coordinates": [ -34.988188714777998, -8.035464791594899 ] } },
{ "type": "Feature", "properties": { "value": "regulatory--maximum-speed-limit-30--g1", "speed": 30 }, "geometry": { "type": "Point", "coordinates": [ -34.881808038956002, -8.047832091551999 ] } },
{ "type": "Feature", "properties": { "value": "regulatory--maximum-speed-limit-30--g1", "speed": 30 }, "geometry": { "type": "Point", "coordinates": [ -34.924591858437999, -8.0015309999064 ] } },
{ "type": "Feature", "properties": { "value": "regulatory--maximum-speed-limit-30--g1", "speed": 30 }, "geometry": { "type": "Point", "coordinates": [ -34.943842896428997, -8.033098827071401 ] } },
{ "type": "Feature", "properties": { "value": "regulatory--maximum-speed-limit-30--g1", "speed": 30 }, "geometry": { "type": "Point", "coordinates": [ -34.910525590265003, -8.108314289147399 ] } },
{ "type": "Feature", "properties": { "value": "regulatory--maximum-speed-limit-30--g1", "speed": 30 }, "geometry": { "type": "Point", "coordinates": [ -34.955745375489997, -8.035449553716299 ] } },
{ "type": "Feature", "properties": { "value": "regulatory--maximum-speed-limit-30--g1", "speed": 30 }, "geometry": { "type": "Point", "coordinates": [ -34.883327046261002, -8.0152728516774 ] } },
{ "type": "Feature", "properties": { "value": "regulatory--maximum-speed-limit-30--g1", "speed": 30 }, "geometry": { "type": "Point", "coordinates": [ -34.909109104408998, -8.1396003176748 ] } },
{ "type": "Feature", "properties": { "value": "regulatory--maximum-speed-limit-30--g1", "speed": 30 }, "geometry": { "type": "Point", "coordinates": [ -34.950211797671003, -8.111167332551799 ] } },
{ "type": "Feature", "properties": { "value": "regulatory--maximum-speed-limit-30--g1", "speed": 30 }, "geometry": { "type": "Point", "coordinates": [ -34.932082379317997, -7.9852020918781 ] } },
{ "type": "Feature", "properties": { "value": "regulatory--maximum-speed-limit-30--g1", "speed": 30 }, "geometry": { "type": "Point", "coordinates": [ -34.905519838865999, -8.1432557668666 ] } },
{ "type": "Feature", "properties": { "value": "regulatory--maximum-speed-limit-30--g1", "speed": 30 }, "geometry": { "type": "Point", "coordinates": [ -34.920463733330998, -8.004909283412299 ] } },
{ "type": "Feature", "properties": { "value": "regulatory--maximum-speed-limit-30--g1", "speed": 30 }, "geometry": { "type": "Point", "coordinates": [ -34.913022450718998, -8.015881978266099 ] } },
{ "type": "Feature", "properties": { "value": "regulatory--maximum-speed-limit-30--g1", "speed": 30 }, "geometry": { "type": "Point", "coordinates": [ -34.935757841494997, -8.122078481361299 ] } },
{ "type": "Feature", "properties": { "value": "regulatory--maximum-speed-limit-30--g1", "speed": 30 }, "geometry": { "type": "Point", "coordinates": [ -34.901277800785003, -8.015553232257201 ] } },
{ "type": "Feature", "properties": { "value": "regulatory--maximum-speed-limit-30--g1", "speed": 30 }, "geometry": { "type": "Point", "coordinates": [ -34.881589657037999, -8.014946624063599 ] } },
{ "type": "Feature", "properties": { "value": "regulatory--maximum-speed-limit-30--g1", "speed": 30 }, "geometry": { "type": "Point", "coordinates": [ -34.937717105663999, -8.057803895506099 ] } },
{ "type": "Feature", "properties": { "value": "regulatory--maximum-speed-limit-30--g1", "speed": 30 }, "geometry": { "type": "Point", "coordinates": [ -34.921383435838003, -8.1161362771645 ] } },
{ "type": "Feature", "properties": { "value": "regulatory--maximum-speed-limit-30--g1", "speed": 30 }, "geometry": { "type": "Point", "coordinates": [ -34.920262348554999, -8.026848242963201 ] } },
{ "type": "Feature", "properties": { "value": "regulatory--maximum-speed-limit-30--g1", "speed": 30 }, "geometry": { "type": "Point", "coordinates": [ -34.904166471632003, -8.0114836123995 ] } },
{ "type": "Feature", "properties": { "value": "regulatory--maximum-speed-limit-30--g1", "speed": 30 }, "geometry": { "type": "Point", "coordinates": [ -34.956479283530001, -8.056230519959 ] } },
{ "type": "Feature", "properties": { "value": "regulatory--maximum-speed-limit-30--g1", "speed": 30 }, "geometry": { "type": "Point", "coordinates": [ -34.902109499337001, -8.062568820173301 ] } },
{ "type": "Feature", "properties": { "value": "regulatory--maximum-speed-limit-30--g1", "speed": 30 }, "geometry": { "type": "Point", "coordinates": [ -34.902305569402003, -8.065255983880901 ] } },
{ "type": "Feature", "properties": { "value": "regulatory--maximum-speed-limit-30--g1", "speed": 30 }, "geometry": { "type": "Point", "coordinates": [ -34.901969223679998, -8.062170011210799 ] } },
{ "type": "Feature", "properties": { "value": "regulatory--maximum-speed-limit-30--g1", "speed": 30 }, "geometry": { "type": "Point", "coordinates": [ -34.941275603927998, -8.092945946761001 ] } },
{ "type": "Feature", "properties": { "value": "regulatory--maximum-speed-limit-30--g1", "speed": 30 }, "geometry": { "type": "Point", "coordinates": [ -34.952032115157998, -8.1166953701007 ] } },
{ "type": "Feature", "properties": { "value": "regulatory--maximum-speed-limit-30--g1", "speed": 30 }, "geometry": { "type": "Point", "coordinates": [ -34.895947595307, -8.0650243836965 ] } },
{ "type": "Feature", "properties": { "value": "regulatory--maximum-speed-limit-30--g1", "speed": 30 }, "geometry": { "type": "Point", "coordinates": [ -34.90660161361, -8.052245206284001 ] } },
{ "type": "Feature", "properties": { "value": "regulatory--maximum-speed-limit-30--g1", "speed": 30 }, "geometry": { "type": "Point", "coordinates": [ -34.955565499488003, -8.113906801776601 ] } },
{ "type": "Feature", "properties": { "value": "regulatory--maximum-speed-limit-30--g1", "speed": 30 }, "geometry": { "type": "Point", "coordinates": [ -34.954673086954998, -8.1190043346671 ] } },
{ "type": "Feature", "properties": { "value": "regulatory--maximum-speed-limit-30--g1", "speed": 30 }, "geometry": { "type": "Point", "coordinates": [ -34.881731890809, -8.051765200501301 ] } },
{ "type": "Feature", "properties": { "value": "regulatory--maximum-speed-limit-30--g1", "speed": 30 }, "geometry": { "type": "Point", "coordinates": [ -34.882634484108003, -8.052909064649601 ] } },
{ "type": "Feature", "properties": { "value": "regulatory--maximum-speed-limit-30--g1", "speed": 30 }, "geometry": { "type": "Point", "coordinates": [ -34.943763771356998, -8.0463262690829 ] } },
{ "type": "Feature", "properties": { "value": "regulatory--maximum-speed-limit-30--g1", "speed": 30 }, "geometry": { "type": "Point", "coordinates": [ -34.943150242934003, -8.0462382180687 ] } },
{ "type": "Feature", "properties": { "value": "regulatory--maximum-speed-limit-30--g1", "speed": 30 }, "geometry": { "type": "Point", "coordinates": [ -34.917153495671002, -8.034024322462701 ] } },
{ "type": "Feature", "properties": { "value": "regulatory--maximum-speed-limit-30--g1", "speed": 30 }, "geometry": { "type": "Point", "coordinates": [ -34.904408871263001, -8.140617251357201 ] } },
{ "type": "Feature", "properties": { "value": "regulatory--maximum-speed-limit-30--g1", "speed": 30 }, "geometry": { "type": "Point", "coordinates": [ -34.939459247654, -8.137004111306201 ] } },
{ "type": "Feature", "properties": { "value": "regulatory--maximum-speed-limit-30--g1", "speed": 30 }, "geometry": { "type": "Point", "coordinates": [ -34.937529144646, -8.136814021267099 ] } },
{ "type": "Feature", "properties": { "value": "regulatory--maximum-speed-limit-30--g1", "speed": 30 }, "geometry": { "type": "Point", "coordinates": [ -34.939128001618002, -7.9980198934978 ] } },
{ "type": "Feature", "properties": { "value": "regulatory--maximum-speed-limit-30--g1", "speed": 30 }, "geometry": { "type": "Point", "coordinates": [ -34.889475012426999, -8.0086708443311 ] } },
{ "type": "Feature", "properties": { "value": "regulatory--maximum-speed-limit-30--g1", "speed": 30 }, "geometry": { "type": "Point", "coordinates": [ -34.903259725664, -8.134656368239099 ] } },
{ "type": "Feature", "properties": { "value": "regulatory--maximum-speed-limit-30--g1", "speed": 30 }, "geometry": { "type": "Point", "coordinates": [ -34.894416865590003, -8.0316753828105 ] } },
{ "type": "Feature", "properties": { "value": "regulatory--maximum-speed-limit-30--g1", "speed": 30 }, "geometry": { "type": "Point", "coordinates": [ -34.959571403239003, -8.0500385330435 ] } },
{ "type": "Feature", "properties": { "value": "regulatory--maximum-speed-limit-30--g1", "speed": 30 }, "geometry": { "type": "Point", "coordinates": [ -34.919733021088, -8.105305598822 ] } },
{ "type": "Feature", "properties": { "value": "regulatory--maximum-speed-limit-30--g1", "speed": 30 }, "geometry": { "type": "Point", "coordinates": [ -34.883561887128003, -8.0679784092441 ] } },
{ "type": "Feature", "properties": { "value": "regulatory--maximum-speed-limit-30--g1", "speed": 30 }, "geometry": { "type": "Point", "coordinates": [ -34.929042549426001, -8.053410129889 ] } },
{ "type": "Feature", "properties": { "value": "regulatory--maximum-speed-limit-30--g1", "speed": 30 }, "geometry": { "type": "Point", "coordinates": [ -34.912561508886, -8.1201356740502 ] } },
{ "type": "Feature", "properties": { "value": "regulatory--maximum-speed-limit-30--g1", "speed": 30 }, "geometry": { "type": "Point", "coordinates": [ -34.904570639431, -8.1340506203183 ] } },
{ "type": "Feature", "properties": { "value": "regulatory--maximum-speed-limit-30--g1", "speed": 30 }, "geometry": { "type": "Point", "coordinates": [ -34.884722265884001, -8.088245777242999 ] } },
{ "type": "Feature", "properties": { "value": "regulatory--maximum-speed-limit-30--g1", "speed": 30 }, "geometry": { "type": "Point", "coordinates": [ -34.928829700865997, -8.140609645245 ] } },
{ "type": "Feature", "properties": { "value": "regulatory--maximum-speed-limit-30--g1", "speed": 30 }, "geometry": { "type": "Point", "coordinates": [ -34.945811217081001, -8.1206862506865 ] } },
{ "type": "Feature", "properties": { "value": "regulatory--maximum-speed-limit-30--g1", "speed": 30 }, "geometry": { "type": "Point", "coordinates": [ -34.944612004282, -8.0399393085135 ] } },
{ "type": "Feature", "properties": { "value": "regulatory--maximum-speed-limit-30--g1", "speed": 30 }, "geometry": { "type": "Point", "coordinates": [ -34.943978931651003, -8.038717098654899 ] } },
{ "type": "Feature", "properties": { "value": "regulatory--maximum-speed-limit-30--g1", "speed": 30 }, "geometry": { "type": "Point", "coordinates": [ -34.934546511844999, -7.9929532346827 ] } },
{ "type": "Feature", "properties": { "value": "regulatory--maximum-speed-limit-30--g1", "speed": 30 }, "geometry": { "type": "Point", "coordinates": [ -34.935074211484, -8.139778374290801 ] } },
{ "type": "Feature", "properties": { "value": "regulatory--maximum-speed-limit-30--g1", "speed": 30 }, "geometry": { "type": "Point", "coordinates": [ -34.949752046142997, -8.131056749579599 ] } },
{ "type": "Feature", "properties": { "value": "regulatory--maximum-speed-limit-30--g1", "speed": 30 }, "geometry": { "type": "Point", "coordinates": [ -34.913606010923999, -8.0902624853835 ] } },
{ "type": "Feature", "properties": { "value": "regulatory--maximum-speed-limit-30--g1", "speed": 30 }, "geometry": { "type": "Point", "coordinates": [ -34.904888688306997, -8.0131687580645 ] } },
{ "type": "Feature", "properties": { "value": "regulatory--maximum-speed-limit-30--g1", "speed": 30 }, "geometry": { "type": "Point", "coordinates": [ -34.904953279312998, -8.012785452794599 ] } },
{ "type": "Feature", "properties": { "value": "regulatory--maximum-speed-limit-30--g1", "speed": 30 }, "geometry": { "type": "Point", "coordinates": [ -34.921569483528998, -8.0204753244786 ] } },
{ "type": "Feature", "properties": { "value": "regulatory--maximum-speed-limit-30--g1", "speed": 30 }, "geometry": { "type": "Point", "coordinates": [ -34.911772062518999, -8.0182244851239 ] } },
{ "type": "Feature", "properties": { "value": "regulatory--maximum-speed-limit-30--g1", "speed": 30 }, "geometry": { "type": "Point", "coordinates": [ -34.888042729436997, -8.010492708103 ] } },
{ "type": "Feature", "properties": { "value": "regulatory--maximum-speed-limit-30--g1", "speed": 30 }, "geometry": { "type": "Point", "coordinates": [ -34.901255444565997, -8.0652216721965 ] } },
{ "type": "Feature", "properties": { "value": "regulatory--maximum-speed-limit-30--g1", "speed": 30 }, "geometry": { "type": "Point", "coordinates": [ -34.900521482449001, -8.035001972268301 ] } },
{ "type": "Feature", "properties": { "value": "regulatory--maximum-speed-limit-30--g1", "speed": 30 }, "geometry": { "type": "Point", "coordinates": [ -34.900070605918003, -8.035093163886099 ] } },
{ "type": "Feature", "properties": { "value": "regulatory--maximum-speed-limit-30--g1", "speed": 30 }, "geometry": { "type": "Point", "coordinates": [ -34.933519949712, -8.093645241226699 ] } },
{ "type": "Feature", "properties": { "value": "regulatory--maximum-speed-limit-30--g1", "speed": 30 }, "geometry": { "type": "Point", "coordinates": [ -34.874479311260998, -8.0641112573417 ] } },
{ "type": "Feature", "properties": { "value": "regulatory--maximum-speed-limit-30--g1", "speed": 30 }, "geometry": { "type": "Point", "coordinates": [ -34.912159114112001, -8.0671611379186 ] } },
{ "type": "Feature", "properties": { "value": "regulatory--maximum-speed-limit-30--g1", "speed": 30 }, "geometry": { "type": "Point", "coordinates": [ -34.919763944746997, -8.1148187008225 ] } },
{ "type": "Feature", "properties": { "value": "regulatory--maximum-speed-limit-30--g1", "speed": 30 }, "geometry": { "type": "Point", "coordinates": [ -34.939156529192999, -7.9969833350143 ] } },
{ "type": "Feature", "properties": { "value": "regulatory--maximum-speed-limit-30--g1", "speed": 30 }, "geometry": { "type": "Point", "coordinates": [ -34.941215321473997, -8.0435705157804 ] } },
{ "type": "Feature", "properties": { "value": "regulatory--maximum-speed-limit-30--g1", "speed": 30 }, "geometry": { "type": "Point", "coordinates": [ -34.896398081816997, -8.015887750549201 ] } },
{ "type": "Feature", "properties": { "value": "regulatory--maximum-speed-limit-30--g1", "speed": 30 }, "geometry": { "type": "Point", "coordinates": [ -34.924115694999003, -8.093300725423299 ] } },
{ "type": "Feature", "properties": { "value": "regulatory--maximum-speed-limit-30--g1", "speed": 30 }, "geometry": { "type": "Point", "coordinates": [ -34.923685460662, -8.0935160058958 ] } },
{ "type": "Feature", "properties": { "value": "regulatory--maximum-speed-limit-30--g1", "speed": 30 }, "geometry": { "type": "Point", "coordinates": [ -34.925546105209001, -8.0139390685296 ] } },
{ "type": "Feature", "properties": { "value": "regulatory--maximum-speed-limit-30--g1", "speed": 30 }, "geometry": { "type": "Point", "coordinates": [ -34.954758240065999, -8.1366376744866 ] } },
{ "type": "Feature", "properties": { "value": "regulatory--maximum-speed-limit-30--g1", "speed": 30 }, "geometry": { "type": "Point", "coordinates": [ -34.953141944914996, -8.136096831776999 ] } },
{ "type": "Feature", "properties": { "value": "regulatory--maximum-speed-limit-30--g1", "speed": 30 }, "geometry": { "type": "Point", "coordinates": [ -34.934209538585002, -7.9907069816977 ] } },
{ "type": "Feature", "properties": { "value": "regulatory--maximum-speed-limit-30--g1", "speed": 30 }, "geometry": { "type": "Point", "coordinates": [ -34.891339954755999, -8.0685178348919 ] } },
{ "type": "Feature", "properties": { "value": "regulatory--maximum-speed-limit-30--g1", "speed": 30 }, "geometry": { "type": "Point", "coordinates": [ -34.940241845462999, -8.1188698244645 ] } },
{ "type": "Feature", "properties": { "value": "regulatory--maximum-speed-limit-30--g1", "speed": 30 }, "geometry": { "type": "Point", "coordinates": [ -34.879190130684997, -8.038596783869 ] } },
{ "type": "Feature", "properties": { "value": "regulatory--maximum-speed-limit-30--g1", "speed": 30 }, "geometry": { "type": "Point", "coordinates": [ -34.879517315485003, -8.0378231973207 ] } },
{ "type": "Feature", "properties": { "value": "regulatory--maximum-speed-limit-30--g1", "speed": 30 }, "geometry": { "type": "Point", "coordinates": [ -34.895737993051, -8.0311866629877 ] } },
{ "type": "Feature", "properties": { "value": "regulatory--maximum-speed-limit-30--g1", "speed": 30 }, "geometry": { "type": "Point", "coordinates": [ -34.936684865720999, -8.1350267313241 ] } },
{ "type": "Feature", "properties": { "value": "regulatory--maximum-speed-limit-30--g1", "speed": 30 }, "geometry": { "type": "Point", "coordinates": [ -34.943373214307996, -8.035923560253099 ] } },
{ "type": "Feature", "properties": { "value": "regulatory--maximum-speed-limit-30--g1", "speed": 30 }, "geometry": { "type": "Point", "coordinates": [ -34.910448449390003, -8.089557498458401 ] } },
{ "type": "Feature", "properties": { "value": "regulatory--maximum-speed-limit-30--g1", "speed": 30 }, "geometry": { "type": "Point", "coordinates": [ -34.894394344631998, -8.020961490308199 ] } },
{ "type": "Feature", "properties": { "value": "regulatory--maximum-speed-limit-30--g1", "speed": 30 }, "geometry": { "type": "Point", "coordinates": [ -34.894410784320002, -8.020335859305 ] } },
{ "type": "Feature", "properties": { "value": "regulatory--maximum-speed-limit-30--g1", "speed": 30 }, "geometry": { "type": "Point", "coordinates": [ -34.894515347041001, -8.020310305441001 ] } },
{ "type": "Feature", "properties": { "value": "regulatory--maximum-speed-limit-30--g1", "speed": 30 }, "geometry": { "type": "Point", "coordinates": [ -34.902497576938998, -8.0015451139035 ] } },
{ "type": "Feature", "properties": { "value": "regulatory--maximum-speed-limit-30--g1", "speed": 30 }, "geometry": { "type": "Point", "coordinates": [ -34.925783376685999, -8.0151305797341 ] } },
{ "type": "Feature", "properties": { "value": "regulatory--maximum-speed-limit-30--g1", "speed": 30 }, "geometry": { "type": "Point", "coordinates": [ -34.917375114033, -8.021196630378199 ] } },
{ "type": "Feature", "properties": { "value": "regulatory--maximum-speed-limit-30--g1", "speed": 30 }, "geometry": { "type": "Point", "coordinates": [ -34.954878501275999, -8.1180075429789 ] } },
{ "type": "Feature", "properties": { "value": "regulatory--maximum-speed-limit-30--g1", "speed": 30 }, "geometry": { "type": "Point", "coordinates": [ -34.949865448006001, -8.112876730085301 ] } },
{ "type": "Feature", "properties": { "value": "regulatory--maximum-speed-limit-30--g1", "speed": 30 }, "geometry": { "type": "Point", "coordinates": [ -34.958833360692999, -8.0432911420375 ] } },
{ "type": "Feature", "properties": { "value": "regulatory--maximum-speed-limit-30--g1", "speed": 30 }, "geometry": { "type": "Point", "coordinates": [ -34.896289687871999, -8.063257188324499 ] } },
{ "type": "Feature", "properties": { "value": "regulatory--maximum-speed-limit-30--g1", "speed": 30 }, "geometry": { "type": "Point", "coordinates": [ -34.938488141632, -8.1273507476881 ] } },
{ "type": "Feature", "properties": { "value": "regulatory--maximum-speed-limit-30--g1", "speed": 30 }, "geometry": { "type": "Point", "coordinates": [ -34.897647109269997, -8.064927812811201 ] } },
{ "type": "Feature", "properties": { "value": "regulatory--maximum-speed-limit-30--g1", "speed": 30 }, "geometry": { "type": "Point", "coordinates": [ -34.913924638171999, -8.037894561465601 ] } },
{ "type": "Feature", "properties": { "value": "regulatory--maximum-speed-limit-30--g1", "speed": 30 }, "geometry": { "type": "Point", "coordinates": [ -34.913516152352003, -8.0389824684885 ] } },
{ "type": "Feature", "properties": { "value": "regulatory--maximum-speed-limit-30--g1", "speed": 30 }, "geometry": { "type": "Point", "coordinates": [ -34.913812338123002, -8.0379801507199 ] } },
{ "type": "Feature", "properties": { "value": "regulatory--maximum-speed-limit-30--g1", "speed": 30 }, "geometry": { "type": "Point", "coordinates": [ -34.908520009848999, -8.1232540342034 ] } },
{ "type": "Feature", "properties": { "value": "regulatory--maximum-speed-limit-30--g1", "speed": 30 }, "geometry": { "type": "Point", "coordinates": [ -34.910097914767, -8.060379702948 ] } },
{ "type": "Feature", "properties": { "value": "regulatory--maximum-speed-limit-30--g1", "speed": 30 }, "geometry": { "type": "Point", "coordinates": [ -34.893421841406997, -8.0185895007917 ] } },
{ "type": "Feature", "properties": { "value": "regulatory--maximum-speed-limit-30--g1", "speed": 30 }, "geometry": { "type": "Point", "coordinates": [ -34.939168127907998, -8.1154658624187 ] } },
{ "type": "Feature", "properties": { "value": "regulatory--maximum-speed-limit-30--g1", "speed": 30 }, "geometry": { "type": "Point", "coordinates": [ -34.889547110212, -8.066143803266399 ] } },
{ "type": "Feature", "properties": { "value": "regulatory--maximum-speed-limit-30--g1", "speed": 30 }, "geometry": { "type": "Point", "coordinates": [ -34.952120992910999, -8.1110563869318 ] } },
{ "type": "Feature", "properties": { "value": "regulatory--maximum-speed-limit-30--g1", "speed": 30 }, "geometry": { "type": "Point", "coordinates": [ -34.957713934780998, -8.087931300469201 ] } },
{ "type": "Feature", "properties": { "value": "regulatory--maximum-speed-limit-30--g1", "speed": 30 }, "geometry": { "type": "Point", "coordinates": [ -34.962077023252, -8.0874886007916 ] } },
{ "type": "Feature", "properties": { "value": "regulatory--maximum-speed-limit-30--g1", "speed": 30 }, "geometry": { "type": "Point", "coordinates": [ -34.916818269818002, -8.066056257384901 ] } },
{ "type": "Feature", "properties": { "value": "regulatory--maximum-speed-limit-30--g1", "speed": 30 }, "geometry": { "type": "Point", "coordinates": [ -34.887010070415002, -8.104261336036 ] } },
{ "type": "Feature", "properties": { "value": "regulatory--maximum-speed-limit-30--g1", "speed": 30 }, "geometry": { "type": "Point", "coordinates": [ -34.935936364612999, -8.1236917939777 ] } },
{ "type": "Feature", "properties": { "value": "regulatory--maximum-speed-limit-30--g1", "speed": 30 }, "geometry": { "type": "Point", "coordinates": [ -34.882235649963, -8.045342710546199 ] } },
{ "type": "Feature", "properties": { "value": "regulatory--maximum-speed-limit-30--g1", "speed": 30 }, "geometry": { "type": "Point", "coordinates": [ -34.913754827517003, -8.038391138978801 ] } },
{ "type": "Feature", "properties": { "value": "regulatory--maximum-speed-limit-30--g1", "speed": 30 }, "geometry": { "type": "Point", "coordinates": [ -34.949878167224, -8.134320318889699 ] } },
{ "type": "Feature", "properties": { "value": "regulatory--maximum-speed-limit-30--g1", "speed": 30 }, "geometry": { "type": "Point", "coordinates": [ -34.897626391903998, -8.009596838597 ] } },
{ "type": "Feature", "properties": { "value": "regulatory--maximum-speed-limit-30--g1", "speed": 30 }, "geometry": { "type": "Point", "coordinates": [ -34.895690193467999, -8.0077590272187 ] } },
{ "type": "Feature", "properties": { "value": "regulatory--maximum-speed-limit-30--g1", "speed": 30 }, "geometry": { "type": "Point", "coordinates": [ -34.950282610414, -8.1217337637376 ] } },
{ "type": "Feature", "properties": { "value": "regulatory--maximum-speed-limit-30--g1", "speed": 30 }, "geometry": { "type": "Point", "coordinates": [ -34.950191681977998, -8.120943458448799 ] } },
{ "type": "Feature", "properties": { "value": "regulatory--maximum-speed-limit-30--g1", "speed": 30 }, "geometry": { "type": "Point", "coordinates": [ -34.933655615389, -7.9870367739109 ] } },
{ "type": "Feature", "properties": { "value": "regulatory--maximum-speed-limit-30--g1", "speed": 30 }, "geometry": { "type": "Point", "coordinates": [ -34.953553093685997, -8.135322044959899 ] } },
{ "type": "Feature", "properties": { "value": "regulatory--maximum-speed-limit-30--g1", "speed": 30 }, "geometry": { "type": "Point", "coordinates": [ -34.946371479600003, -8.088468752694 ] } },
{ "type": "Feature", "properties": { "value": "regulatory--maximum-speed-limit-30--g1", "speed": 30 }, "geometry": { "type": "Point", "coordinates": [ -34.8800965195, -8.088686135988601 ] } },
{ "type": "Feature", "properties": { "value": "regulatory--maximum-speed-limit-30--g1", "speed": 30 }, "geometry": { "type": "Point", "coordinates": [ -34.955433341860001, -8.1149086591958 ] } },
{ "type": "Feature", "properties": { "value": "regulatory--maximum-speed-limit-30--g1", "speed": 30 }, "geometry": { "type": "Point", "coordinates": [ -34.893941859889999, -8.0227645506953 ] } },
{ "type": "Feature", "properties": { "value": "regulatory--maximum-speed-limit-30--g1", "speed": 30 }, "geometry": { "type": "Point", "coordinates": [ -34.925114940790003, -8.0131417121088 ] } },
{ "type": "Feature", "properties": { "value": "regulatory--maximum-speed-limit-30--g1", "speed": 30 }, "geometry": { "type": "Point", "coordinates": [ -34.957764971021, -8.0877573532866 ] } },
{ "type": "Feature", "properties": { "value": "regulatory--maximum-speed-limit-30--g1", "speed": 30 }, "geometry": { "type": "Point", "coordinates": [ -34.884837478607999, -8.0431816628391 ] } },
{ "type": "Feature", "properties": { "value": "regulatory--maximum-speed-limit-30--g1", "speed": 30 }, "geometry": { "type": "Point", "coordinates": [ -34.895295777462003, -8.031200912305501 ] } },
{ "type": "Feature", "properties": { "value": "regulatory--maximum-speed-limit-30--g1", "speed": 30 }, "geometry": { "type": "Point", "coordinates": [ -34.907270481258003, -8.0082647902874 ] } },
{ "type": "Feature", "properties": { "value": "regulatory--maximum-speed-limit-30--g1", "speed": 30 }, "geometry": { "type": "Point", "coordinates": [ -34.907575658860999, -8.0081969961971 ] } },
{ "type": "Feature", "properties": { "value": "regulatory--maximum-speed-limit-30--g1", "speed": 30 }, "geometry": { "type": "Point", "coordinates": [ -34.908147033573997, -8.0081497696192 ] } },
{ "type": "Feature", "properties": { "value": "regulatory--maximum-speed-limit-30--g1", "speed": 30 }, "geometry": { "type": "Point", "coordinates": [ -34.897907080254001, -8.0546891499888 ] } },
{ "type": "Feature", "properties": { "value": "regulatory--maximum-speed-limit-30--g1", "speed": 30 }, "geometry": { "type": "Point", "coordinates": [ -34.945905187851999, -8.1201563848209 ] } },
{ "type": "Feature", "properties": { "value": "regulatory--maximum-speed-limit-30--g1", "speed": 30 }, "geometry": { "type": "Point", "coordinates": [ -34.908149900382, -8.0221412923297 ] } },
{ "type": "Feature", "properties": { "value": "regulatory--maximum-speed-limit-30--g1", "speed": 30 }, "geometry": { "type": "Point", "coordinates": [ -34.937910659518998, -8.1188806089419 ] } },
{ "type": "Feature", "properties": { "value": "regulatory--maximum-speed-limit-30--g1", "speed": 30 }, "geometry": { "type": "Point", "coordinates": [ -34.937738023934003, -8.1207272340432 ] } },
{ "type": "Feature", "properties": { "value": "regulatory--maximum-speed-limit-30--g1", "speed": 30 }, "geometry": { "type": "Point", "coordinates": [ -34.924574858332001, -8.107736996221901 ] } },
{ "type": "Feature", "properties": { "value": "regulatory--maximum-speed-limit-30--g1", "speed": 30 }, "geometry": { "type": "Point", "coordinates": [ -34.942608468361001, -8.058132115004801 ] } },
{ "type": "Feature", "properties": { "value": "regulatory--maximum-speed-limit-30--g1", "speed": 30 }, "geometry": { "type": "Point", "coordinates": [ -34.938896692981999, -8.052996845614 ] } },
{ "type": "Feature", "properties": { "value": "regulatory--maximum-speed-limit-30--g1", "speed": 30 }, "geometry": { "type": "Point", "coordinates": [ -34.914388138343, -8.010868543736199 ] } },
{ "type": "Feature", "properties": { "value": "regulatory--maximum-speed-limit-30--g1", "speed": 30 }, "geometry": { "type": "Point", "coordinates": [ -34.891182067608, -8.089097696942201 ] } },
{ "type": "Feature", "properties": { "value": "regulatory--maximum-speed-limit-30--g1", "speed": 30 }, "geometry": { "type": "Point", "coordinates": [ -34.871937702379, -8.063380280492799 ] } },
{ "type": "Feature", "properties": { "value": "regulatory--maximum-speed-limit-30--g1", "speed": 30 }, "geometry": { "type": "Point", "coordinates": [ -34.924836750701999, -8.0238868157806 ] } },
{ "type": "Feature", "properties": { "value": "regulatory--maximum-speed-limit-30--g1", "speed": 30 }, "geometry": { "type": "Point", "coordinates": [ -34.927471799740999, -8.025048113299601 ] } },
{ "type": "Feature", "properties": { "value": "regulatory--maximum-speed-limit-30--g1", "speed": 30 }, "geometry": { "type": "Point", "coordinates": [ -34.926249600607001, -8.0247069611505 ] } },
{ "type": "Feature", "properties": { "value": "regulatory--maximum-speed-limit-30--g1", "speed": 30 }, "geometry": { "type": "Point", "coordinates": [ -34.932733816597, -8.0513994979811 ] } },
{ "type": "Feature", "properties": { "value": "regulatory--maximum-speed-limit-30--g1", "speed": 30 }, "geometry": { "type": "Point", "coordinates": [ -34.929860059954997, -8.0529206667869 ] } },
{ "type": "Feature", "properties": { "value": "regulatory--maximum-speed-limit-30--g1", "speed": 30 }, "geometry": { "type": "Point", "coordinates": [ -34.889513873898998, -8.052038611171101 ] } },
{ "type": "Feature", "properties": { "value": "regulatory--maximum-speed-limit-30--g1", "speed": 30 }, "geometry": { "type": "Point", "coordinates": [ -34.892133732104, -8.0709530379425 ] } },
{ "type": "Feature", "properties": { "value": "regulatory--maximum-speed-limit-30--g1", "speed": 30 }, "geometry": { "type": "Point", "coordinates": [ -34.908337100136002, -8.058146382551 ] } },
{ "type": "Feature", "properties": { "value": "regulatory--maximum-speed-limit-30--g1", "speed": 30 }, "geometry": { "type": "Point", "coordinates": [ -34.874573534928999, -8.0635862446607 ] } },
{ "type": "Feature", "properties": { "value": "regulatory--maximum-speed-limit-30--g1", "speed": 30 }, "geometry": { "type": "Point", "coordinates": [ -34.934370921820999, -8.0954732679113 ] } },
{ "type": "Feature", "properties": { "value": "regulatory--maximum-speed-limit-30--g1", "speed": 30 }, "geometry": { "type": "Point", "coordinates": [ -34.914235121322001, -8.065929842523101 ] } },
{ "type": "Feature", "properties": { "value": "regulatory--maximum-speed-limit-30--g1", "speed": 30 }, "geometry": { "type": "Point", "coordinates": [ -34.933140861932998, -8.1115775843201 ] } },
{ "type": "Feature", "properties": { "value": "regulatory--maximum-speed-limit-30--g1", "speed": 30 }, "geometry": { "type": "Point", "coordinates": [ -34.934380941698997, -8.096562590048 ] } },
{ "type": "Feature", "properties": { "value": "regulatory--maximum-speed-limit-30--g1", "speed": 30 }, "geometry": { "type": "Point", "coordinates": [ -34.906419695695, -8.035536676125799 ] } },
{ "type": "Feature", "properties": { "value": "regulatory--maximum-speed-limit-30--g1", "speed": 30 }, "geometry": { "type": "Point", "coordinates": [ -34.903467452801003, -8.0140073010968 ] } },
{ "type": "Feature", "properties": { "value": "regulatory--maximum-speed-limit-30--g1", "speed": 30 }, "geometry": { "type": "Point", "coordinates": [ -34.869430974914998, -8.0537913822221 ] } },
{ "type": "Feature", "properties": { "value": "regulatory--maximum-speed-limit-30--g1", "speed": 30 }, "geometry": { "type": "Point", "coordinates": [ -34.960967279781997, -8.087638873054701 ] } },
{ "type": "Feature", "properties": { "value": "regulatory--maximum-speed-limit-30--g1", "speed": 30 }, "geometry": { "type": "Point", "coordinates": [ -34.956523411159999, -8.0564931117302 ] } },
{ "type": "Feature", "properties": { "value": "regulatory--maximum-speed-limit-30--g1", "speed": 30 }, "geometry": { "type": "Point", "coordinates": [ -34.917530581282001, -8.048062016710301 ] } },
{ "type": "Feature", "properties": { "value": "regulatory--maximum-speed-limit-30--g1", "speed": 30 }, "geometry": { "type": "Point", "coordinates": [ -34.895884563122998, -8.0646166803146 ] } },
{ "type": "Feature", "properties": { "value": "regulatory--maximum-speed-limit-30--g1", "speed": 30 }, "geometry": { "type": "Point", "coordinates": [ -34.889972324189998, -8.0658016998742 ] } },
{ "type": "Feature", "properties": { "value": "regulatory--maximum-speed-limit-30--g1", "speed": 30 }, "geometry": { "type": "Point", "coordinates": [ -34.926646480256998, -8.0492839367325 ] } },
{ "type": "Feature", "properties": { "value": "regulatory--maximum-speed-limit-30--g1", "speed": 30 }, "geometry": { "type": "Point", "coordinates": [ -34.905628855674003, -8.1126835292566 ] } },
{ "type": "Feature", "properties": { "value": "regulatory--maximum-speed-limit-30--g1", "speed": 30 }, "geometry": { "type": "Point", "coordinates": [ -34.887102238228998, -8.1043260185729 ] } },
{ "type": "Feature", "properties": { "value": "regulatory--maximum-speed-limit-30--g1", "speed": 30 }, "geometry": { "type": "Point", "coordinates": [ -34.902737430747003, -8.0284493289021 ] } },
{ "type": "Feature", "properties": { "value": "regulatory--maximum-speed-limit-30--g1", "speed": 30 }, "geometry": { "type": "Point", "coordinates": [ -34.936323453938002, -8.1347849298634 ] } },
{ "type": "Feature", "properties": { "value": "regulatory--maximum-speed-limit-30--g1", "speed": 30 }, "geometry": { "type": "Point", "coordinates": [ -34.929366632666998, -8.0727819870472 ] } },
{ "type": "Feature", "properties": { "value": "regulatory--maximum-speed-limit-30--g1", "speed": 30 }, "geometry": { "type": "Point", "coordinates": [ -34.945831411862002, -8.120905047942101 ] } },
{ "type": "Feature", "properties": { "value": "regulatory--maximum-speed-limit-30--g1", "speed": 30 }, "geometry": { "type": "Point", "coordinates": [ -34.906959868648997, -8.0220754162268 ] } },
{ "type": "Feature", "properties": { "value": "regulatory--maximum-speed-limit-30--g1", "speed": 30 }, "geometry": { "type": "Point", "coordinates": [ -34.926455290489002, -8.0260546767037 ] } },
{ "type": "Feature", "properties": { "value": "regulatory--maximum-speed-limit-30--g1", "speed": 30 }, "geometry": { "type": "Point", "coordinates": [ -34.961799123425997, -8.1096779541302 ] } },
{ "type": "Feature", "properties": { "value": "regulatory--maximum-speed-limit-30--g1", "speed": 30 }, "geometry": { "type": "Point", "coordinates": [ -34.908874590031999, -8.0519966674503 ] } },
{ "type": "Feature", "properties": { "value": "regulatory--maximum-speed-limit-30--g1", "speed": 30 }, "geometry": { "type": "Point", "coordinates": [ -34.899640593135999, -8.0041860759542 ] } },
{ "type": "Feature", "properties": { "value": "regulatory--maximum-speed-limit-30--g1", "speed": 30 }, "geometry": { "type": "Point", "coordinates": [ -34.918470426024001, -8.1135919162744 ] } },
{ "type": "Feature", "properties": { "value": "regulatory--maximum-speed-limit-30--g1", "speed": 30 }, "geometry": { "type": "Point", "coordinates": [ -34.918122359725999, -8.1133169025142 ] } },
{ "type": "Feature", "properties": { "value": "regulatory--maximum-speed-limit-30--g1", "speed": 30 }, "geometry": { "type": "Point", "coordinates": [ -34.951198768768002, -8.115225971277599 ] } },
{ "type": "Feature", "properties": { "value": "regulatory--maximum-speed-limit-30--g1", "speed": 30 }, "geometry": { "type": "Point", "coordinates": [ -34.953644006597003, -8.114423367115201 ] } },
{ "type": "Feature", "properties": { "value": "regulatory--maximum-speed-limit-30--g1", "speed": 30 }, "geometry": { "type": "Point", "coordinates": [ -34.903689111745997, -8.0362723483371 ] } },
{ "type": "Feature", "properties": { "value": "regulatory--maximum-speed-limit-30--g1", "speed": 30 }, "geometry": { "type": "Point", "coordinates": [ -34.917818320522002, -8.024862204721501 ] } },
{ "type": "Feature", "properties": { "value": "regulatory--maximum-speed-limit-30--g1", "speed": 30 }, "geometry": { "type": "Point", "coordinates": [ -34.903567566192997, -8.1343807700983 ] } },
{ "type": "Feature", "properties": { "value": "regulatory--maximum-speed-limit-30--g1", "speed": 30 }, "geometry": { "type": "Point", "coordinates": [ -34.935022498377002, -7.9922308799365 ] } },
{ "type": "Feature", "properties": { "value": "regulatory--maximum-speed-limit-30--g1", "speed": 30 }, "geometry": { "type": "Point", "coordinates": [ -34.954292687542001, -8.120047640674001 ] } },
{ "type": "Feature", "properties": { "value": "regulatory--maximum-speed-limit-30--g1", "speed": 30 }, "geometry": { "type": "Point", "coordinates": [ -34.929704574146001, -7.9905996328428 ] } },
{ "type": "Feature", "properties": { "value": "regulatory--maximum-speed-limit-30--g1", "speed": 30 }, "geometry": { "type": "Point", "coordinates": [ -34.900806780422002, -8.055240305811299 ] } },
{ "type": "Feature", "properties": { "value": "regulatory--maximum-speed-limit-30--g1", "speed": 30 }, "geometry": { "type": "Point", "coordinates": [ -34.920725820809999, -8.016552381739199 ] } },
{ "type": "Feature", "properties": { "value": "regulatory--maximum-speed-limit-30--g1", "speed": 30 }, "geometry": { "type": "Point", "coordinates": [ -34.920053909941998, -8.015544502205501 ] } },
{ "type": "Feature", "properties": { "value": "regulatory--maximum-speed-limit-30--g1", "speed": 30 }, "geometry": { "type": "Point", "coordinates": [ -34.949940453887997, -8.128426766889699 ] } },
{ "type": "Feature", "properties": { "value": "regulatory--maximum-speed-limit-30--g1", "speed": 30 }, "geometry": { "type": "Point", "coordinates": [ -34.892393315199001, -8.019556799888001 ] } },
{ "type": "Feature", "properties": { "value": "regulatory--maximum-speed-limit-30--g1", "speed": 30 }, "geometry": { "type": "Point", "coordinates": [ -34.892706605878999, -8.0190226469 ] } },
{ "type": "Feature", "properties": { "value": "regulatory--maximum-speed-limit-30--g1", "speed": 30 }, "geometry": { "type": "Point", "coordinates": [ -34.916654529223003, -8.045609594036501 ] } },
{ "type": "Feature", "properties": { "value": "regulatory--maximum-speed-limit-30--g1", "speed": 30 }, "geometry": { "type": "Point", "coordinates": [ -34.931295105027999, -8.0482694911972 ] } },
{ "type": "Feature", "properties": { "value": "regulatory--maximum-speed-limit-30--g1", "speed": 30 }, "geometry": { "type": "Point", "coordinates": [ -34.871939293681002, -8.064238860598399 ] } },
{ "type": "Feature", "properties": { "value": "regulatory--maximum-speed-limit-30--g1", "speed": 30 }, "geometry": { "type": "Point", "coordinates": [ -34.931311680552, -8.0582794400074 ] } },
{ "type": "Feature", "properties": { "value": "regulatory--maximum-speed-limit-30--g1", "speed": 30 }, "geometry": { "type": "Point", "coordinates": [ -34.899894495391997, -8.005251880441101 ] } },
{ "type": "Feature", "properties": { "value": "regulatory--maximum-speed-limit-30--g1", "speed": 30 }, "geometry": { "type": "Point", "coordinates": [ -34.905584430033002, -8.1445031964873 ] } },
{ "type": "Feature", "properties": { "value": "regulatory--maximum-speed-limit-30--g1", "speed": 30 }, "geometry": { "type": "Point", "coordinates": [ -34.949538719507999, -8.0840825037647 ] } },
{ "type": "Feature", "properties": { "value": "regulatory--maximum-speed-limit-30--g1", "speed": 30 }, "geometry": { "type": "Point", "coordinates": [ -34.925190874906001, -8.0927240510646 ] } },
{ "type": "Feature", "properties": { "value": "regulatory--maximum-speed-limit-30--g1", "speed": 30 }, "geometry": { "type": "Point", "coordinates": [ -34.883574269561002, -8.0549428801336 ] } },
{ "type": "Feature", "properties": { "value": "regulatory--maximum-speed-limit-30--g1", "speed": 30 }, "geometry": { "type": "Point", "coordinates": [ -34.948596874665, -8.108035810987699 ] } },
{ "type": "Feature", "properties": { "value": "regulatory--maximum-speed-limit-30--g1", "speed": 30 }, "geometry": { "type": "Point", "coordinates": [ -34.948563855979003, -8.1079290893334 ] } },
{ "type": "Feature", "properties": { "value": "regulatory--maximum-speed-limit-30--g1", "speed": 30 }, "geometry": { "type": "Point", "coordinates": [ -34.964297507146, -8.087062882681501 ] } },
{ "type": "Feature", "properties": { "value": "regulatory--maximum-speed-limit-30--g1", "speed": 30 }, "geometry": { "type": "Point", "coordinates": [ -34.929959018985002, -8.096405562385501 ] } },
{ "type": "Feature", "properties": { "value": "regulatory--maximum-speed-limit-30--g1", "speed": 30 }, "geometry": { "type": "Point", "coordinates": [ -34.906747315943001, -8.1326416605575 ] } },
{ "type": "Feature", "properties": { "value": "regulatory--maximum-speed-limit-30--g1", "speed": 30 }, "geometry": { "type": "Point", "coordinates": [ -34.980809601684001, -8.037792411203 ] } },
{ "type": "Feature", "properties": { "value": "regulatory--maximum-speed-limit-30--g1", "speed": 30 }, "geometry": { "type": "Point", "coordinates": [ -34.921340157849002, -8.001459936627899 ] } },
{ "type": "Feature", "properties": { "value": "regulatory--maximum-speed-limit-30--g1", "speed": 30 }, "geometry": { "type": "Point", "coordinates": [ -34.883482868766002, -8.0844014487402 ] } },
{ "type": "Feature", "properties": { "value": "regulatory--maximum-speed-limit-30--g1", "speed": 30 }, "geometry": { "type": "Point", "coordinates": [ -34.929434052025002, -8.095754646766601 ] } },
{ "type": "Feature", "properties": { "value": "regulatory--maximum-speed-limit-30--g1", "speed": 30 }, "geometry": { "type": "Point", "coordinates": [ -34.933573348589, -8.0993152527557 ] } },
{ "type": "Feature", "properties": { "value": "regulatory--maximum-speed-limit-30--g1", "speed": 30 }, "geometry": { "type": "Point", "coordinates": [ -34.918958671543002, -8.002586002889499 ] } },
{ "type": "Feature", "properties": { "value": "regulatory--maximum-speed-limit-30--g1", "speed": 30 }, "geometry": { "type": "Point", "coordinates": [ -34.892608546426999, -8.0200862119344 ] } },
{ "type": "Feature", "properties": { "value": "regulatory--maximum-speed-limit-30--g1", "speed": 30 }, "geometry": { "type": "Point", "coordinates": [ -34.892688393901999, -8.020049746567199 ] } },
{ "type": "Feature", "properties": { "value": "regulatory--maximum-speed-limit-30--g1", "speed": 30 }, "geometry": { "type": "Point", "coordinates": [ -34.921241197633002, -8.0173667600983 ] } },
{ "type": "Feature", "properties": { "value": "regulatory--maximum-speed-limit-30--g1", "speed": 30 }, "geometry": { "type": "Point", "coordinates": [ -34.892965893416999, -8.021238268046799 ] } },
{ "type": "Feature", "properties": { "value": "regulatory--maximum-speed-limit-30--g1", "speed": 30 }, "geometry": { "type": "Point", "coordinates": [ -34.888287403494999, -8.034014315393801 ] } },
{ "type": "Feature", "properties": { "value": "regulatory--maximum-speed-limit-30--g1", "speed": 30 }, "geometry": { "type": "Point", "coordinates": [ -34.896329337380998, -8.1122767522202 ] } },
{ "type": "Feature", "properties": { "value": "regulatory--maximum-speed-limit-30--g1", "speed": 30 }, "geometry": { "type": "Point", "coordinates": [ -34.923753231658999, -8.1065291021402 ] } },
{ "type": "Feature", "properties": { "value": "regulatory--maximum-speed-limit-30--g1", "speed": 30 }, "geometry": { "type": "Point", "coordinates": [ -34.921325528213998, -8.017314825265601 ] } },
{ "type": "Feature", "properties": { "value": "regulatory--maximum-speed-limit-30--g1", "speed": 30 }, "geometry": { "type": "Point", "coordinates": [ -34.923275796111, -8.0041879218129 ] } },
{ "type": "Feature", "properties": { "value": "regulatory--maximum-speed-limit-30--g1", "speed": 30 }, "geometry": { "type": "Point", "coordinates": [ -34.946409775046, -8.118154608435701 ] } },
{ "type": "Feature", "properties": { "value": "regulatory--maximum-speed-limit-30--g1", "speed": 30 }, "geometry": { "type": "Point", "coordinates": [ -34.911127394666998, -8.059961896448 ] } },
{ "type": "Feature", "properties": { "value": "regulatory--maximum-speed-limit-30--g1", "speed": 30 }, "geometry": { "type": "Point", "coordinates": [ -34.909035508843999, -8.053765902366999 ] } },
{ "type": "Feature", "properties": { "value": "regulatory--maximum-speed-limit-30--g1", "speed": 30 }, "geometry": { "type": "Point", "coordinates": [ -34.925638598551998, -8.0225432507577 ] } },
{ "type": "Feature", "properties": { "value": "regulatory--maximum-speed-limit-30--g1", "speed": 30 }, "geometry": { "type": "Point", "coordinates": [ -34.942815186118999, -8.061515837492999 ] } },
{ "type": "Feature", "properties": { "value": "regulatory--maximum-speed-limit-30--g1", "speed": 30 }, "geometry": { "type": "Point", "coordinates": [ -34.906482913247999, -8.1268782838345 ] } },
{ "type": "Feature", "properties": { "value": "regulatory--maximum-speed-limit-30--g1", "speed": 30 }, "geometry": { "type": "Point", "coordinates": [ -34.920571088004003, -8.0095823111131 ] } },
{ "type": "Feature", "properties": { "value": "regulatory--maximum-speed-limit-30--g1", "speed": 30 }, "geometry": { "type": "Point", "coordinates": [ -34.929067851185998, -8.0722720862237 ] } },
{ "type": "Feature", "properties": { "value": "regulatory--maximum-speed-limit-30--g1", "speed": 30 }, "geometry": { "type": "Point", "coordinates": [ -34.935959871430001, -8.138802036038999 ] } },
{ "type": "Feature", "properties": { "value": "regulatory--maximum-speed-limit-30--g1", "speed": 30 }, "geometry": { "type": "Point", "coordinates": [ -34.914650021139003, -8.019554608609999 ] } },
{ "type": "Feature", "properties": { "value": "regulatory--maximum-speed-limit-30--g1", "speed": 30 }, "geometry": { "type": "Point", "coordinates": [ -34.914809963212001, -8.019656213117401 ] } },
{ "type": "Feature", "properties": { "value": "regulatory--maximum-speed-limit-30--g1", "speed": 30 }, "geometry": { "type": "Point", "coordinates": [ -34.892034986973002, -8.005919155519299 ] } },
{ "type": "Feature", "properties": { "value": "regulatory--maximum-speed-limit-30--g1", "speed": 30 }, "geometry": { "type": "Point", "coordinates": [ -34.916775475903002, -7.9818634297348 ] } },
{ "type": "Feature", "properties": { "value": "regulatory--maximum-speed-limit-30--g1", "speed": 30 }, "geometry": { "type": "Point", "coordinates": [ -34.905315871424001, -8.140906595787399 ] } },
{ "type": "Feature", "properties": { "value": "regulatory--maximum-speed-limit-30--g1", "speed": 30 }, "geometry": { "type": "Point", "coordinates": [ -34.900740757580998, -8.055178607974 ] } },
{ "type": "Feature", "properties": { "value": "regulatory--maximum-speed-limit-30--g1", "speed": 30 }, "geometry": { "type": "Point", "coordinates": [ -34.895282474856998, -8.030413584028301 ] } },
{ "type": "Feature", "properties": { "value": "regulatory--maximum-speed-limit-30--g1", "speed": 30 }, "geometry": { "type": "Point", "coordinates": [ -34.906253569200999, -8.135397186489101 ] } },
{ "type": "Feature", "properties": { "value": "regulatory--maximum-speed-limit-30--g1", "speed": 30 }, "geometry": { "type": "Point", "coordinates": [ -34.958280787869001, -8.0414608380723 ] } },
{ "type": "Feature", "properties": { "value": "regulatory--maximum-speed-limit-30--g1", "speed": 30 }, "geometry": { "type": "Point", "coordinates": [ -34.879154467786002, -8.0386842488469 ] } },
{ "type": "Feature", "properties": { "value": "regulatory--maximum-speed-limit-30--g1", "speed": 30 }, "geometry": { "type": "Point", "coordinates": [ -34.869640601074998, -8.0534948083055 ] } },
{ "type": "Feature", "properties": { "value": "regulatory--maximum-speed-limit-30--g1", "speed": 30 }, "geometry": { "type": "Point", "coordinates": [ -34.903919637915003, -8.026601396769999 ] } },
{ "type": "Feature", "properties": { "value": "regulatory--maximum-speed-limit-30--g1", "speed": 30 }, "geometry": { "type": "Point", "coordinates": [ -34.898694536548, -8.032719413760899 ] } },
{ "type": "Feature", "properties": { "value": "regulatory--maximum-speed-limit-30--g1", "speed": 30 }, "geometry": { "type": "Point", "coordinates": [ -34.939098789105003, -8.137024425648701 ] } },
{ "type": "Feature", "properties": { "value": "regulatory--maximum-speed-limit-30--g1", "speed": 30 }, "geometry": { "type": "Point", "coordinates": [ -34.950356918080999, -8.1224981629487 ] } },
{ "type": "Feature", "properties": { "value": "regulatory--maximum-speed-limit-30--g1", "speed": 30 }, "geometry": { "type": "Point", "coordinates": [ -34.917271306617998, -8.0204685339995 ] } },
{ "type": "Feature", "properties": { "value": "regulatory--maximum-speed-limit-30--g1", "speed": 30 }, "geometry": { "type": "Point", "coordinates": [ -34.915964150699999, -8.020505764836001 ] } },
{ "type": "Feature", "properties": { "value": "regulatory--maximum-speed-limit-30--g1", "speed": 30 }, "geometry": { "type": "Point", "coordinates": [ -34.959425511245001, -8.0460427170618 ] } },
{ "type": "Feature", "properties": { "value": "regulatory--maximum-speed-limit-30--g1", "speed": 30 }, "geometry": { "type": "Point", "coordinates": [ -34.913486814975002, -8.011336082014401 ] } },
{ "type": "Feature", "properties": { "value": "regulatory--maximum-speed-limit-30--g1", "speed": 30 }, "geometry": { "type": "Point", "coordinates": [ -34.884653686542002, -8.0979749664568 ] } },
{ "type": "Feature", "properties": { "value": "regulatory--maximum-speed-limit-30--g1", "speed": 30 }, "geometry": { "type": "Point", "coordinates": [ -34.920013366136999, -8.0120098487494 ] } },
{ "type": "Feature", "properties": { "value": "regulatory--maximum-speed-limit-30--g1", "speed": 30 }, "geometry": { "type": "Point", "coordinates": [ -34.907958614625002, -8.140775548982599 ] } },
{ "type": "Feature", "properties": { "value": "regulatory--maximum-speed-limit-30--g1", "speed": 30 }, "geometry": { "type": "Point", "coordinates": [ -34.918243282782001, -8.023192906935 ] } },
{ "type": "Feature", "properties": { "value": "regulatory--maximum-speed-limit-30--g1", "speed": 30 }, "geometry": { "type": "Point", "coordinates": [ -34.893878039964001, -8.0190153155771 ] } },
{ "type": "Feature", "properties": { "value": "regulatory--maximum-speed-limit-30--g1", "speed": 30 }, "geometry": { "type": "Point", "coordinates": [ -34.937151864157997, -8.0809499797504 ] } },
{ "type": "Feature", "properties": { "value": "regulatory--maximum-speed-limit-30--g1", "speed": 30 }, "geometry": { "type": "Point", "coordinates": [ -34.932155145964003, -8.099064920163199 ] } },
{ "type": "Feature", "properties": { "value": "regulatory--maximum-speed-limit-30--g1", "speed": 30 }, "geometry": { "type": "Point", "coordinates": [ -34.955936823781997, -8.0317646721178 ] } },
{ "type": "Feature", "properties": { "value": "regulatory--maximum-speed-limit-30--g1", "speed": 30 }, "geometry": { "type": "Point", "coordinates": [ -34.919042527643001, -7.9874085224519 ] } },
{ "type": "Feature", "properties": { "value": "regulatory--maximum-speed-limit-30--g1", "speed": 30 }, "geometry": { "type": "Point", "coordinates": [ -34.959654583457002, -8.048065328526601 ] } },
{ "type": "Feature", "properties": { "value": "regulatory--maximum-speed-limit-30--g1", "speed": 30 }, "geometry": { "type": "Point", "coordinates": [ -34.937653707488003, -8.120803534057501 ] } },
{ "type": "Feature", "properties": { "value": "regulatory--maximum-speed-limit-30--g1", "speed": 30 }, "geometry": { "type": "Point", "coordinates": [ -34.890511695702003, -8.0433830473167 ] } },
{ "type": "Feature", "properties": { "value": "regulatory--maximum-speed-limit-30--g1", "speed": 30 }, "geometry": { "type": "Point", "coordinates": [ -34.946295191368002, -8.088166438243899 ] } },
{ "type": "Feature", "properties": { "value": "regulatory--maximum-speed-limit-30--g1", "speed": 30 }, "geometry": { "type": "Point", "coordinates": [ -34.914474194721997, -8.139650896229799 ] } },
{ "type": "Feature", "properties": { "value": "regulatory--maximum-speed-limit-30--g1", "speed": 30 }, "geometry": { "type": "Point", "coordinates": [ -34.932099347504, -7.9852407244694 ] } },
{ "type": "Feature", "properties": { "value": "regulatory--maximum-speed-limit-30--g1", "speed": 30 }, "geometry": { "type": "Point", "coordinates": [ -34.931058505255002, -8.0303243216749 ] } },
{ "type": "Feature", "properties": { "value": "regulatory--maximum-speed-limit-30--g1", "speed": 30 }, "geometry": { "type": "Point", "coordinates": [ -34.942292215404002, -8.118423503941401 ] } },
{ "type": "Feature", "properties": { "value": "regulatory--maximum-speed-limit-30--g1", "speed": 30 }, "geometry": { "type": "Point", "coordinates": [ -34.901409521158001, -8.0636639076042 ] } },
{ "type": "Feature", "properties": { "value": "regulatory--maximum-speed-limit-30--g1", "speed": 30 }, "geometry": { "type": "Point", "coordinates": [ -34.915698671874999, -8.0194545074287 ] } },
{ "type": "Feature", "properties": { "value": "regulatory--maximum-speed-limit-30--g1", "speed": 30 }, "geometry": { "type": "Point", "coordinates": [ -34.915646589692003, -8.0195665980398 ] } },
{ "type": "Feature", "properties": { "value": "regulatory--maximum-speed-limit-30--g1", "speed": 30 }, "geometry": { "type": "Point", "coordinates": [ -34.907598675255997, -8.040798902558301 ] } },
{ "type": "Feature", "properties": { "value": "regulatory--maximum-speed-limit-30--g1", "speed": 30 }, "geometry": { "type": "Point", "coordinates": [ -34.913115845313001, -8.0149851521233 ] } },
{ "type": "Feature", "properties": { "value": "regulatory--maximum-speed-limit-30--g1", "speed": 30 }, "geometry": { "type": "Point", "coordinates": [ -34.906688025846996, -8.052471250185 ] } },
{ "type": "Feature", "properties": { "value": "regulatory--maximum-speed-limit-30--g1", "speed": 30 }, "geometry": { "type": "Point", "coordinates": [ -34.929701372067001, -8.0129145818885 ] } },
{ "type": "Feature", "properties": { "value": "regulatory--maximum-speed-limit-30--g1", "speed": 30 }, "geometry": { "type": "Point", "coordinates": [ -34.919107967776, -8.1176676211764 ] } },
{ "type": "Feature", "properties": { "value": "regulatory--maximum-speed-limit-30--g1", "speed": 30 }, "geometry": { "type": "Point", "coordinates": [ -34.914113641711999, -8.0194563831532 ] } },
{ "type": "Feature", "properties": { "value": "regulatory--maximum-speed-limit-30--g1", "speed": 30 }, "geometry": { "type": "Point", "coordinates": [ -34.901312095093999, -8.0636290493901 ] } },
{ "type": "Feature", "properties": { "value": "regulatory--maximum-speed-limit-30--g1", "speed": 30 }, "geometry": { "type": "Point", "coordinates": [ -34.937122563986001, -7.9934655201349 ] } },
{ "type": "Feature", "properties": { "value": "regulatory--maximum-speed-limit-30--g1", "speed": 30 }, "geometry": { "type": "Point", "coordinates": [ -34.902799983457001, -8.026243943788099 ] } },
{ "type": "Feature", "properties": { "value": "regulatory--maximum-speed-limit-30--g1", "speed": 30 }, "geometry": { "type": "Point", "coordinates": [ -34.902774309163, -8.0143263524762 ] } },
{ "type": "Feature", "properties": { "value": "regulatory--maximum-speed-limit-30--g1", "speed": 30 }, "geometry": { "type": "Point", "coordinates": [ -34.944495523873996, -8.038811241307201 ] } },
{ "type": "Feature", "properties": { "value": "regulatory--maximum-speed-limit-30--g1", "speed": 30 }, "geometry": { "type": "Point", "coordinates": [ -34.873732001595002, -8.062742891196301 ] } },
{ "type": "Feature", "properties": { "value": "regulatory--maximum-speed-limit-30--g1", "speed": 30 }, "geometry": { "type": "Point", "coordinates": [ -34.955654740156, -8.115196484575 ] } },
{ "type": "Feature", "properties": { "value": "regulatory--maximum-speed-limit-30--g1", "speed": 30 }, "geometry": { "type": "Point", "coordinates": [ -34.897297432019997, -8.1159319902394 ] } },
{ "type": "Feature", "properties": { "value": "regulatory--maximum-speed-limit-30--g1", "speed": 30 }, "geometry": { "type": "Point", "coordinates": [ -34.893815834055999, -8.0187116189159 ] } },
{ "type": "Feature", "properties": { "value": "regulatory--maximum-speed-limit-30--g1", "speed": 30 }, "geometry": { "type": "Point", "coordinates": [ -34.871448002282001, -8.062867113835701 ] } },
{ "type": "Feature", "properties": { "value": "regulatory--maximum-speed-limit-30--g1", "speed": 30 }, "geometry": { "type": "Point", "coordinates": [ -34.871132551854998, -8.061654673835299 ] } },
{ "type": "Feature", "properties": { "value": "regulatory--maximum-speed-limit-30--g1", "speed": 30 }, "geometry": { "type": "Point", "coordinates": [ -34.911758659096002, -8.0231596681587 ] } },
{ "type": "Feature", "properties": { "value": "regulatory--maximum-speed-limit-30--g1", "speed": 30 }, "geometry": { "type": "Point", "coordinates": [ -34.920445509605997, -8.1117641990772 ] } },
{ "type": "Feature", "properties": { "value": "regulatory--maximum-speed-limit-30--g1", "speed": 30 }, "geometry": { "type": "Point", "coordinates": [ -34.953150039964001, -8.034152626075899 ] } },
{ "type": "Feature", "properties": { "value": "regulatory--maximum-speed-limit-30--g1", "speed": 30 }, "geometry": { "type": "Point", "coordinates": [ -34.921146049988998, -8.112369063545801 ] } },
{ "type": "Feature", "properties": { "value": "regulatory--maximum-speed-limit-30--g1", "speed": 30 }, "geometry": { "type": "Point", "coordinates": [ -34.901921762992004, -8.066207885567 ] } },
{ "type": "Feature", "properties": { "value": "regulatory--maximum-speed-limit-30--g1", "speed": 30 }, "geometry": { "type": "Point", "coordinates": [ -34.909383612309, -8.0189879999973 ] } },
{ "type": "Feature", "properties": { "value": "regulatory--maximum-speed-limit-30--g1", "speed": 30 }, "geometry": { "type": "Point", "coordinates": [ -34.955232474104001, -8.1169784069232 ] } },
{ "type": "Feature", "properties": { "value": "regulatory--maximum-speed-limit-30--g1", "speed": 30 }, "geometry": { "type": "Point", "coordinates": [ -34.953848825210997, -8.1212823611468 ] } },
{ "type": "Feature", "properties": { "value": "regulatory--maximum-speed-limit-30--g1", "speed": 30 }, "geometry": { "type": "Point", "coordinates": [ -34.892017617436998, -8.0710503078526 ] } },
{ "type": "Feature", "properties": { "value": "regulatory--maximum-speed-limit-30--g1", "speed": 30 }, "geometry": { "type": "Point", "coordinates": [ -34.876754620565997, -8.0616725988361 ] } },
{ "type": "Feature", "properties": { "value": "regulatory--maximum-speed-limit-30--g1", "speed": 30 }, "geometry": { "type": "Point", "coordinates": [ -34.913441310372001, -8.038913929226 ] } },
{ "type": "Feature", "properties": { "value": "regulatory--maximum-speed-limit-30--g1", "speed": 30 }, "geometry": { "type": "Point", "coordinates": [ -34.872470428672997, -8.0604086904469 ] } },
{ "type": "Feature", "properties": { "value": "regulatory--maximum-speed-limit-30--g1", "speed": 30 }, "geometry": { "type": "Point", "coordinates": [ -34.925392364825001, -8.008522876934601 ] } },
{ "type": "Feature", "properties": { "value": "regulatory--maximum-speed-limit-30--g1", "speed": 30 }, "geometry": { "type": "Point", "coordinates": [ -34.885959190445, -8.1017518088233 ] } },
{ "type": "Feature", "properties": { "value": "regulatory--maximum-speed-limit-30--g1", "speed": 30 }, "geometry": { "type": "Point", "coordinates": [ -34.934123590702001, -7.9904860387802 ] } },
{ "type": "Feature", "properties": { "value": "regulatory--maximum-speed-limit-30--g1", "speed": 30 }, "geometry": { "type": "Point", "coordinates": [ -34.923233399807998, -8.1070180968324 ] } },
{ "type": "Feature", "properties": { "value": "regulatory--maximum-speed-limit-30--g1", "speed": 30 }, "geometry": { "type": "Point", "coordinates": [ -34.907324607306002, -8.021872545659299 ] } },
{ "type": "Feature", "properties": { "value": "regulatory--maximum-speed-limit-30--g1", "speed": 30 }, "geometry": { "type": "Point", "coordinates": [ -34.902659496151003, -8.007327788322799 ] } },
{ "type": "Feature", "properties": { "value": "regulatory--maximum-speed-limit-30--g1", "speed": 30 }, "geometry": { "type": "Point", "coordinates": [ -34.882760555586998, -8.0568473311678 ] } },
{ "type": "Feature", "properties": { "value": "regulatory--maximum-speed-limit-30--g1", "speed": 30 }, "geometry": { "type": "Point", "coordinates": [ -34.942901389748002, -8.088992833186399 ] } },
{ "type": "Feature", "properties": { "value": "regulatory--maximum-speed-limit-30--g1", "speed": 30 }, "geometry": { "type": "Point", "coordinates": [ -34.903675394826998, -8.136093827912999 ] } },
{ "type": "Feature", "properties": { "value": "regulatory--maximum-speed-limit-30--g1", "speed": 30 }, "geometry": { "type": "Point", "coordinates": [ -34.964414261762002, -8.0911130311811 ] } },
{ "type": "Feature", "properties": { "value": "regulatory--maximum-speed-limit-30--g1", "speed": 30 }, "geometry": { "type": "Point", "coordinates": [ -34.907636163878998, -8.1440380445204 ] } },
{ "type": "Feature", "properties": { "value": "regulatory--maximum-speed-limit-30--g1", "speed": 30 }, "geometry": { "type": "Point", "coordinates": [ -34.929260513400003, -8.0723202648057 ] } },
{ "type": "Feature", "properties": { "value": "regulatory--maximum-speed-limit-30--g1", "speed": 30 }, "geometry": { "type": "Point", "coordinates": [ -34.920074751735001, -8.014797424456701 ] } },
{ "type": "Feature", "properties": { "value": "regulatory--maximum-speed-limit-30--g1", "speed": 30 }, "geometry": { "type": "Point", "coordinates": [ -34.950463337278997, -8.110399244376 ] } },
{ "type": "Feature", "properties": { "value": "regulatory--maximum-speed-limit-30--g1", "speed": 30 }, "geometry": { "type": "Point", "coordinates": [ -34.914783635565001, -8.030790818341099 ] } },
{ "type": "Feature", "properties": { "value": "regulatory--maximum-speed-limit-30--g1", "speed": 30 }, "geometry": { "type": "Point", "coordinates": [ -34.913793495816002, -8.139836511055901 ] } },
{ "type": "Feature", "properties": { "value": "regulatory--maximum-speed-limit-30--g1", "speed": 30 }, "geometry": { "type": "Point", "coordinates": [ -34.954573103900998, -8.122381647517599 ] } },
{ "type": "Feature", "properties": { "value": "regulatory--maximum-speed-limit-30--g1", "speed": 30 }, "geometry": { "type": "Point", "coordinates": [ -34.944582441157998, -8.031013570257199 ] } },
{ "type": "Feature", "properties": { "value": "regulatory--maximum-speed-limit-30--g1", "speed": 30 }, "geometry": { "type": "Point", "coordinates": [ -34.937997772831999, -8.110438234326701 ] } },
{ "type": "Feature", "properties": { "value": "regulatory--maximum-speed-limit-30--g1", "speed": 30 }, "geometry": { "type": "Point", "coordinates": [ -34.899574451470002, -8.0042946296781 ] } },
{ "type": "Feature", "properties": { "value": "regulatory--maximum-speed-limit-30--g1", "speed": 30 }, "geometry": { "type": "Point", "coordinates": [ -34.913347468642002, -8.066591044908201 ] } },
{ "type": "Feature", "properties": { "value": "regulatory--maximum-speed-limit-30--g1", "speed": 30 }, "geometry": { "type": "Point", "coordinates": [ -34.913309253152001, -8.021822419908 ] } },
{ "type": "Feature", "properties": { "value": "regulatory--maximum-speed-limit-30--g1", "speed": 30 }, "geometry": { "type": "Point", "coordinates": [ -34.911322291368997, -7.9939255506138 ] } },
{ "type": "Feature", "properties": { "value": "regulatory--maximum-speed-limit-30--g1", "speed": 30 }, "geometry": { "type": "Point", "coordinates": [ -34.981511934643997, -8.0379386576731 ] } },
{ "type": "Feature", "properties": { "value": "regulatory--maximum-speed-limit-30--g1", "speed": 30 }, "geometry": { "type": "Point", "coordinates": [ -34.956914025437001, -8.087321006597101 ] } },
{ "type": "Feature", "properties": { "value": "regulatory--maximum-speed-limit-30--g1", "speed": 30 }, "geometry": { "type": "Point", "coordinates": [ -34.925977015888002, -8.015699842354501 ] } },
{ "type": "Feature", "properties": { "value": "regulatory--maximum-speed-limit-30--g1", "speed": 30 }, "geometry": { "type": "Point", "coordinates": [ -34.871462532248003, -8.060801860960799 ] } },
{ "type": "Feature", "properties": { "value": "regulatory--maximum-speed-limit-30--g1", "speed": 30 }, "geometry": { "type": "Point", "coordinates": [ -34.871449469014998, -8.0613834143688 ] } },
{ "type": "Feature", "properties": { "value": "regulatory--maximum-speed-limit-30--g1", "speed": 30 }, "geometry": { "type": "Point", "coordinates": [ -34.926201975681003, -8.0208691002594 ] } },
{ "type": "Feature", "properties": { "value": "regulatory--maximum-speed-limit-30--g1", "speed": 30 }, "geometry": { "type": "Point", "coordinates": [ -34.955433706741999, -8.1161012276684 ] } },
{ "type": "Feature", "properties": { "value": "regulatory--maximum-speed-limit-30--g1", "speed": 30 }, "geometry": { "type": "Point", "coordinates": [ -34.918961644002003, -8.108966896608001 ] } },
{ "type": "Feature", "properties": { "value": "regulatory--maximum-speed-limit-30--g1", "speed": 30 }, "geometry": { "type": "Point", "coordinates": [ -34.904766340214003, -8.0263564115407 ] } },
{ "type": "Feature", "properties": { "value": "regulatory--maximum-speed-limit-30--g1", "speed": 30 }, "geometry": { "type": "Point", "coordinates": [ -34.960867660995, -8.110213137815901 ] } },
{ "type": "Feature", "properties": { "value": "regulatory--maximum-speed-limit-30--g1", "speed": 30 }, "geometry": { "type": "Point", "coordinates": [ -34.946776876028999, -8.1173351462676 ] } },
{ "type": "Feature", "properties": { "value": "regulatory--maximum-speed-limit-30--g1", "speed": 30 }, "geometry": { "type": "Point", "coordinates": [ -34.935182834655997, -8.109207828080701 ] } },
{ "type": "Feature", "properties": { "value": "regulatory--maximum-speed-limit-30--g1", "speed": 30 }, "geometry": { "type": "Point", "coordinates": [ -34.918399543809997, -8.023495534667999 ] } },
{ "type": "Feature", "properties": { "value": "regulatory--maximum-speed-limit-30--g1", "speed": 30 }, "geometry": { "type": "Point", "coordinates": [ -34.926705515323, -8.0493733701651 ] } },
{ "type": "Feature", "properties": { "value": "regulatory--maximum-speed-limit-30--g1", "speed": 30 }, "geometry": { "type": "Point", "coordinates": [ -34.954315153899998, -8.119926492208799 ] } },
{ "type": "Feature", "properties": { "value": "regulatory--maximum-speed-limit-30--g1", "speed": 30 }, "geometry": { "type": "Point", "coordinates": [ -34.947068476912001, -8.1164198260565 ] } },
{ "type": "Feature", "properties": { "value": "regulatory--maximum-speed-limit-30--g1", "speed": 30 }, "geometry": { "type": "Point", "coordinates": [ -34.937358306099, -8.125874573039001 ] } },
{ "type": "Feature", "properties": { "value": "regulatory--maximum-speed-limit-30--g1", "speed": 30 }, "geometry": { "type": "Point", "coordinates": [ -34.940156086470999, -8.052641665011199 ] } },
{ "type": "Feature", "properties": { "value": "regulatory--maximum-speed-limit-30--g1", "speed": 30 }, "geometry": { "type": "Point", "coordinates": [ -34.917789848467002, -8.0336579713759 ] } },
{ "type": "Feature", "properties": { "value": "regulatory--maximum-speed-limit-30--g1", "speed": 30 }, "geometry": { "type": "Point", "coordinates": [ -34.939174083258003, -8.118085636275699 ] } },
{ "type": "Feature", "properties": { "value": "regulatory--maximum-speed-limit-30--g1", "speed": 30 }, "geometry": { "type": "Point", "coordinates": [ -34.908344917904998, -8.032828973454301 ] } },
{ "type": "Feature", "properties": { "value": "regulatory--maximum-speed-limit-30--g1", "speed": 30 }, "geometry": { "type": "Point", "coordinates": [ -34.885272218756, -8.0996965551321 ] } },
{ "type": "Feature", "properties": { "value": "regulatory--maximum-speed-limit-30--g1", "speed": 30 }, "geometry": { "type": "Point", "coordinates": [ -34.920219534600001, -8.054254548104399 ] } },
{ "type": "Feature", "properties": { "value": "regulatory--maximum-speed-limit-30--g1", "speed": 30 }, "geometry": { "type": "Point", "coordinates": [ -34.920242126041003, -8.0540750515911 ] } },
{ "type": "Feature", "properties": { "value": "regulatory--maximum-speed-limit-30--g1", "speed": 30 }, "geometry": { "type": "Point", "coordinates": [ -34.880666605767999, -8.0304333613366 ] } },
{ "type": "Feature", "properties": { "value": "regulatory--maximum-speed-limit-30--g1", "speed": 30 }, "geometry": { "type": "Point", "coordinates": [ -34.904584858717001, -8.138778024931 ] } },
{ "type": "Feature", "properties": { "value": "regulatory--maximum-speed-limit-30--g1", "speed": 30 }, "geometry": { "type": "Point", "coordinates": [ -34.945993336394999, -8.057235264906 ] } },
{ "type": "Feature", "properties": { "value": "regulatory--maximum-speed-limit-30--g1", "speed": 30 }, "geometry": { "type": "Point", "coordinates": [ -34.882551861044, -8.030837532493599 ] } },
{ "type": "Feature", "properties": { "value": "regulatory--maximum-speed-limit-30--g1", "speed": 30 }, "geometry": { "type": "Point", "coordinates": [ -34.936686394136999, -8.1202163097962 ] } },
{ "type": "Feature", "properties": { "value": "regulatory--maximum-speed-limit-30--g1", "speed": 30 }, "geometry": { "type": "Point", "coordinates": [ -34.888560260477, -8.1064938543197 ] } },
{ "type": "Feature", "properties": { "value": "regulatory--maximum-speed-limit-30--g1", "speed": 30 }, "geometry": { "type": "Point", "coordinates": [ -34.923173253881998, -8.004259320306399 ] } },
{ "type": "Feature", "properties": { "value": "regulatory--maximum-speed-limit-30--g1", "speed": 30 }, "geometry": { "type": "Point", "coordinates": [ -34.925305150497003, -8.0015086756391 ] } },
{ "type": "Feature", "properties": { "value": "regulatory--maximum-speed-limit-30--g1", "speed": 30 }, "geometry": { "type": "Point", "coordinates": [ -34.894610102563, -8.1103508659127 ] } },
{ "type": "Feature", "properties": { "value": "regulatory--maximum-speed-limit-30--g1", "speed": 30 }, "geometry": { "type": "Point", "coordinates": [ -34.891015767070002, -8.065874962957601 ] } },
{ "type": "Feature", "properties": { "value": "regulatory--maximum-speed-limit-30--g1", "speed": 30 }, "geometry": { "type": "Point", "coordinates": [ -34.905252837580001, -8.121697173448601 ] } },
{ "type": "Feature", "properties": { "value": "regulatory--maximum-speed-limit-30--g1", "speed": 30 }, "geometry": { "type": "Point", "coordinates": [ -34.914050219056001, -8.0153377240991 ] } },
{ "type": "Feature", "properties": { "value": "regulatory--maximum-speed-limit-30--g1", "speed": 30 }, "geometry": { "type": "Point", "coordinates": [ -34.906214226484003, -8.136232040404501 ] } },
{ "type": "Feature", "properties": { "value": "regulatory--maximum-speed-limit-30--g1", "speed": 30 }, "geometry": { "type": "Point", "coordinates": [ -34.870794473452001, -8.060489267373301 ] } },
{ "type": "Feature", "properties": { "value": "regulatory--maximum-speed-limit-30--g1", "speed": 30 }, "geometry": { "type": "Point", "coordinates": [ -34.953857277343999, -8.121623836265099 ] } },
{ "type": "Feature", "properties": { "value": "regulatory--maximum-speed-limit-20--g1", "speed": 20 }, "geometry": { "type": "Point", "coordinates": [ -34.91845745418, -8.109468820602601 ] } },
{ "type": "Feature", "properties": { "value": "regulatory--maximum-speed-limit-20--g1", "speed": 20 }, "geometry": { "type": "Point", "coordinates": [ -34.902059909987997, -8.0540426380272 ] } },
{ "type": "Feature", "properties": { "value": "regulatory--maximum-speed-limit-20--g1", "speed": 20 }, "geometry": { "type": "Point", "coordinates": [ -34.905738493892002, -8.1167699073817 ] } },
{ "type": "Feature", "properties": { "value": "regulatory--maximum-speed-limit-20--g1", "speed": 20 }, "geometry": { "type": "Point", "coordinates": [ -34.930375716729998, -8.0634660675672 ] } },
{ "type": "Feature", "properties": { "value": "regulatory--maximum-speed-limit-20--g1", "speed": 20 }, "geometry": { "type": "Point", "coordinates": [ -34.909695761390999, -8.027298806946201 ] } },
{ "type": "Feature", "properties": { "value": "regulatory--maximum-speed-limit-20--g1", "speed": 20 }, "geometry": { "type": "Point", "coordinates": [ -34.909498794259001, -8.026576633162099 ] } },
{ "type": "Feature", "properties": { "value": "regulatory--maximum-speed-limit-20--g1", "speed": 20 }, "geometry": { "type": "Point", "coordinates": [ -34.896913056726, -8.028845409605101 ] } },
{ "type": "Feature", "properties": { "value": "regulatory--maximum-speed-limit-20--g1", "speed": 20 }, "geometry": { "type": "Point", "coordinates": [ -34.948386071961998, -8.120037017077101 ] } },
{ "type": "Feature", "properties": { "value": "regulatory--maximum-speed-limit-20--g1", "speed": 20 }, "geometry": { "type": "Point", "coordinates": [ -34.970190202593002, -8.0807549575508 ] } },
{ "type": "Feature", "properties": { "value": "regulatory--maximum-speed-limit-20--g1", "speed": 20 }, "geometry": { "type": "Point", "coordinates": [ -34.939038959050997, -8.136967124401799 ] } },
{ "type": "Feature", "properties": { "value": "regulatory--maximum-speed-limit-20--g1", "speed": 20 }, "geometry": { "type": "Point", "coordinates": [ -34.941293023100997, -8.137142925255599 ] } },
{ "type": "Feature", "properties": { "value": "regulatory--maximum-speed-limit-20--g1", "speed": 20 }, "geometry": { "type": "Point", "coordinates": [ -34.937776579809999, -8.1183501831316 ] } },
{ "type": "Feature", "properties": { "value": "regulatory--maximum-speed-limit-20--g1", "speed": 20 }, "geometry": { "type": "Point", "coordinates": [ -34.938519269958, -8.1164771994486 ] } },
{ "type": "Feature", "properties": { "value": "regulatory--maximum-speed-limit-20--g1", "speed": 20 }, "geometry": { "type": "Point", "coordinates": [ -34.950383870033001, -8.081829800771599 ] } },
{ "type": "Feature", "properties": { "value": "regulatory--maximum-speed-limit-20--g1", "speed": 20 }, "geometry": { "type": "Point", "coordinates": [ -34.922644793590003, -8.107543527116899 ] } },
{ "type": "Feature", "properties": { "value": "regulatory--maximum-speed-limit-20--g1", "speed": 20 }, "geometry": { "type": "Point", "coordinates": [ -34.945089646082998, -8.0558495724857 ] } },
{ "type": "Feature", "properties": { "value": "regulatory--maximum-speed-limit-20--g1", "speed": 20 }, "geometry": { "type": "Point", "coordinates": [ -34.921151249661001, -8.113343161340699 ] } },
{ "type": "Feature", "properties": { "value": "regulatory--maximum-speed-limit-20--g1", "speed": 20 }, "geometry": { "type": "Point", "coordinates": [ -34.926714549163997, -8.063131757091501 ] } },
{ "type": "Feature", "properties": { "value": "regulatory--maximum-speed-limit-20--g1", "speed": 20 }, "geometry": { "type": "Point", "coordinates": [ -34.901713183795998, -8.0644453334038 ] } },
{ "type": "Feature", "properties": { "value": "regulatory--maximum-speed-limit-20--g1", "speed": 20 }, "geometry": { "type": "Point", "coordinates": [ -34.927300016460997, -8.085201962619401 ] } },
{ "type": "Feature", "properties": { "value": "regulatory--maximum-speed-limit-20--g1", "speed": 20 }, "geometry": { "type": "Point", "coordinates": [ -34.920416489468003, -8.1102757552383 ] } },
{ "type": "Feature", "properties": { "value": "regulatory--maximum-speed-limit-20--g1", "speed": 20 }, "geometry": { "type": "Point", "coordinates": [ -34.937903100893998, -7.9944559074675 ] } },
{ "type": "Feature", "properties": { "value": "regulatory--maximum-speed-limit-20--g1", "speed": 20 }, "geometry": { "type": "Point", "coordinates": [ -34.904427177317999, -8.1298937876405 ] } },
{ "type": "Feature", "properties": { "value": "regulatory--maximum-speed-limit-20--g1", "speed": 20 }, "geometry": { "type": "Point", "coordinates": [ -34.924436083015003, -8.093186570830399 ] } },
{ "type": "Feature", "properties": { "value": "regulatory--maximum-speed-limit-20--g1", "speed": 20 }, "geometry": { "type": "Point", "coordinates": [ -34.915979759556002, -8.0342786585715 ] } },
{ "type": "Feature", "properties": { "value": "regulatory--maximum-speed-limit-20--g1", "speed": 20 }, "geometry": { "type": "Point", "coordinates": [ -34.915838401809999, -8.0337772461108 ] } },
{ "type": "Feature", "properties": { "value": "regulatory--maximum-speed-limit-20--g1", "speed": 20 }, "geometry": { "type": "Point", "coordinates": [ -34.922914865326, -8.1141583281523 ] } },
{ "type": "Feature", "properties": { "value": "regulatory--maximum-speed-limit-20--g1", "speed": 20 }, "geometry": { "type": "Point", "coordinates": [ -34.926940615741998, -8.0877534331917 ] } },
{ "type": "Feature", "properties": { "value": "regulatory--maximum-speed-limit-20--g1", "speed": 20 }, "geometry": { "type": "Point", "coordinates": [ -34.918259252304999, -8.050500454042201 ] } },
{ "type": "Feature", "properties": { "value": "regulatory--maximum-speed-limit-20--g1", "speed": 20 }, "geometry": { "type": "Point", "coordinates": [ -34.934433275540997, -8.0685899887527 ] } },
{ "type": "Feature", "properties": { "value": "regulatory--maximum-speed-limit-20--g1", "speed": 20 }, "geometry": { "type": "Point", "coordinates": [ -34.920364744254002, -8.1152567105093 ] } },
{ "type": "Feature", "properties": { "value": "regulatory--maximum-speed-limit-20--g1", "speed": 20 }, "geometry": { "type": "Point", "coordinates": [ -34.912604141138999, -8.1420393811518 ] } },
{ "type": "Feature", "properties": { "value": "regulatory--maximum-speed-limit-20--g1", "speed": 20 }, "geometry": { "type": "Point", "coordinates": [ -34.918193846956001, -8.106822658258899 ] } },
{ "type": "Feature", "properties": { "value": "regulatory--maximum-speed-limit-20--g1", "speed": 20 }, "geometry": { "type": "Point", "coordinates": [ -34.919596030134997, -8.108164442286199 ] } },
{ "type": "Feature", "properties": { "value": "regulatory--maximum-speed-limit-20--g1", "speed": 20 }, "geometry": { "type": "Point", "coordinates": [ -34.921359217190002, -8.114279219442301 ] } },
{ "type": "Feature", "properties": { "value": "regulatory--maximum-speed-limit-20--g1", "speed": 20 }, "geometry": { "type": "Point", "coordinates": [ -34.964992536297999, -8.0893024392707 ] } },
{ "type": "Feature", "properties": { "value": "regulatory--maximum-speed-limit-20--g1", "speed": 20 }, "geometry": { "type": "Point", "coordinates": [ -34.882902156423, -8.0213458047761 ] } },
{ "type": "Feature", "properties": { "value": "regulatory--maximum-speed-limit-20--g1", "speed": 20 }, "geometry": { "type": "Point", "coordinates": [ -34.886367137188003, -8.032713853263999 ] } },
{ "type": "Feature", "properties": { "value": "regulatory--maximum-speed-limit-20--g1", "speed": 20 }, "geometry": { "type": "Point", "coordinates": [ -34.949819750575003, -8.0831541786506 ] } },
{ "type": "Feature", "properties": { "value": "regulatory--maximum-speed-limit-20--g1", "speed": 20 }, "geometry": { "type": "Point", "coordinates": [ -34.916178126153, -8.0335063995976 ] } },
{ "type": "Feature", "properties": { "value": "regulatory--maximum-speed-limit-20--g1", "speed": 20 }, "geometry": { "type": "Point", "coordinates": [ -34.884919642425999, -8.0434574133408 ] } },
{ "type": "Feature", "properties": { "value": "regulatory--maximum-speed-limit-20--g1", "speed": 20 }, "geometry": { "type": "Point", "coordinates": [ -34.91935038543, -8.0340629226604 ] } },
{ "type": "Feature", "properties": { "value": "regulatory--maximum-speed-limit-20--g1", "speed": 20 }, "geometry": { "type": "Point", "coordinates": [ -34.918833056742002, -8.0331292520552 ] } },
{ "type": "Feature", "properties": { "value": "regulatory--maximum-speed-limit-20--g1", "speed": 20 }, "geometry": { "type": "Point", "coordinates": [ -34.918929612589999, -8.0333410880115 ] } },
{ "type": "Feature", "properties": { "value": "regulatory--maximum-speed-limit-20--g1", "speed": 20 }, "geometry": { "type": "Point", "coordinates": [ -34.923349584889003, -8.115954659790701 ] } },
{ "type": "Feature", "properties": { "value": "regulatory--maximum-speed-limit-20--g1", "speed": 20 }, "geometry": { "type": "Point", "coordinates": [ -34.925120841530997, -8.0879456022437 ] } },
{ "type": "Feature", "properties": { "value": "regulatory--maximum-speed-limit-20--g1", "speed": 20 }, "geometry": { "type": "Point", "coordinates": [ -34.895795473737003, -8.028352560743301 ] } },
{ "type": "Feature", "properties": { "value": "regulatory--maximum-speed-limit-20--g1", "speed": 20 }, "geometry": { "type": "Point", "coordinates": [ -34.920291311184997, -8.107821219691299 ] } },
{ "type": "Feature", "properties": { "value": "regulatory--maximum-speed-limit-20--g1", "speed": 20 }, "geometry": { "type": "Point", "coordinates": [ -34.919860526106, -8.1082221973468 ] } },
{ "type": "Feature", "properties": { "value": "regulatory--maximum-speed-limit-20--g1", "speed": 20 }, "geometry": { "type": "Point", "coordinates": [ -34.913992992898997, -8.040699422129 ] } },
{ "type": "Feature", "properties": { "value": "regulatory--maximum-speed-limit-20--g1", "speed": 20 }, "geometry": { "type": "Point", "coordinates": [ -34.921492860865001, -8.115778987792 ] } },
{ "type": "Feature", "properties": { "value": "regulatory--maximum-speed-limit-20--g1", "speed": 20 }, "geometry": { "type": "Point", "coordinates": [ -34.907395977139998, -8.0297502469916 ] } },
{ "type": "Feature", "properties": { "value": "regulatory--maximum-speed-limit-20--g1", "speed": 20 }, "geometry": { "type": "Point", "coordinates": [ -34.922072075209002, -8.0129666048154 ] } },
{ "type": "Feature", "properties": { "value": "regulatory--maximum-speed-limit-20--g1", "speed": 20 }, "geometry": { "type": "Point", "coordinates": [ -34.918879162034003, -8.039698661971601 ] } },
{ "type": "Feature", "properties": { "value": "regulatory--maximum-speed-limit-20--g1", "speed": 20 }, "geometry": { "type": "Point", "coordinates": [ -34.913984267932001, -8.143153672759199 ] } },
{ "type": "Feature", "properties": { "value": "regulatory--maximum-speed-limit-20--g1", "speed": 20 }, "geometry": { "type": "Point", "coordinates": [ -34.905343808368997, -8.0037456725713 ] } },
{ "type": "Feature", "properties": { "value": "regulatory--maximum-speed-limit-20--g1", "speed": 20 }, "geometry": { "type": "Point", "coordinates": [ -34.930861116208, -8.1000702319949 ] } },
{ "type": "Feature", "properties": { "value": "regulatory--maximum-speed-limit-20--g1", "speed": 20 }, "geometry": { "type": "Point", "coordinates": [ -34.940595838215998, -7.9936052109548 ] } },
{ "type": "Feature", "properties": { "value": "regulatory--maximum-speed-limit-20--g1", "speed": 20 }, "geometry": { "type": "Point", "coordinates": [ -34.892479041050002, -8.0857071640712 ] } },
{ "type": "Feature", "properties": { "value": "regulatory--maximum-speed-limit-20--g1", "speed": 20 }, "geometry": { "type": "Point", "coordinates": [ -34.886784768847001, -8.0328577144194 ] } },
{ "type": "Feature", "properties": { "value": "regulatory--maximum-speed-limit-20--g1", "speed": 20 }, "geometry": { "type": "Point", "coordinates": [ -34.885926260138, -8.0323235928818 ] } },
{ "type": "Feature", "properties": { "value": "regulatory--maximum-speed-limit-20--g1", "speed": 20 }, "geometry": { "type": "Point", "coordinates": [ -34.915876148961999, -8.0339141638361 ] } },
{ "type": "Feature", "properties": { "value": "regulatory--maximum-speed-limit-20--g1", "speed": 20 }, "geometry": { "type": "Point", "coordinates": [ -34.931454908905003, -8.0023612380998 ] } },
{ "type": "Feature", "properties": { "value": "regulatory--maximum-speed-limit-20--g1", "speed": 20 }, "geometry": { "type": "Point", "coordinates": [ -34.918349865486, -8.106919211763101 ] } },
{ "type": "Feature", "properties": { "value": "regulatory--maximum-speed-limit-20--g1", "speed": 20 }, "geometry": { "type": "Point", "coordinates": [ -34.911276352123998, -8.045114051150801 ] } },
{ "type": "Feature", "properties": { "value": "regulatory--maximum-speed-limit-20--g1", "speed": 20 }, "geometry": { "type": "Point", "coordinates": [ -34.937169228572003, -7.9924512298191 ] } },
{ "type": "Feature", "properties": { "value": "regulatory--maximum-speed-limit-20--g1", "speed": 20 }, "geometry": { "type": "Point", "coordinates": [ -34.925820012766998, -8.1063075088397 ] } },
{ "type": "Feature", "properties": { "value": "regulatory--maximum-speed-limit-20--g1", "speed": 20 }, "geometry": { "type": "Point", "coordinates": [ -34.922437468859997, -8.1136828144103 ] } },
{ "type": "Feature", "properties": { "value": "regulatory--maximum-speed-limit-20--g1", "speed": 20 }, "geometry": { "type": "Point", "coordinates": [ -34.921338900636997, -8.1127884090013 ] } },
{ "type": "Feature", "properties": { "value": "regulatory--maximum-speed-limit-20--g1", "speed": 20 }, "geometry": { "type": "Point", "coordinates": [ -34.918047983781001, -8.055400064026401 ] } },
{ "type": "Feature", "properties": { "value": "regulatory--maximum-speed-limit-20--g1", "speed": 20 }, "geometry": { "type": "Point", "coordinates": [ -34.909124912362003, -8.033647365 ] } },
{ "type": "Feature", "properties": { "value": "regulatory--maximum-speed-limit-20--g1", "speed": 20 }, "geometry": { "type": "Point", "coordinates": [ -34.907548900818, -8.040939113372801 ] } },
{ "type": "Feature", "properties": { "value": "regulatory--maximum-speed-limit-20--g1", "speed": 20 }, "geometry": { "type": "Point", "coordinates": [ -34.982600857205, -8.037923595151801 ] } },
{ "type": "Feature", "properties": { "value": "regulatory--maximum-speed-limit-20--g1", "speed": 20 }, "geometry": { "type": "Point", "coordinates": [ -34.921437546886999, -8.0584112855421 ] } },
{ "type": "Feature", "properties": { "value": "regulatory--maximum-speed-limit-20--g1", "speed": 20 }, "geometry": { "type": "Point", "coordinates": [ -34.948123633732997, -8.1331140730131 ] } },
{ "type": "Feature", "properties": { "value": "regulatory--maximum-speed-limit-20--g1", "speed": 20 }, "geometry": { "type": "Point", "coordinates": [ -34.921629225450999, -8.058246430573 ] } },
{ "type": "Feature", "properties": { "value": "regulatory--maximum-speed-limit-20--g1", "speed": 20 }, "geometry": { "type": "Point", "coordinates": [ -34.943023219250001, -8.089407132616101 ] } },
{ "type": "Feature", "properties": { "value": "regulatory--maximum-speed-limit-20--g1", "speed": 20 }, "geometry": { "type": "Point", "coordinates": [ -34.986036715128002, -8.0370322996539 ] } },
{ "type": "Feature", "properties": { "value": "regulatory--maximum-speed-limit-20--g1", "speed": 20 }, "geometry": { "type": "Point", "coordinates": [ -34.950592810083997, -8.0814934678895 ] } },
{ "type": "Feature", "properties": { "value": "regulatory--maximum-speed-limit-20--g1", "speed": 20 }, "geometry": { "type": "Point", "coordinates": [ -34.907027422224999, -8.027536773056999 ] } },
{ "type": "Feature", "properties": { "value": "regulatory--maximum-speed-limit-20--g1", "speed": 20 }, "geometry": { "type": "Point", "coordinates": [ -34.944050687005003, -8.0904226764876 ] } },
{ "type": "Feature", "properties": { "value": "regulatory--maximum-speed-limit-20--g1", "speed": 20 }, "geometry": { "type": "Point", "coordinates": [ -34.918669230972, -8.1064792765214 ] } },
{ "type": "Feature", "properties": { "value": "regulatory--maximum-speed-limit-20--g1", "speed": 20 }, "geometry": { "type": "Point", "coordinates": [ -34.918688675318997, -8.109483675596699 ] } },
{ "type": "Feature", "properties": { "value": "regulatory--maximum-speed-limit-20--g1", "speed": 20 }, "geometry": { "type": "Point", "coordinates": [ -34.947174450471003, -8.1280524643294 ] } },
{ "type": "Feature", "properties": { "value": "regulatory--maximum-speed-limit-20--g1", "speed": 20 }, "geometry": { "type": "Point", "coordinates": [ -34.913446791726003, -8.076322408262699 ] } },
{ "type": "Feature", "properties": { "value": "regulatory--maximum-speed-limit-20--g1", "speed": 20 }, "geometry": { "type": "Point", "coordinates": [ -34.938919332342003, -8.031122694602701 ] } },
{ "type": "Feature", "properties": { "value": "regulatory--maximum-speed-limit-20--g1", "speed": 20 }, "geometry": { "type": "Point", "coordinates": [ -34.880371133548003, -8.036624559953299 ] } },
{ "type": "Feature", "properties": { "value": "regulatory--maximum-speed-limit-20--g1", "speed": 20 }, "geometry": { "type": "Point", "coordinates": [ -34.923855980504001, -8.1151526628377 ] } },
{ "type": "Feature", "properties": { "value": "regulatory--maximum-speed-limit-20--g1", "speed": 20 }, "geometry": { "type": "Point", "coordinates": [ -34.922196458613001, -8.110317713262001 ] } },
{ "type": "Feature", "properties": { "value": "regulatory--maximum-speed-limit-20--g1", "speed": 20 }, "geometry": { "type": "Point", "coordinates": [ -34.921622231275002, -8.114632224128201 ] } },
{ "type": "Feature", "properties": { "value": "regulatory--maximum-speed-limit-20--g1", "speed": 20 }, "geometry": { "type": "Point", "coordinates": [ -34.897915305639998, -8.030365707197101 ] } },
{ "type": "Feature", "properties": { "value": "regulatory--maximum-speed-limit-20--g1", "speed": 20 }, "geometry": { "type": "Point", "coordinates": [ -34.948336992511003, -8.119932368713499 ] } },
{ "type": "Feature", "properties": { "value": "regulatory--maximum-speed-limit-20--g1", "speed": 20 }, "geometry": { "type": "Point", "coordinates": [ -34.929717581733001, -8.055166693043301 ] } },
{ "type": "Feature", "properties": { "value": "regulatory--maximum-speed-limit-20--g1", "speed": 20 }, "geometry": { "type": "Point", "coordinates": [ -34.919382875613998, -7.981052872769 ] } },
{ "type": "Feature", "properties": { "value": "regulatory--maximum-speed-limit-20--g1", "speed": 20 }, "geometry": { "type": "Point", "coordinates": [ -34.920124796023003, -8.0133492525636 ] } },
{ "type": "Feature", "properties": { "value": "regulatory--maximum-speed-limit-20--g1", "speed": 20 }, "geometry": { "type": "Point", "coordinates": [ -34.918673136477999, -8.107284375631901 ] } },
{ "type": "Feature", "properties": { "value": "regulatory--maximum-speed-limit-20--g1", "speed": 20 }, "geometry": { "type": "Point", "coordinates": [ -34.916565446481002, -8.107319428198201 ] } },
{ "type": "Feature", "properties": { "value": "regulatory--maximum-speed-limit-20--g1", "speed": 20 }, "geometry": { "type": "Point", "coordinates": [ -34.919639936015997, -8.1081233022198 ] } },
{ "type": "Feature", "properties": { "value": "regulatory--maximum-speed-limit-20--g1", "speed": 20 }, "geometry": { "type": "Point", "coordinates": [ -34.934743164739999, -8.0684787854529 ] } },
{ "type": "Feature", "properties": { "value": "regulatory--maximum-speed-limit-20--g1", "speed": 20 }, "geometry": { "type": "Point", "coordinates": [ -34.871571557244998, -8.063594732977499 ] } },
{ "type": "Feature", "properties": { "value": "regulatory--maximum-speed-limit-20--g1", "speed": 20 }, "geometry": { "type": "Point", "coordinates": [ -34.927333317294, -8.086508047099001 ] } },
{ "type": "Feature", "properties": { "value": "regulatory--maximum-speed-limit-20--g1", "speed": 20 }, "geometry": { "type": "Point", "coordinates": [ -34.930555025746003, -8.0214084260353 ] } },
{ "type": "Feature", "properties": { "value": "regulatory--maximum-speed-limit-20--g1", "speed": 20 }, "geometry": { "type": "Point", "coordinates": [ -34.919735347837999, -8.0347628092281 ] } },
{ "type": "Feature", "properties": { "value": "regulatory--maximum-speed-limit-20--g1", "speed": 20 }, "geometry": { "type": "Point", "coordinates": [ -34.913629063378998, -8.1425958269528 ] } },
{ "type": "Feature", "properties": { "value": "regulatory--maximum-speed-limit-20--g1", "speed": 20 }, "geometry": { "type": "Point", "coordinates": [ -34.917214571469998, -8.108175829418199 ] } },
{ "type": "Feature", "properties": { "value": "regulatory--maximum-speed-limit-20--g1", "speed": 20 }, "geometry": { "type": "Point", "coordinates": [ -34.906559489247996, -8.133897584397101 ] } },
{ "type": "Feature", "properties": { "value": "regulatory--maximum-speed-limit-20--g1", "speed": 20 }, "geometry": { "type": "Point", "coordinates": [ -34.93824283571, -8.088145160744199 ] } },
{ "type": "Feature", "properties": { "value": "regulatory--maximum-speed-limit-20--g1", "speed": 20 }, "geometry": { "type": "Point", "coordinates": [ -34.919251174115999, -8.0339202744986 ] } },
{ "type": "Feature", "properties": { "value": "regulatory--maximum-speed-limit-20--g1", "speed": 20 }, "geometry": { "type": "Point", "coordinates": [ -34.909387362910003, -8.1082233347068 ] } },
{ "type": "Feature", "properties": { "value": "regulatory--maximum-speed-limit-20--g1", "speed": 20 }, "geometry": { "type": "Point", "coordinates": [ -34.928003617941997, -8.042005057764699 ] } },
{ "type": "Feature", "properties": { "value": "regulatory--maximum-speed-limit-20--g1", "speed": 20 }, "geometry": { "type": "Point", "coordinates": [ -34.939592557005, -7.9940315636876 ] } },
{ "type": "Feature", "properties": { "value": "regulatory--maximum-speed-limit-20--g1", "speed": 20 }, "geometry": { "type": "Point", "coordinates": [ -34.916094665251002, -8.1078061347686 ] } },
{ "type": "Feature", "properties": { "value": "regulatory--maximum-speed-limit-20--g1", "speed": 20 }, "geometry": { "type": "Point", "coordinates": [ -34.896396470657997, -8.028691663305599 ] } },
{ "type": "Feature", "properties": { "value": "regulatory--maximum-speed-limit-20--g1", "speed": 20 }, "geometry": { "type": "Point", "coordinates": [ -34.885335116891, -8.0199700402323 ] } },
{ "type": "Feature", "properties": { "value": "regulatory--maximum-speed-limit-20--g1", "speed": 20 }, "geometry": { "type": "Point", "coordinates": [ -34.920394927079002, -8.054252650566401 ] } },
{ "type": "Feature", "properties": { "value": "regulatory--maximum-speed-limit-20--g1", "speed": 20 }, "geometry": { "type": "Point", "coordinates": [ -34.970118180442, -8.0818636929724 ] } },
{ "type": "Feature", "properties": { "value": "regulatory--maximum-speed-limit-20--g1", "speed": 20 }, "geometry": { "type": "Point", "coordinates": [ -34.938488100599997, -8.0874557141886 ] } },
{ "type": "Feature", "properties": { "value": "regulatory--maximum-speed-limit-20--g1", "speed": 20 }, "geometry": { "type": "Point", "coordinates": [ -34.891905066722998, -8.086407306453999 ] } },
{ "type": "Feature", "properties": { "value": "regulatory--maximum-speed-limit-20--g1", "speed": 20 }, "geometry": { "type": "Point", "coordinates": [ -34.893362095630998, -8.085737586805701 ] } },
{ "type": "Feature", "properties": { "value": "regulatory--maximum-speed-limit-20--g1", "speed": 20 }, "geometry": { "type": "Point", "coordinates": [ -34.892980650414998, -8.085907554967401 ] } },
{ "type": "Feature", "properties": { "value": "regulatory--maximum-speed-limit-20--g1", "speed": 20 }, "geometry": { "type": "Point", "coordinates": [ -34.920616752073997, -8.013500477894899 ] } },
{ "type": "Feature", "properties": { "value": "regulatory--maximum-speed-limit-20--g1", "speed": 20 }, "geometry": { "type": "Point", "coordinates": [ -34.913142176813999, -8.0240589088048 ] } },
{ "type": "Feature", "properties": { "value": "regulatory--maximum-speed-limit-20--g1", "speed": 20 }, "geometry": { "type": "Point", "coordinates": [ -34.989191405679001, -8.039480096473 ] } },
{ "type": "Feature", "properties": { "value": "regulatory--maximum-speed-limit-20--g1", "speed": 20 }, "geometry": { "type": "Point", "coordinates": [ -34.921292744525999, -8.012465522288601 ] } },
{ "type": "Feature", "properties": { "value": "regulatory--maximum-speed-limit-20--g1", "speed": 20 }, "geometry": { "type": "Point", "coordinates": [ -34.985125447626999, -8.0374576506783 ] } },
{ "type": "Feature", "properties": { "value": "regulatory--maximum-speed-limit-20--g1", "speed": 20 }, "geometry": { "type": "Point", "coordinates": [ -34.983777137299001, -8.0380186835097 ] } },
{ "type": "Feature", "properties": { "value": "regulatory--maximum-speed-limit-20--g1", "speed": 20 }, "geometry": { "type": "Point", "coordinates": [ -34.92592843389, -8.110881379892501 ] } },
{ "type": "Feature", "properties": { "value": "regulatory--maximum-speed-limit-20--g1", "speed": 20 }, "geometry": { "type": "Point", "coordinates": [ -34.915439993703004, -8.0559738269463 ] } },
{ "type": "Feature", "properties": { "value": "regulatory--maximum-speed-limit-20--g1", "speed": 20 }, "geometry": { "type": "Point", "coordinates": [ -34.899020884473998, -8.022579772754 ] } },
{ "type": "Feature", "properties": { "value": "regulatory--maximum-speed-limit-20--g1", "speed": 20 }, "geometry": { "type": "Point", "coordinates": [ -34.912308468776999, -8.045498262362999 ] } },
{ "type": "Feature", "properties": { "value": "regulatory--maximum-speed-limit-20--g1", "speed": 20 }, "geometry": { "type": "Point", "coordinates": [ -34.921396654633, -8.050451203003 ] } },
{ "type": "Feature", "properties": { "value": "regulatory--maximum-speed-limit-20--g1", "speed": 20 }, "geometry": { "type": "Point", "coordinates": [ -34.921885466054, -8.050205098649 ] } },
{ "type": "Feature", "properties": { "value": "regulatory--maximum-speed-limit-20--g1", "speed": 20 }, "geometry": { "type": "Point", "coordinates": [ -34.900273347804998, -8.0419241709359 ] } },
{ "type": "Feature", "properties": { "value": "regulatory--maximum-speed-limit-20--g1", "speed": 20 }, "geometry": { "type": "Point", "coordinates": [ -34.909222248672002, -8.0337781503596 ] } },
{ "type": "Feature", "properties": { "value": "regulatory--maximum-speed-limit-20--g1", "speed": 20 }, "geometry": { "type": "Point", "coordinates": [ -34.943075289619998, -8.093746625702799 ] } },
{ "type": "Feature", "properties": { "value": "regulatory--maximum-speed-limit-20--g1", "speed": 20 }, "geometry": { "type": "Point", "coordinates": [ -34.919497377505003, -8.1054987211512 ] } },
{ "type": "Feature", "properties": { "value": "regulatory--maximum-speed-limit-20--g1", "speed": 20 }, "geometry": { "type": "Point", "coordinates": [ -34.896966097754003, -8.029103378637901 ] } },
{ "type": "Feature", "properties": { "value": "regulatory--maximum-speed-limit-20--g1", "speed": 20 }, "geometry": { "type": "Point", "coordinates": [ -34.90808663504, -8.042178304679201 ] } },
{ "type": "Feature", "properties": { "value": "regulatory--maximum-speed-limit-20--g1", "speed": 20 }, "geometry": { "type": "Point", "coordinates": [ -34.919739914674999, -8.034631682800899 ] } },
{ "type": "Feature", "properties": { "value": "regulatory--maximum-speed-limit-20--g1", "speed": 20 }, "geometry": { "type": "Point", "coordinates": [ -34.917453388989003, -8.0449922488206 ] } },
{ "type": "Feature", "properties": { "value": "regulatory--maximum-speed-limit-20--g1", "speed": 20 }, "geometry": { "type": "Point", "coordinates": [ -34.898153221785002, -8.0306455938602 ] } },
{ "type": "Feature", "properties": { "value": "regulatory--maximum-speed-limit-20--g1", "speed": 20 }, "geometry": { "type": "Point", "coordinates": [ -34.897540189956999, -8.0298214774458 ] } },
{ "type": "Feature", "properties": { "value": "regulatory--maximum-speed-limit-20--g1", "speed": 20 }, "geometry": { "type": "Point", "coordinates": [ -34.914552873440002, -8.0404031318108 ] } },
{ "type": "Feature", "properties": { "value": "regulatory--maximum-speed-limit-20--g1", "speed": 20 }, "geometry": { "type": "Point", "coordinates": [ -34.894262398724997, -8.0847256164573 ] } },
{ "type": "Feature", "properties": { "value": "regulatory--maximum-speed-limit-20--g1", "speed": 20 }, "geometry": { "type": "Point", "coordinates": [ -34.919011905940003, -8.1090452915111 ] } },
{ "type": "Feature", "properties": { "value": "regulatory--maximum-speed-limit-20--g1", "speed": 20 }, "geometry": { "type": "Point", "coordinates": [ -34.948492971126001, -8.120058992453099 ] } },
{ "type": "Feature", "properties": { "value": "regulatory--maximum-speed-limit-20--g1", "speed": 20 }, "geometry": { "type": "Point", "coordinates": [ -34.884211854878998, -8.089041552364 ] } },
{ "type": "Feature", "properties": { "value": "regulatory--maximum-speed-limit-20--g1", "speed": 20 }, "geometry": { "type": "Point", "coordinates": [ -34.912809168711, -8.0448346067479 ] } },
{ "type": "Feature", "properties": { "value": "regulatory--maximum-speed-limit-20--g1", "speed": 20 }, "geometry": { "type": "Point", "coordinates": [ -34.900705416127998, -8.028709232708 ] } },
{ "type": "Feature", "properties": { "value": "regulatory--maximum-speed-limit-20--g1", "speed": 20 }, "geometry": { "type": "Point", "coordinates": [ -34.921511100742997, -8.1147004960493 ] } },
{ "type": "Feature", "properties": { "value": "regulatory--maximum-speed-limit-20--g1", "speed": 20 }, "geometry": { "type": "Point", "coordinates": [ -34.890028742626001, -8.1102428836721 ] } },
{ "type": "Feature", "properties": { "value": "regulatory--maximum-speed-limit-20--g1", "speed": 20 }, "geometry": { "type": "Point", "coordinates": [ -34.901920132664998, -8.117339725736599 ] } },
{ "type": "Feature", "properties": { "value": "regulatory--maximum-speed-limit-20--g1", "speed": 20 }, "geometry": { "type": "Point", "coordinates": [ -34.989645221259003, -8.0396386518753 ] } }
]
}
