id,name,state,full_state,rmr
1100015,Alta Floresta D'Oeste,RO,Rondônia,false
1100379,Alto Alegre dos Parecis,RO,Rondônia,false
1100403,Alto Paraíso,RO,Rondônia,false
1100346,Alvorada D'Oeste,RO,Rondônia,false
1100023,Ariquemes,RO,Rondônia,false
1100452,Buritis,RO,Rondônia,false
1100031,Cabixi,RO,Rondônia,false
1100601,Cacaulândia,RO,Rondônia,false
1100049,Cacoal,RO,Rondônia,false
1100700,Campo Novo de Rondônia,RO,Rondônia,false
1100809,Candeias do Jamari,RO,Rondônia,false
1100908,Castanheiras,RO,Rondônia,false
1100056,Cerejeiras,RO,Rondônia,false
1100924,Chupinguaia,RO,Rondônia,false
1100064,Colorado do Oeste,RO,Rondônia,false
1100072,Corumbiara,RO,Rondônia,false
1100080,Costa Marques,RO,Rondônia,false
1100940,Cujubim,RO,Rondônia,false
1100098,Espigão D'Oeste,RO,Rondônia,false
1101005,Governador Jorge Teixeira,RO,Rondônia,false
1100106,Guajará-Mirim,RO,Rondônia,false
1101104,Itapuã do Oeste,RO,Rondônia,false
1100114,Jaru,RO,Rondônia,false
1100122,Ji-Paraná,RO,Rondônia,false
1100130,Machadinho D'Oeste,RO,Rondônia,false
1101203,Ministro Andreazza,RO,Rondônia,false
1101302,Mirante da Serra,RO,Rondônia,false
1101401,Monte Negro,RO,Rondônia,false
1100148,Nova Brasilândia D'Oeste,RO,Rondônia,false
1100338,Nova Mamoré,RO,Rondônia,false
1101435,Nova União,RO,Rondônia,false
1100502,Novo Horizonte do Oeste,RO,Rondônia,false
1100155,Ouro Preto do Oeste,RO,Rondônia,false
1101450,Parecis,RO,Rondônia,false
1100189,Pimenta Bueno,RO,Rondônia,false
1101468,Pimenteiras do Oeste,RO,Rondônia,false
1100205,Porto Velho,RO,Rondônia,false
1100254,Presidente Médici,RO,Rondônia,false
1101476,Primavera de Rondônia,RO,Rondônia,false
1100262,Rio Crespo,RO,Rondônia,false
1100288,Rolim de Moura,RO,Rondônia,false
1100296,Santa Luzia D'Oeste,RO,Rondônia,false
1101484,São Felipe D'Oeste,RO,Rondônia,false
1101492,São Francisco do Guaporé,RO,Rondônia,false
1100320,São Miguel do Guaporé,RO,Rondônia,false
1101500,Seringueiras,RO,Rondônia,false
1101559,Teixeirópolis,RO,Rondônia,false
1101609,Theobroma,RO,Rondônia,false
1101708,Urupá,RO,Rondônia,false
1101757,Vale do Anari,RO,Rondônia,false
1101807,Vale do Paraíso,RO,Rondônia,false
1100304,Vilhena,RO,Rondônia,false
1200013,Acrelândia,AC,Acre,false
1200054,Assis Brasil,AC,Acre,false
1200104,Brasiléia,AC,Acre,false
1200138,Bujari,AC,Acre,false
1200179,Capixaba,AC,Acre,false
1200203,Cruzeiro do Sul,AC,Acre,false
1200252,Epitaciolândia,AC,Acre,false
1200302,Feijó,AC,Acre,false
1200328,Jordão,AC,Acre,false
1200336,Mâncio Lima,AC,Acre,false
1200344,Manoel Urbano,AC,Acre,false
1200351,Marechal Thaumaturgo,AC,Acre,false
1200385,Plácido de Castro,AC,Acre,false
1200807,Porto Acre,AC,Acre,false
1200393,Porto Walter,AC,Acre,false
1200401,Rio Branco,AC,Acre,false
1200427,Rodrigues Alves,AC,Acre,false
1200435,Santa Rosa do Purus,AC,Acre,false
1200500,Sena Madureira,AC,Acre,false
1200450,Senador Guiomard,AC,Acre,false
1200609,Tarauacá,AC,Acre,false
1200708,Xapuri,AC,Acre,false
1300029,Alvarães,AM,Amazonas,false
1300060,Amaturá,AM,Amazonas,false
1300086,Anamã,AM,Amazonas,false
1300102,Anori,AM,Amazonas,false
1300144,Apuí,AM,Amazonas,false
1300201,Atalaia do Norte,AM,Amazonas,false
1300300,Autazes,AM,Amazonas,false
1300409,Barcelos,AM,Amazonas,false
1300508,Barreirinha,AM,Amazonas,false
1300607,Benjamin Constant,AM,Amazonas,false
1300631,Beruri,AM,Amazonas,false
1300680,Boa Vista do Ramos,AM,Amazonas,false
1300706,Boca do Acre,AM,Amazonas,false
1300805,Borba,AM,Amazonas,false
1300839,Caapiranga,AM,Amazonas,false
1300904,Canutama,AM,Amazonas,false
1301001,Carauari,AM,Amazonas,false
1301100,Careiro,AM,Amazonas,false
1301159,Careiro da Várzea,AM,Amazonas,false
1301209,Coari,AM,Amazonas,false
1301308,Codajás,AM,Amazonas,false
1301407,Eirunepé,AM,Amazonas,false
1301506,Envira,AM,Amazonas,false
1301605,Fonte Boa,AM,Amazonas,false
1301654,Guajará,AM,Amazonas,false
1301704,Humaitá,AM,Amazonas,false
1301803,Ipixuna,AM,Amazonas,false
1301852,Iranduba,AM,Amazonas,false
1301902,Itacoatiara,AM,Amazonas,false
1301951,Itamarati,AM,Amazonas,false
1302009,Itapiranga,AM,Amazonas,false
1302108,Japurá,AM,Amazonas,false
1302207,Juruá,AM,Amazonas,false
1302306,Jutaí,AM,Amazonas,false
1302405,Lábrea,AM,Amazonas,false
1302504,Manacapuru,AM,Amazonas,false
1302553,Manaquiri,AM,Amazonas,false
1302603,Manaus,AM,Amazonas,false
1302702,Manicoré,AM,Amazonas,false
1302801,Maraã,AM,Amazonas,false
1302900,Maués,AM,Amazonas,false
1303007,Nhamundá,AM,Amazonas,false
1303106,Nova Olinda do Norte,AM,Amazonas,false
1303205,Novo Airão,AM,Amazonas,false
1303304,Novo Aripuanã,AM,Amazonas,false
1303403,Parintins,AM,Amazonas,false
1303502,Pauini,AM,Amazonas,false
1303536,Presidente Figueiredo,AM,Amazonas,false
1303569,Rio Preto da Eva,AM,Amazonas,false
1303601,Santa Isabel do Rio Negro,AM,Amazonas,false
1303700,Santo Antônio do Içá,AM,Amazonas,false
1303809,São Gabriel da Cachoeira,AM,Amazonas,false
1303908,São Paulo de Olivença,AM,Amazonas,false
1303957,São Sebastião do Uatumã,AM,Amazonas,false
1304005,Silves,AM,Amazonas,false
1304062,Tabatinga,AM,Amazonas,false
1304104,Tapauá,AM,Amazonas,false
1304203,Tefé,AM,Amazonas,false
1304237,Tonantins,AM,Amazonas,false
1304260,Uarini,AM,Amazonas,false
1304302,Urucará,AM,Amazonas,false
1304401,Urucurituba,AM,Amazonas,false
1400050,Alto Alegre,RR,Roraima,false
1400027,Amajari,RR,Roraima,false
1400100,Boa Vista,RR,Roraima,false
1400159,Bonfim,RR,Roraima,false
1400175,Cantá,RR,Roraima,false
1400209,Caracaraí,RR,Roraima,false
1400233,Caroebe,RR,Roraima,false
1400282,Iracema,RR,Roraima,false
1400308,Mucajaí,RR,Roraima,false
1400407,Normandia,RR,Roraima,false
1400456,Pacaraima,RR,Roraima,false
1400472,Rorainópolis,RR,Roraima,false
1400506,São João da Baliza,RR,Roraima,false
1400605,São Luiz,RR,Roraima,false
1400704,Uiramutã,RR,Roraima,false
1500107,Abaetetuba,PA,Pará,false
1500131,Abel Figueiredo,PA,Pará,false
1500206,Acará,PA,Pará,false
1500305,Afuá,PA,Pará,false
1500347,Água Azul do Norte,PA,Pará,false
1500404,Alenquer,PA,Pará,false
1500503,Almeirim,PA,Pará,false
1500602,Altamira,PA,Pará,false
1500701,Anajás,PA,Pará,false
1500800,Ananindeua,PA,Pará,false
1500859,Anapu,PA,Pará,false
1500909,Augusto Corrêa,PA,Pará,false
1500958,Aurora do Pará,PA,Pará,false
1501006,Aveiro,PA,Pará,false
1501105,Bagre,PA,Pará,false
1501204,Baião,PA,Pará,false
1501253,Bannach,PA,Pará,false
1501303,Barcarena,PA,Pará,false
1501402,Belém,PA,Pará,false
1501451,Belterra,PA,Pará,false
1501501,Benevides,PA,Pará,false
1501576,Bom Jesus do Tocantins,PA,Pará,false
1501600,Bonito,PA,Pará,false
1501709,Bragança,PA,Pará,false
1501725,Brasil Novo,PA,Pará,false
1501758,Brejo Grande do Araguaia,PA,Pará,false
1501782,Breu Branco,PA,Pará,false
1501808,Breves,PA,Pará,false
1501907,Bujaru,PA,Pará,false
1502004,Cachoeira do Arari,PA,Pará,false
1501956,Cachoeira do Piriá,PA,Pará,false
1502103,Cametá,PA,Pará,false
1502152,Canaã dos Carajás,PA,Pará,false
1502202,Capanema,PA,Pará,false
1502301,Capitão Poço,PA,Pará,false
1502400,Castanhal,PA,Pará,false
1502509,Chaves,PA,Pará,false
1502608,Colares,PA,Pará,false
1502707,Conceição do Araguaia,PA,Pará,false
1502756,Concórdia do Pará,PA,Pará,false
1502764,Cumaru do Norte,PA,Pará,false
1502772,Curionópolis,PA,Pará,false
1502806,Curralinho,PA,Pará,false
1502855,Curuá,PA,Pará,false
1502905,Curuçá,PA,Pará,false
1502939,Dom Eliseu,PA,Pará,false
1502954,Eldorado do Carajás,PA,Pará,false
1503002,Faro,PA,Pará,false
1503044,Floresta do Araguaia,PA,Pará,false
1503077,Garrafão do Norte,PA,Pará,false
1503093,Goianésia do Pará,PA,Pará,false
1503101,Gurupá,PA,Pará,false
1503200,Igarapé-Açu,PA,Pará,false
1503309,Igarapé-Miri,PA,Pará,false
1503408,Inhangapi,PA,Pará,false
1503457,Ipixuna do Pará,PA,Pará,false
1503507,Irituia,PA,Pará,false
1503606,Itaituba,PA,Pará,false
1503705,Itupiranga,PA,Pará,false
1503754,Jacareacanga,PA,Pará,false
1503804,Jacundá,PA,Pará,false
1503903,Juruti,PA,Pará,false
1504000,Limoeiro do Ajuru,PA,Pará,false
1504059,Mãe do Rio,PA,Pará,false
1504109,Magalhães Barata,PA,Pará,false
1504208,Marabá,PA,Pará,false
1504307,Maracanã,PA,Pará,false
1504406,Marapanim,PA,Pará,false
1504422,Marituba,PA,Pará,false
1504455,Medicilândia,PA,Pará,false
1504505,Melgaço,PA,Pará,false
1504604,Mocajuba,PA,Pará,false
1504703,Moju,PA,Pará,false
1504752,Mojuí dos Campos,PA,Pará,false
1504802,Monte Alegre,PA,Pará,false
1504901,Muaná,PA,Pará,false
1504950,Nova Esperança do Piriá,PA,Pará,false
1504976,Nova Ipixuna,PA,Pará,false
1505007,Nova Timboteua,PA,Pará,false
1505031,Novo Progresso,PA,Pará,false
1505064,Novo Repartimento,PA,Pará,false
1505106,Óbidos,PA,Pará,false
1505205,Oeiras do Pará,PA,Pará,false
1505304,Oriximiná,PA,Pará,false
1505403,Ourém,PA,Pará,false
1505437,Ourilândia do Norte,PA,Pará,false
1505486,Pacajá,PA,Pará,false
1505494,Palestina do Pará,PA,Pará,false
1505502,Paragominas,PA,Pará,false
1505536,Parauapebas,PA,Pará,false
1505551,Pau D'Arco,PA,Pará,false
1505601,Peixe-Boi,PA,Pará,false
1505635,Piçarra,PA,Pará,false
1505650,Placas,PA,Pará,false
1505700,Ponta de Pedras,PA,Pará,false
1505809,Portel,PA,Pará,false
1505908,Porto de Moz,PA,Pará,false
1506005,Prainha,PA,Pará,false
1506104,Primavera,PA,Pará,false
1506112,Quatipuru,PA,Pará,false
1506138,Redenção,PA,Pará,false
1506161,Rio Maria,PA,Pará,false
1506187,Rondon do Pará,PA,Pará,false
1506195,Rurópolis,PA,Pará,false
1506203,Salinópolis,PA,Pará,false
1506302,Salvaterra,PA,Pará,false
1506351,Santa Bárbara do Pará,PA,Pará,false
1506401,Santa Cruz do Arari,PA,Pará,false
1506500,Santa Izabel do Pará,PA,Pará,false
1506559,Santa Luzia do Pará,PA,Pará,false
1506583,Santa Maria das Barreiras,PA,Pará,false
1506609,Santa Maria do Pará,PA,Pará,false
1506708,Santana do Araguaia,PA,Pará,false
1506807,Santarém,PA,Pará,false
1506906,Santarém Novo,PA,Pará,false
1507003,Santo Antônio do Tauá,PA,Pará,false
1507102,São Caetano de Odivelas,PA,Pará,false
1507151,São Domingos do Araguaia,PA,Pará,false
1507201,São Domingos do Capim,PA,Pará,false
1507300,São Félix do Xingu,PA,Pará,false
1507409,São Francisco do Pará,PA,Pará,false
1507458,São Geraldo do Araguaia,PA,Pará,false
1507466,São João da Ponta,PA,Pará,false
1507474,São João de Pirabas,PA,Pará,false
1507508,São João do Araguaia,PA,Pará,false
1507607,São Miguel do Guamá,PA,Pará,false
1507706,São Sebastião da Boa Vista,PA,Pará,false
1507755,Sapucaia,PA,Pará,false
1507805,Senador José Porfírio,PA,Pará,false
1507904,Soure,PA,Pará,false
1507953,Tailândia,PA,Pará,false
1507961,Terra Alta,PA,Pará,false
1507979,Terra Santa,PA,Pará,false
1508001,Tomé-Açu,PA,Pará,false
1508035,Tracuateua,PA,Pará,false
1508050,Trairão,PA,Pará,false
1508084,Tucumã,PA,Pará,false
1508100,Tucuruí,PA,Pará,false
1508126,Ulianópolis,PA,Pará,false
1508159,Uruará,PA,Pará,false
1508209,Vigia,PA,Pará,false
1508308,Viseu,PA,Pará,false
1508357,Vitória do Xingu,PA,Pará,false
1508407,Xinguara,PA,Pará,false
1600105,Amapá,AP,Amapá,false
1600204,Calçoene,AP,Amapá,false
1600212,Cutias,AP,Amapá,false
1600238,Ferreira Gomes,AP,Amapá,false
1600253,Itaubal,AP,Amapá,false
1600279,Laranjal do Jari,AP,Amapá,false
1600303,Macapá,AP,Amapá,false
1600402,Mazagão,AP,Amapá,false
1600501,Oiapoque,AP,Amapá,false
1600154,Pedra Branca do Amapari,AP,Amapá,false
1600535,Porto Grande,AP,Amapá,false
1600550,Pracuúba,AP,Amapá,false
1600600,Santana,AP,Amapá,false
1600055,Serra do Navio,AP,Amapá,false
1600709,Tartarugalzinho,AP,Amapá,false
1600808,Vitória do Jari,AP,Amapá,false
1700251,Abreulândia,TO,Tocantins,false
1700301,Aguiarnópolis,TO,Tocantins,false
1700350,Aliança do Tocantins,TO,Tocantins,false
1700400,Almas,TO,Tocantins,false
1700707,Alvorada,TO,Tocantins,false
1701002,Ananás,TO,Tocantins,false
1701051,Angico,TO,Tocantins,false
1701101,Aparecida do Rio Negro,TO,Tocantins,false
1701309,Aragominas,TO,Tocantins,false
1701903,Araguacema,TO,Tocantins,false
1702000,Araguaçu,TO,Tocantins,false
1702109,Araguaína,TO,Tocantins,false
1702158,Araguanã,TO,Tocantins,false
1702208,Araguatins,TO,Tocantins,false
1702307,Arapoema,TO,Tocantins,false
1702406,Arraias,TO,Tocantins,false
1702554,Augustinópolis,TO,Tocantins,false
1702703,Aurora do Tocantins,TO,Tocantins,false
1702901,Axixá do Tocantins,TO,Tocantins,false
1703008,Babaçulândia,TO,Tocantins,false
1703057,Bandeirantes do Tocantins,TO,Tocantins,false
1703073,Barra do Ouro,TO,Tocantins,false
1703107,Barrolândia,TO,Tocantins,false
1703206,Bernardo Sayão,TO,Tocantins,false
1703305,Bom Jesus do Tocantins,TO,Tocantins,false
1703602,Brasilândia do Tocantins,TO,Tocantins,false
1703701,Brejinho de Nazaré,TO,Tocantins,false
1703800,Buriti do Tocantins,TO,Tocantins,false
1703826,Cachoeirinha,TO,Tocantins,false
1703842,Campos Lindos,TO,Tocantins,false
1703867,Cariri do Tocantins,TO,Tocantins,false
1703883,Carmolândia,TO,Tocantins,false
1703891,Carrasco Bonito,TO,Tocantins,false
1703909,Caseara,TO,Tocantins,false
1704105,Centenário,TO,Tocantins,false
1705102,Chapada da Natividade,TO,Tocantins,false
1704600,Chapada de Areia,TO,Tocantins,false
1705508,Colinas do Tocantins,TO,Tocantins,false
1716703,Colméia,TO,Tocantins,false
1705557,Combinado,TO,Tocantins,false
1705607,Conceição do Tocantins,TO,Tocantins,false
1706001,Couto Magalhães,TO,Tocantins,false
1706100,Cristalândia,TO,Tocantins,false
1706258,Crixás do Tocantins,TO,Tocantins,false
1706506,Darcinópolis,TO,Tocantins,false
1707009,Dianópolis,TO,Tocantins,false
1707108,Divinópolis do Tocantins,TO,Tocantins,false
1707207,Dois Irmãos do Tocantins,TO,Tocantins,false
1707306,Dueré,TO,Tocantins,false
1707405,Esperantina,TO,Tocantins,false
1707553,Fátima,TO,Tocantins,false
1707652,Figueirópolis,TO,Tocantins,false
1707702,Filadélfia,TO,Tocantins,false
1708205,Formoso do Araguaia,TO,Tocantins,false
1708304,Goianorte,TO,Tocantins,false
1709005,Goiatins,TO,Tocantins,false
1709302,Guaraí,TO,Tocantins,false
1709500,Gurupi,TO,Tocantins,false
1709807,Ipueiras,TO,Tocantins,false
1710508,Itacajá,TO,Tocantins,false
1710706,Itaguatins,TO,Tocantins,false
1710904,Itapiratins,TO,Tocantins,false
1711100,Itaporã do Tocantins,TO,Tocantins,false
1711506,Jaú do Tocantins,TO,Tocantins,false
1711803,Juarina,TO,Tocantins,false
1711902,Lagoa da Confusão,TO,Tocantins,false
1711951,Lagoa do Tocantins,TO,Tocantins,false
1712009,Lajeado,TO,Tocantins,false
1712157,Lavandeira,TO,Tocantins,false
1712405,Lizarda,TO,Tocantins,false
1712454,Luzinópolis,TO,Tocantins,false
1712504,Marianópolis do Tocantins,TO,Tocantins,false
1712702,Mateiros,TO,Tocantins,false
1712801,Maurilândia do Tocantins,TO,Tocantins,false
1713205,Miracema do Tocantins,TO,Tocantins,false
1713304,Miranorte,TO,Tocantins,false
1713601,Monte do Carmo,TO,Tocantins,false
1713700,Monte Santo do Tocantins,TO,Tocantins,false
1713957,Muricilândia,TO,Tocantins,false
1714203,Natividade,TO,Tocantins,false
1714302,Nazaré,TO,Tocantins,false
1714880,Nova Olinda,TO,Tocantins,false
1715002,Nova Rosalândia,TO,Tocantins,false
1715101,Novo Acordo,TO,Tocantins,false
1715150,Novo Alegre,TO,Tocantins,false
1715259,Novo Jardim,TO,Tocantins,false
1715507,Oliveira de Fátima,TO,Tocantins,false
1721000,Palmas,TO,Tocantins,false
1715705,Palmeirante,TO,Tocantins,false
1713809,Palmeiras do Tocantins,TO,Tocantins,false
1715754,Palmeirópolis,TO,Tocantins,false
1716109,Paraíso do Tocantins,TO,Tocantins,false
1716208,Paranã,TO,Tocantins,false
1716307,Pau D'Arco,TO,Tocantins,false
1716505,Pedro Afonso,TO,Tocantins,false
1716604,Peixe,TO,Tocantins,false
1716653,Pequizeiro,TO,Tocantins,false
1717008,Pindorama do Tocantins,TO,Tocantins,false
1717206,Piraquê,TO,Tocantins,false
1717503,Pium,TO,Tocantins,false
1717800,Ponte Alta do Bom Jesus,TO,Tocantins,false
1717909,Ponte Alta do Tocantins,TO,Tocantins,false
1718006,Porto Alegre do Tocantins,TO,Tocantins,false
1718204,Porto Nacional,TO,Tocantins,false
1718303,Praia Norte,TO,Tocantins,false
1718402,Presidente Kennedy,TO,Tocantins,false
1718451,Pugmil,TO,Tocantins,false
1718501,Recursolândia,TO,Tocantins,false
1718550,Riachinho,TO,Tocantins,false
1718659,Rio da Conceição,TO,Tocantins,false
1718709,Rio dos Bois,TO,Tocantins,false
1718758,Rio Sono,TO,Tocantins,false
1718808,Sampaio,TO,Tocantins,false
1718840,Sandolândia,TO,Tocantins,false
1718865,Santa Fé do Araguaia,TO,Tocantins,false
1718881,Santa Maria do Tocantins,TO,Tocantins,false
1718899,Santa Rita do Tocantins,TO,Tocantins,false
1718907,Santa Rosa do Tocantins,TO,Tocantins,false
1719004,Santa Tereza do Tocantins,TO,Tocantins,false
1720002,Santa Terezinha do Tocantins,TO,Tocantins,false
1720101,São Bento do Tocantins,TO,Tocantins,false
1720150,São Félix do Tocantins,TO,Tocantins,false
1720200,São Miguel do Tocantins,TO,Tocantins,false
1720259,São Salvador do Tocantins,TO,Tocantins,false
1720309,São Sebastião do Tocantins,TO,Tocantins,false
1720499,São Valério,TO,Tocantins,false
1720655,Silvanópolis,TO,Tocantins,false
1720804,Sítio Novo do Tocantins,TO,Tocantins,false
1720853,Sucupira,TO,Tocantins,false
1708254,Tabocão,TO,Tocantins,false
1720903,Taguatinga,TO,Tocantins,false
1720937,Taipas do Tocantins,TO,Tocantins,false
1720978,Talismã,TO,Tocantins,false
1721109,Tocantínia,TO,Tocantins,false
1721208,Tocantinópolis,TO,Tocantins,false
1721257,Tupirama,TO,Tocantins,false
1721307,Tupiratins,TO,Tocantins,false
1722081,Wanderlândia,TO,Tocantins,false
1722107,Xambioá,TO,Tocantins,false
2100055,Açailândia,MA,Maranhão,false
2100105,Afonso Cunha,MA,Maranhão,false
2100154,Água Doce do Maranhão,MA,Maranhão,false
2100204,Alcântara,MA,Maranhão,false
2100303,Aldeias Altas,MA,Maranhão,false
2100402,Altamira do Maranhão,MA,Maranhão,false
2100436,Alto Alegre do Maranhão,MA,Maranhão,false
2100477,Alto Alegre do Pindaré,MA,Maranhão,false
2100501,Alto Parnaíba,MA,Maranhão,false
2100550,Amapá do Maranhão,MA,Maranhão,false
2100600,Amarante do Maranhão,MA,Maranhão,false
2100709,Anajatuba,MA,Maranhão,false
2100808,Anapurus,MA,Maranhão,false
2100832,Apicum-Açu,MA,Maranhão,false
2100873,Araguanã,MA,Maranhão,false
2100907,Araioses,MA,Maranhão,false
2100956,Arame,MA,Maranhão,false
2101004,Arari,MA,Maranhão,false
2101103,Axixá,MA,Maranhão,false
2101202,Bacabal,MA,Maranhão,false
2101251,Bacabeira,MA,Maranhão,false
2101301,Bacuri,MA,Maranhão,false
2101350,Bacurituba,MA,Maranhão,false
2101400,Balsas,MA,Maranhão,false
2101509,Barão de Grajaú,MA,Maranhão,false
2101608,Barra do Corda,MA,Maranhão,false
2101707,Barreirinhas,MA,Maranhão,false
2101772,Bela Vista do Maranhão,MA,Maranhão,false
2101731,Belágua,MA,Maranhão,false
2101806,Benedito Leite,MA,Maranhão,false
2101905,Bequimão,MA,Maranhão,false
2101939,Bernardo do Mearim,MA,Maranhão,false
2101970,Boa Vista do Gurupi,MA,Maranhão,false
2102002,Bom Jardim,MA,Maranhão,false
2102036,Bom Jesus das Selvas,MA,Maranhão,false
2102077,Bom Lugar,MA,Maranhão,false
2102101,Brejo,MA,Maranhão,false
2102150,Brejo de Areia,MA,Maranhão,false
2102200,Buriti,MA,Maranhão,false
2102309,Buriti Bravo,MA,Maranhão,false
2102325,Buriticupu,MA,Maranhão,false
2102358,Buritirana,MA,Maranhão,false
2102374,Cachoeira Grande,MA,Maranhão,false
2102408,Cajapió,MA,Maranhão,false
2102507,Cajari,MA,Maranhão,false
2102556,Campestre do Maranhão,MA,Maranhão,false
2102606,Cândido Mendes,MA,Maranhão,false
2102705,Cantanhede,MA,Maranhão,false
2102754,Capinzal do Norte,MA,Maranhão,false
2102804,Carolina,MA,Maranhão,false
2102903,Carutapera,MA,Maranhão,false
2103000,Caxias,MA,Maranhão,false
2103109,Cedral,MA,Maranhão,false
2103125,Central do Maranhão,MA,Maranhão,false
2103158,Centro do Guilherme,MA,Maranhão,false
2103174,Centro Novo do Maranhão,MA,Maranhão,false
2103208,Chapadinha,MA,Maranhão,false
2103257,Cidelândia,MA,Maranhão,false
2103307,Codó,MA,Maranhão,false
2103406,Coelho Neto,MA,Maranhão,false
2103505,Colinas,MA,Maranhão,false
2103554,Conceição do Lago-Açu,MA,Maranhão,false
2103604,Coroatá,MA,Maranhão,false
2103703,Cururupu,MA,Maranhão,false
2103752,Davinópolis,MA,Maranhão,false
2103802,Dom Pedro,MA,Maranhão,false
2103901,Duque Bacelar,MA,Maranhão,false
2104008,Esperantinópolis,MA,Maranhão,false
2104057,Estreito,MA,Maranhão,false
2104073,Feira Nova do Maranhão,MA,Maranhão,false
2104081,Fernando Falcão,MA,Maranhão,false
2104099,Formosa da Serra Negra,MA,Maranhão,false
2104107,Fortaleza dos Nogueiras,MA,Maranhão,false
2104206,Fortuna,MA,Maranhão,false
2104305,Godofredo Viana,MA,Maranhão,false
2104404,Gonçalves Dias,MA,Maranhão,false
2104503,Governador Archer,MA,Maranhão,false
2104552,Governador Edison Lobão,MA,Maranhão,false
2104602,Governador Eugênio Barros,MA,Maranhão,false
2104628,Governador Luiz Rocha,MA,Maranhão,false
2104651,Governador Newton Bello,MA,Maranhão,false
2104677,Governador Nunes Freire,MA,Maranhão,false
2104701,Graça Aranha,MA,Maranhão,false
2104800,Grajaú,MA,Maranhão,false
2104909,Guimarães,MA,Maranhão,false
2105005,Humberto de Campos,MA,Maranhão,false
2105104,Icatu,MA,Maranhão,false
2105153,Igarapé do Meio,MA,Maranhão,false
2105203,Igarapé Grande,MA,Maranhão,false
2105302,Imperatriz,MA,Maranhão,false
2105351,Itaipava do Grajaú,MA,Maranhão,false
2105401,Itapecuru Mirim,MA,Maranhão,false
2105427,Itinga do Maranhão,MA,Maranhão,false
2105450,Jatobá,MA,Maranhão,false
2105476,Jenipapo dos Vieiras,MA,Maranhão,false
2105500,João Lisboa,MA,Maranhão,false
2105609,Joselândia,MA,Maranhão,false
2105658,Junco do Maranhão,MA,Maranhão,false
2105708,Lago da Pedra,MA,Maranhão,false
2105807,Lago do Junco,MA,Maranhão,false
2105948,Lago dos Rodrigues,MA,Maranhão,false
2105906,Lago Verde,MA,Maranhão,false
2105922,Lagoa do Mato,MA,Maranhão,false
2105963,Lagoa Grande do Maranhão,MA,Maranhão,false
2105989,Lajeado Novo,MA,Maranhão,false
2106003,Lima Campos,MA,Maranhão,false
2106102,Loreto,MA,Maranhão,false
2106201,Luís Domingues,MA,Maranhão,false
2106300,Magalhães de Almeida,MA,Maranhão,false
2106326,Maracaçumé,MA,Maranhão,false
2106359,Marajá do Sena,MA,Maranhão,false
2106375,Maranhãozinho,MA,Maranhão,false
2106409,Mata Roma,MA,Maranhão,false
2106508,Matinha,MA,Maranhão,false
2106607,Matões,MA,Maranhão,false
2106631,Matões do Norte,MA,Maranhão,false
2106672,Milagres do Maranhão,MA,Maranhão,false
2106706,Mirador,MA,Maranhão,false
2106755,Miranda do Norte,MA,Maranhão,false
2106805,Mirinzal,MA,Maranhão,false
2106904,Monção,MA,Maranhão,false
2107001,Montes Altos,MA,Maranhão,false
2107100,Morros,MA,Maranhão,false
2107209,Nina Rodrigues,MA,Maranhão,false
2107258,Nova Colinas,MA,Maranhão,false
2107308,Nova Iorque,MA,Maranhão,false
2107357,Nova Olinda do Maranhão,MA,Maranhão,false
2107407,Olho d'Água das Cunhãs,MA,Maranhão,false
2107456,Olinda Nova do Maranhão,MA,Maranhão,false
2107506,Paço do Lumiar,MA,Maranhão,false
2107605,Palmeirândia,MA,Maranhão,false
2107704,Paraibano,MA,Maranhão,false
2107803,Parnarama,MA,Maranhão,false
2107902,Passagem Franca,MA,Maranhão,false
2108009,Pastos Bons,MA,Maranhão,false
2108058,Paulino Neves,MA,Maranhão,false
2108108,Paulo Ramos,MA,Maranhão,false
2108207,Pedreiras,MA,Maranhão,false
2108256,Pedro do Rosário,MA,Maranhão,false
2108306,Penalva,MA,Maranhão,false
2108405,Peri Mirim,MA,Maranhão,false
2108454,Peritoró,MA,Maranhão,false
2108504,Pindaré-Mirim,MA,Maranhão,false
2108603,Pinheiro,MA,Maranhão,false
2108702,Pio XII,MA,Maranhão,false
2108801,Pirapemas,MA,Maranhão,false
2108900,Poção de Pedras,MA,Maranhão,false
2109007,Porto Franco,MA,Maranhão,false
2109056,Porto Rico do Maranhão,MA,Maranhão,false
2109106,Presidente Dutra,MA,Maranhão,false
2109205,Presidente Juscelino,MA,Maranhão,false
2109239,Presidente Médici,MA,Maranhão,false
2109270,Presidente Sarney,MA,Maranhão,false
2109304,Presidente Vargas,MA,Maranhão,false
2109403,Primeira Cruz,MA,Maranhão,false
2109452,Raposa,MA,Maranhão,false
2109502,Riachão,MA,Maranhão,false
2109551,Ribamar Fiquene,MA,Maranhão,false
2109601,Rosário,MA,Maranhão,false
2109700,Sambaíba,MA,Maranhão,false
2109759,Santa Filomena do Maranhão,MA,Maranhão,false
2109809,Santa Helena,MA,Maranhão,false
2109908,Santa Inês,MA,Maranhão,false
2110005,Santa Luzia,MA,Maranhão,false
2110039,Santa Luzia do Paruá,MA,Maranhão,false
2110104,Santa Quitéria do Maranhão,MA,Maranhão,false
2110203,Santa Rita,MA,Maranhão,false
2110237,Santana do Maranhão,MA,Maranhão,false
2110278,Santo Amaro do Maranhão,MA,Maranhão,false
2110302,Santo Antônio dos Lopes,MA,Maranhão,false
2110401,São Benedito do Rio Preto,MA,Maranhão,false
2110500,São Bento,MA,Maranhão,false
2110609,São Bernardo,MA,Maranhão,false
2110658,São Domingos do Azeitão,MA,Maranhão,false
2110708,São Domingos do Maranhão,MA,Maranhão,false
2110807,São Félix de Balsas,MA,Maranhão,false
2110856,São Francisco do Brejão,MA,Maranhão,false
2110906,São Francisco do Maranhão,MA,Maranhão,false
2111003,São João Batista,MA,Maranhão,false
2111029,São João do Carú,MA,Maranhão,false
2111052,São João do Paraíso,MA,Maranhão,false
2111078,São João do Soter,MA,Maranhão,false
2111102,São João dos Patos,MA,Maranhão,false
2111201,São José de Ribamar,MA,Maranhão,false
2111250,São José dos Basílios,MA,Maranhão,false
2111300,São Luís,MA,Maranhão,false
2111409,São Luís Gonzaga do Maranhão,MA,Maranhão,false
2111508,São Mateus do Maranhão,MA,Maranhão,false
2111532,São Pedro da Água Branca,MA,Maranhão,false
2111573,São Pedro dos Crentes,MA,Maranhão,false
2111607,São Raimundo das Mangabeiras,MA,Maranhão,false
2111631,São Raimundo do Doca Bezerra,MA,Maranhão,false
2111672,São Roberto,MA,Maranhão,false
2111706,São Vicente Ferrer,MA,Maranhão,false
2111722,Satubinha,MA,Maranhão,false
2111748,Senador Alexandre Costa,MA,Maranhão,false
2111763,Senador La Rocque,MA,Maranhão,false
2111789,Serrano do Maranhão,MA,Maranhão,false
2111805,Sítio Novo,MA,Maranhão,false
2111904,Sucupira do Norte,MA,Maranhão,false
2111953,Sucupira do Riachão,MA,Maranhão,false
2112001,Tasso Fragoso,MA,Maranhão,false
2112100,Timbiras,MA,Maranhão,false
2112209,Timon,MA,Maranhão,false
2112233,Trizidela do Vale,MA,Maranhão,false
2112274,Tufilândia,MA,Maranhão,false
2112308,Tuntum,MA,Maranhão,false
2112407,Turiaçu,MA,Maranhão,false
2112456,Turilândia,MA,Maranhão,false
2112506,Tutóia,MA,Maranhão,false
2112605,Urbano Santos,MA,Maranhão,false
2112704,Vargem Grande,MA,Maranhão,false
2112803,Viana,MA,Maranhão,false
2112852,Vila Nova dos Martírios,MA,Maranhão,false
2112902,Vitória do Mearim,MA,Maranhão,false
2113009,Vitorino Freire,MA,Maranhão,false
2114007,Zé Doca,MA,Maranhão,false
2200053,Acauã,PI,Piauí,false
2200103,Agricolândia,PI,Piauí,false
2200202,Água Branca,PI,Piauí,false
2200251,Alagoinha do Piauí,PI,Piauí,false
2200277,Alegrete do Piauí,PI,Piauí,false
2200301,Alto Longá,PI,Piauí,false
2200400,Altos,PI,Piauí,false
2200459,Alvorada do Gurguéia,PI,Piauí,false
2200509,Amarante,PI,Piauí,false
2200608,Angical do Piauí,PI,Piauí,false
2200707,Anísio de Abreu,PI,Piauí,false
2200806,Antônio Almeida,PI,Piauí,false
2200905,Aroazes,PI,Piauí,false
2200954,Aroeiras do Itaim,PI,Piauí,false
2201002,Arraial,PI,Piauí,false
2201051,Assunção do Piauí,PI,Piauí,false
2201101,Avelino Lopes,PI,Piauí,false
2201150,Baixa Grande do Ribeiro,PI,Piauí,false
2201176,Barra D'Alcântara,PI,Piauí,false
2201200,Barras,PI,Piauí,false
2201309,Barreiras do Piauí,PI,Piauí,false
2201408,Barro Duro,PI,Piauí,false
2201507,Batalha,PI,Piauí,false
2201556,Bela Vista do Piauí,PI,Piauí,false
2201572,Belém do Piauí,PI,Piauí,false
2201606,Beneditinos,PI,Piauí,false
2201705,Bertolínia,PI,Piauí,false
2201739,Betânia do Piauí,PI,Piauí,false
2201770,Boa Hora,PI,Piauí,false
2201804,Bocaina,PI,Piauí,false
2201903,Bom Jesus,PI,Piauí,false
2201919,Bom Princípio do Piauí,PI,Piauí,false
2201929,Bonfim do Piauí,PI,Piauí,false
2201945,Boqueirão do Piauí,PI,Piauí,false
2201960,Brasileira,PI,Piauí,false
2201988,Brejo do Piauí,PI,Piauí,false
2202000,Buriti dos Lopes,PI,Piauí,false
2202026,Buriti dos Montes,PI,Piauí,false
2202059,Cabeceiras do Piauí,PI,Piauí,false
2202075,Cajazeiras do Piauí,PI,Piauí,false
2202083,Cajueiro da Praia,PI,Piauí,false
2202091,Caldeirão Grande do Piauí,PI,Piauí,false
2202109,Campinas do Piauí,PI,Piauí,false
2202117,Campo Alegre do Fidalgo,PI,Piauí,false
2202133,Campo Grande do Piauí,PI,Piauí,false
2202174,Campo Largo do Piauí,PI,Piauí,false
2202208,Campo Maior,PI,Piauí,false
2202251,Canavieira,PI,Piauí,false
2202307,Canto do Buriti,PI,Piauí,false
2202406,Capitão de Campos,PI,Piauí,false
2202455,Capitão Gervásio Oliveira,PI,Piauí,false
2202505,Caracol,PI,Piauí,false
2202539,Caraúbas do Piauí,PI,Piauí,false
2202554,Caridade do Piauí,PI,Piauí,false
2202604,Castelo do Piauí,PI,Piauí,false
2202653,Caxingó,PI,Piauí,false
2202703,Cocal,PI,Piauí,false
2202711,Cocal de Telha,PI,Piauí,false
2202729,Cocal dos Alves,PI,Piauí,false
2202737,Coivaras,PI,Piauí,false
2202752,Colônia do Gurguéia,PI,Piauí,false
2202778,Colônia do Piauí,PI,Piauí,false
2202802,Conceição do Canindé,PI,Piauí,false
2202851,Coronel José Dias,PI,Piauí,false
2202901,Corrente,PI,Piauí,false
2203008,Cristalândia do Piauí,PI,Piauí,false
2203107,Cristino Castro,PI,Piauí,false
2203206,Curimatá,PI,Piauí,false
2203230,Currais,PI,Piauí,false
2203271,Curral Novo do Piauí,PI,Piauí,false
2203255,Curralinhos,PI,Piauí,false
2203305,Demerval Lobão,PI,Piauí,false
2203354,Dirceu Arcoverde,PI,Piauí,false
2203404,Dom Expedito Lopes,PI,Piauí,false
2203453,Dom Inocêncio,PI,Piauí,false
2203420,Domingos Mourão,PI,Piauí,false
2203503,Elesbão Veloso,PI,Piauí,false
2203602,Eliseu Martins,PI,Piauí,false
2203701,Esperantina,PI,Piauí,false
2203750,Fartura do Piauí,PI,Piauí,false
2203800,Flores do Piauí,PI,Piauí,false
2203859,Floresta do Piauí,PI,Piauí,false
2203909,Floriano,PI,Piauí,false
2204006,Francinópolis,PI,Piauí,false
2204105,Francisco Ayres,PI,Piauí,false
2204154,Francisco Macedo,PI,Piauí,false
2204204,Francisco Santos,PI,Piauí,false
2204303,Fronteiras,PI,Piauí,false
2204352,Geminiano,PI,Piauí,false
2204402,Gilbués,PI,Piauí,false
2204501,Guadalupe,PI,Piauí,false
2204550,Guaribas,PI,Piauí,false
2204600,Hugo Napoleão,PI,Piauí,false
2204659,Ilha Grande,PI,Piauí,false
2204709,Inhuma,PI,Piauí,false
2204808,Ipiranga do Piauí,PI,Piauí,false
2204907,Isaías Coelho,PI,Piauí,false
2205003,Itainópolis,PI,Piauí,false
2205102,Itaueira,PI,Piauí,false
2205151,Jacobina do Piauí,PI,Piauí,false
2205201,Jaicós,PI,Piauí,false
2205250,Jardim do Mulato,PI,Piauí,false
2205276,Jatobá do Piauí,PI,Piauí,false
2205300,Jerumenha,PI,Piauí,false
2205359,João Costa,PI,Piauí,false
2205409,Joaquim Pires,PI,Piauí,false
2205458,Joca Marques,PI,Piauí,false
2205508,José de Freitas,PI,Piauí,false
2205516,Juazeiro do Piauí,PI,Piauí,false
2205524,Júlio Borges,PI,Piauí,false
2205532,Jurema,PI,Piauí,false
2205557,Lagoa Alegre,PI,Piauí,false
2205573,Lagoa de São Francisco,PI,Piauí,false
2205565,Lagoa do Barro do Piauí,PI,Piauí,false
2205581,Lagoa do Piauí,PI,Piauí,false
2205599,Lagoa do Sítio,PI,Piauí,false
2205540,Lagoinha do Piauí,PI,Piauí,false
2205607,Landri Sales,PI,Piauí,false
2205706,Luís Correia,PI,Piauí,false
2205805,Luzilândia,PI,Piauí,false
2205854,Madeiro,PI,Piauí,false
2205904,Manoel Emídio,PI,Piauí,false
2205953,Marcolândia,PI,Piauí,false
2206001,Marcos Parente,PI,Piauí,false
2206050,Massapê do Piauí,PI,Piauí,false
2206100,Matias Olímpio,PI,Piauí,false
2206209,Miguel Alves,PI,Piauí,false
2206308,Miguel Leão,PI,Piauí,false
2206357,Milton Brandão,PI,Piauí,false
2206407,Monsenhor Gil,PI,Piauí,false
2206506,Monsenhor Hipólito,PI,Piauí,false
2206605,Monte Alegre do Piauí,PI,Piauí,false
2206654,Morro Cabeça no Tempo,PI,Piauí,false
2206670,Morro do Chapéu do Piauí,PI,Piauí,false
2206696,Murici dos Portelas,PI,Piauí,false
2206704,Nazaré do Piauí,PI,Piauí,false
2206720,Nazária,PI,Piauí,false
2206753,Nossa Senhora de Nazaré,PI,Piauí,false
2206803,Nossa Senhora dos Remédios,PI,Piauí,false
2207959,Nova Santa Rita,PI,Piauí,false
2206902,Novo Oriente do Piauí,PI,Piauí,false
2206951,Novo Santo Antônio,PI,Piauí,false
2207009,Oeiras,PI,Piauí,false
2207108,Olho D'Água do Piauí,PI,Piauí,false
2207207,Padre Marcos,PI,Piauí,false
2207306,Paes Landim,PI,Piauí,false
2207355,Pajeú do Piauí,PI,Piauí,false
2207405,Palmeira do Piauí,PI,Piauí,false
2207504,Palmeirais,PI,Piauí,false
2207553,Paquetá,PI,Piauí,false
2207603,Parnaguá,PI,Piauí,false
2207702,Parnaíba,PI,Piauí,false
2207751,Passagem Franca do Piauí,PI,Piauí,false
2207777,Patos do Piauí,PI,Piauí,false
2207793,Pau D'Arco do Piauí,PI,Piauí,false
2207801,Paulistana,PI,Piauí,false
2207850,Pavussu,PI,Piauí,false
2207900,Pedro II,PI,Piauí,false
2207934,Pedro Laurentino,PI,Piauí,false
2208007,Picos,PI,Piauí,false
2208106,Pimenteiras,PI,Piauí,false
2208205,Pio IX,PI,Piauí,false
2208304,Piracuruca,PI,Piauí,false
2208403,Piripiri,PI,Piauí,false
2208502,Porto,PI,Piauí,false
2208551,Porto Alegre do Piauí,PI,Piauí,false
2208601,Prata do Piauí,PI,Piauí,false
2208650,Queimada Nova,PI,Piauí,false
2208700,Redenção do Gurguéia,PI,Piauí,false
2208809,Regeneração,PI,Piauí,false
2208858,Riacho Frio,PI,Piauí,false
2208874,Ribeira do Piauí,PI,Piauí,false
2208908,Ribeiro Gonçalves,PI,Piauí,false
2209005,Rio Grande do Piauí,PI,Piauí,false
2209104,Santa Cruz do Piauí,PI,Piauí,false
2209153,Santa Cruz dos Milagres,PI,Piauí,false
2209203,Santa Filomena,PI,Piauí,false
2209302,Santa Luz,PI,Piauí,false
2209377,Santa Rosa do Piauí,PI,Piauí,false
2209351,Santana do Piauí,PI,Piauí,false
2209401,Santo Antônio de Lisboa,PI,Piauí,false
2209450,Santo Antônio dos Milagres,PI,Piauí,false
2209500,Santo Inácio do Piauí,PI,Piauí,false
2209559,São Braz do Piauí,PI,Piauí,false
2209609,São Félix do Piauí,PI,Piauí,false
2209658,São Francisco de Assis do Piauí,PI,Piauí,false
2209708,São Francisco do Piauí,PI,Piauí,false
2209757,São Gonçalo do Gurguéia,PI,Piauí,false
2209807,São Gonçalo do Piauí,PI,Piauí,false
2209856,São João da Canabrava,PI,Piauí,false
2209872,São João da Fronteira,PI,Piauí,false
2209906,São João da Serra,PI,Piauí,false
2209955,São João da Varjota,PI,Piauí,false
2209971,São João do Arraial,PI,Piauí,false
2210003,São João do Piauí,PI,Piauí,false
2210052,São José do Divino,PI,Piauí,false
2210102,São José do Peixe,PI,Piauí,false
2210201,São José do Piauí,PI,Piauí,false
2210300,São Julião,PI,Piauí,false
2210359,São Lourenço do Piauí,PI,Piauí,false
2210375,São Luis do Piauí,PI,Piauí,false
2210383,São Miguel da Baixa Grande,PI,Piauí,false
2210391,São Miguel do Fidalgo,PI,Piauí,false
2210409,São Miguel do Tapuio,PI,Piauí,false
2210508,São Pedro do Piauí,PI,Piauí,false
2210607,São Raimundo Nonato,PI,Piauí,false
2210623,Sebastião Barros,PI,Piauí,false
2210631,Sebastião Leal,PI,Piauí,false
2210656,Sigefredo Pacheco,PI,Piauí,false
2210706,Simões,PI,Piauí,false
2210805,Simplício Mendes,PI,Piauí,false
2210904,Socorro do Piauí,PI,Piauí,false
2210938,Sussuapara,PI,Piauí,false
2210953,Tamboril do Piauí,PI,Piauí,false
2210979,Tanque do Piauí,PI,Piauí,false
2211001,Teresina,PI,Piauí,false
2211100,União,PI,Piauí,false
2211209,Uruçuí,PI,Piauí,false
2211308,Valença do Piauí,PI,Piauí,false
2211357,Várzea Branca,PI,Piauí,false
2211407,Várzea Grande,PI,Piauí,false
2211506,Vera Mendes,PI,Piauí,false
2211605,Vila Nova do Piauí,PI,Piauí,false
2211704,Wall Ferraz,PI,Piauí,false
2300101,Abaiara,CE,Ceará,false
2300150,Acarape,CE,Ceará,false
2300200,Acaraú,CE,Ceará,false
2300309,Acopiara,CE,Ceará,false
2300408,Aiuaba,CE,Ceará,false
2300507,Alcântaras,CE,Ceará,false
2300606,Altaneira,CE,Ceará,false
2300705,Alto Santo,CE,Ceará,false
2300754,Amontada,CE,Ceará,false
2300804,Antonina do Norte,CE,Ceará,false
2300903,Apuiarés,CE,Ceará,false
2301000,Aquiraz,CE,Ceará,false
2301109,Aracati,CE,Ceará,false
2301208,Aracoiaba,CE,Ceará,false
2301257,Ararendá,CE,Ceará,false
2301307,Araripe,CE,Ceará,false
2301406,Aratuba,CE,Ceará,false
2301505,Arneiroz,CE,Ceará,false
2301604,Assaré,CE,Ceará,false
2301703,Aurora,CE,Ceará,false
2301802,Baixio,CE,Ceará,false
2301851,Banabuiú,CE,Ceará,false
2301901,Barbalha,CE,Ceará,false
2301950,Barreira,CE,Ceará,false
2302008,Barro,CE,Ceará,false
2302057,Barroquinha,CE,Ceará,false
2302107,Baturité,CE,Ceará,false
2302206,Beberibe,CE,Ceará,false
2302305,Bela Cruz,CE,Ceará,false
2302404,Boa Viagem,CE,Ceará,false
2302503,Brejo Santo,CE,Ceará,false
2302602,Camocim,CE,Ceará,false
2302701,Campos Sales,CE,Ceará,false
2302800,Canindé,CE,Ceará,false
2302909,Capistrano,CE,Ceará,false
2303006,Caridade,CE,Ceará,false
2303105,Cariré,CE,Ceará,false
2303204,Caririaçu,CE,Ceará,false
2303303,Cariús,CE,Ceará,false
2303402,Carnaubal,CE,Ceará,false
2303501,Cascavel,CE,Ceará,false
2303600,Catarina,CE,Ceará,false
2303659,Catunda,CE,Ceará,false
2303709,Caucaia,CE,Ceará,false
2303808,Cedro,CE,Ceará,false
2303907,Chaval,CE,Ceará,false
2303931,Choró,CE,Ceará,false
2303956,Chorozinho,CE,Ceará,false
2304004,Coreaú,CE,Ceará,false
2304103,Crateús,CE,Ceará,false
2304202,Crato,CE,Ceará,false
2304236,Croatá,CE,Ceará,false
2304251,Cruz,CE,Ceará,false
2304269,Deputado Irapuan Pinheiro,CE,Ceará,false
2304277,Ereré,CE,Ceará,false
2304285,Eusébio,CE,Ceará,false
2304301,Farias Brito,CE,Ceará,false
2304350,Forquilha,CE,Ceará,false
2304400,Fortaleza,CE,Ceará,false
2304459,Fortim,CE,Ceará,false
2304509,Frecheirinha,CE,Ceará,false
2304608,General Sampaio,CE,Ceará,false
2304657,Graça,CE,Ceará,false
2304707,Granja,CE,Ceará,false
2304806,Granjeiro,CE,Ceará,false
2304905,Groaíras,CE,Ceará,false
2304954,Guaiúba,CE,Ceará,false
2305001,Guaraciaba do Norte,CE,Ceará,false
2305100,Guaramiranga,CE,Ceará,false
2305209,Hidrolândia,CE,Ceará,false
2305233,Horizonte,CE,Ceará,false
2305266,Ibaretama,CE,Ceará,false
2305308,Ibiapina,CE,Ceará,false
2305332,Ibicuitinga,CE,Ceará,false
2305357,Icapuí,CE,Ceará,false
2305407,Icó,CE,Ceará,false
2305506,Iguatu,CE,Ceará,false
2305605,Independência,CE,Ceará,false
2305654,Ipaporanga,CE,Ceará,false
2305704,Ipaumirim,CE,Ceará,false
2305803,Ipu,CE,Ceará,false
2305902,Ipueiras,CE,Ceará,false
2306009,Iracema,CE,Ceará,false
2306108,Irauçuba,CE,Ceará,false
2306207,Itaiçaba,CE,Ceará,false
2306256,Itaitinga,CE,Ceará,false
2306306,Itapajé,CE,Ceará,false
2306405,Itapipoca,CE,Ceará,false
2306504,Itapiúna,CE,Ceará,false
2306553,Itarema,CE,Ceará,false
2306603,Itatira,CE,Ceará,false
2306702,Jaguaretama,CE,Ceará,false
2306801,Jaguaribara,CE,Ceará,false
2306900,Jaguaribe,CE,Ceará,false
2307007,Jaguaruana,CE,Ceará,false
2307106,Jardim,CE,Ceará,false
2307205,Jati,CE,Ceará,false
2307254,Jijoca de Jericoacoara,CE,Ceará,false
2307304,Juazeiro do Norte,CE,Ceará,false
2307403,Jucás,CE,Ceará,false
2307502,Lavras da Mangabeira,CE,Ceará,false
2307601,Limoeiro do Norte,CE,Ceará,false
2307635,Madalena,CE,Ceará,false
2307650,Maracanaú,CE,Ceará,false
2307700,Maranguape,CE,Ceará,false
2307809,Marco,CE,Ceará,false
2307908,Martinópole,CE,Ceará,false
2308005,Massapê,CE,Ceará,false
2308104,Mauriti,CE,Ceará,false
2308203,Meruoca,CE,Ceará,false
2308302,Milagres,CE,Ceará,false
2308351,Milhã,CE,Ceará,false
2308377,Miraíma,CE,Ceará,false
2308401,Missão Velha,CE,Ceará,false
2308500,Mombaça,CE,Ceará,false
2308609,Monsenhor Tabosa,CE,Ceará,false
2308708,Morada Nova,CE,Ceará,false
2308807,Moraújo,CE,Ceará,false
2308906,Morrinhos,CE,Ceará,false
2309003,Mucambo,CE,Ceará,false
2309102,Mulungu,CE,Ceará,false
2309201,Nova Olinda,CE,Ceará,false
2309300,Nova Russas,CE,Ceará,false
2309409,Novo Oriente,CE,Ceará,false
2309458,Ocara,CE,Ceará,false
2309508,Orós,CE,Ceará,false
2309607,Pacajus,CE,Ceará,false
2309706,Pacatuba,CE,Ceará,false
2309805,Pacoti,CE,Ceará,false
2309904,Pacujá,CE,Ceará,false
2310001,Palhano,CE,Ceará,false
2310100,Palmácia,CE,Ceará,false
2310209,Paracuru,CE,Ceará,false
2310258,Paraipaba,CE,Ceará,false
2310308,Parambu,CE,Ceará,false
2310407,Paramoti,CE,Ceará,false
2310506,Pedra Branca,CE,Ceará,false
2310605,Penaforte,CE,Ceará,false
2310704,Pentecoste,CE,Ceará,false
2310803,Pereiro,CE,Ceará,false
2310852,Pindoretama,CE,Ceará,false
2310902,Piquet Carneiro,CE,Ceará,false
2310951,Pires Ferreira,CE,Ceará,false
2311009,Poranga,CE,Ceará,false
2311108,Porteiras,CE,Ceará,false
2311207,Potengi,CE,Ceará,false
2311231,Potiretama,CE,Ceará,false
2311264,Quiterianópolis,CE,Ceará,false
2311306,Quixadá,CE,Ceará,false
2311355,Quixelô,CE,Ceará,false
2311405,Quixeramobim,CE,Ceará,false
2311504,Quixeré,CE,Ceará,false
2311603,Redenção,CE,Ceará,false
2311702,Reriutaba,CE,Ceará,false
2311801,Russas,CE,Ceará,false
2311900,Saboeiro,CE,Ceará,false
2311959,Salitre,CE,Ceará,false
2312205,Santa Quitéria,CE,Ceará,false
2312007,Santana do Acaraú,CE,Ceará,false
2312106,Santana do Cariri,CE,Ceará,false
2312304,São Benedito,CE,Ceará,false
2312403,São Gonçalo do Amarante,CE,Ceará,false
2312502,São João do Jaguaribe,CE,Ceará,false
2312601,São Luís do Curu,CE,Ceará,false
2312700,Senador Pompeu,CE,Ceará,false
2312809,Senador Sá,CE,Ceará,false
2312908,Sobral,CE,Ceará,false
2313005,Solonópole,CE,Ceará,false
2313104,Tabuleiro do Norte,CE,Ceará,false
2313203,Tamboril,CE,Ceará,false
2313252,Tarrafas,CE,Ceará,false
2313302,Tauá,CE,Ceará,false
2313351,Tejuçuoca,CE,Ceará,false
2313401,Tianguá,CE,Ceará,false
2313500,Trairi,CE,Ceará,false
2313559,Tururu,CE,Ceará,false
2313609,Ubajara,CE,Ceará,false
2313708,Umari,CE,Ceará,false
2313757,Umirim,CE,Ceará,false
2313807,Uruburetama,CE,Ceará,false
2313906,Uruoca,CE,Ceará,false
2313955,Varjota,CE,Ceará,false
2314003,Várzea Alegre,CE,Ceará,false
2314102,Viçosa do Ceará,CE,Ceará,false
2400109,Acari,RN,Rio Grande do Norte,false
2400208,Açu,RN,Rio Grande do Norte,false
2400307,Afonso Bezerra,RN,Rio Grande do Norte,false
2400406,Água Nova,RN,Rio Grande do Norte,false
2400505,Alexandria,RN,Rio Grande do Norte,false
2400604,Almino Afonso,RN,Rio Grande do Norte,false
2400703,Alto do Rodrigues,RN,Rio Grande do Norte,false
2400802,Angicos,RN,Rio Grande do Norte,false
2400901,Antônio Martins,RN,Rio Grande do Norte,false
2401008,Apodi,RN,Rio Grande do Norte,false
2401107,Areia Branca,RN,Rio Grande do Norte,false
2401206,Arês,RN,Rio Grande do Norte,false
2401404,Baía Formosa,RN,Rio Grande do Norte,false
2401453,Baraúna,RN,Rio Grande do Norte,false
2401503,Barcelona,RN,Rio Grande do Norte,false
2401602,Bento Fernandes,RN,Rio Grande do Norte,false
2401651,Bodó,RN,Rio Grande do Norte,false
2401701,Bom Jesus,RN,Rio Grande do Norte,false
2401800,Brejinho,RN,Rio Grande do Norte,false
2401859,Caiçara do Norte,RN,Rio Grande do Norte,false
2401909,Caiçara do Rio do Vento,RN,Rio Grande do Norte,false
2402006,Caicó,RN,Rio Grande do Norte,false
2401305,Campo Grande,RN,Rio Grande do Norte,false
2402105,Campo Redondo,RN,Rio Grande do Norte,false
2402204,Canguaretama,RN,Rio Grande do Norte,false
2402303,Caraúbas,RN,Rio Grande do Norte,false
2402402,Carnaúba dos Dantas,RN,Rio Grande do Norte,false
2402501,Carnaubais,RN,Rio Grande do Norte,false
2402600,Ceará-Mirim,RN,Rio Grande do Norte,false
2402709,Cerro Corá,RN,Rio Grande do Norte,false
2402808,Coronel Ezequiel,RN,Rio Grande do Norte,false
2402907,Coronel João Pessoa,RN,Rio Grande do Norte,false
2403004,Cruzeta,RN,Rio Grande do Norte,false
2403103,Currais Novos,RN,Rio Grande do Norte,false
2403202,Doutor Severiano,RN,Rio Grande do Norte,false
2403301,Encanto,RN,Rio Grande do Norte,false
2403400,Equador,RN,Rio Grande do Norte,false
2403509,Espírito Santo,RN,Rio Grande do Norte,false
2403608,Extremoz,RN,Rio Grande do Norte,false
2403707,Felipe Guerra,RN,Rio Grande do Norte,false
2403756,Fernando Pedroza,RN,Rio Grande do Norte,false
2403806,Florânia,RN,Rio Grande do Norte,false
2403905,Francisco Dantas,RN,Rio Grande do Norte,false
2404002,Frutuoso Gomes,RN,Rio Grande do Norte,false
2404101,Galinhos,RN,Rio Grande do Norte,false
2404200,Goianinha,RN,Rio Grande do Norte,false
2404309,Governador Dix-Sept Rosado,RN,Rio Grande do Norte,false
2404408,Grossos,RN,Rio Grande do Norte,false
2404507,Guamaré,RN,Rio Grande do Norte,false
2404606,Ielmo Marinho,RN,Rio Grande do Norte,false
2404705,Ipanguaçu,RN,Rio Grande do Norte,false
2404804,Ipueira,RN,Rio Grande do Norte,false
2404853,Itajá,RN,Rio Grande do Norte,false
2404903,Itaú,RN,Rio Grande do Norte,false
2405009,Jaçanã,RN,Rio Grande do Norte,false
2405108,Jandaíra,RN,Rio Grande do Norte,false
2405207,Janduís,RN,Rio Grande do Norte,false
2405306,Januário Cicco,RN,Rio Grande do Norte,false
2405405,Japi,RN,Rio Grande do Norte,false
2405504,Jardim de Angicos,RN,Rio Grande do Norte,false
2405603,Jardim de Piranhas,RN,Rio Grande do Norte,false
2405702,Jardim do Seridó,RN,Rio Grande do Norte,false
2405801,João Câmara,RN,Rio Grande do Norte,false
2405900,João Dias,RN,Rio Grande do Norte,false
2406007,José da Penha,RN,Rio Grande do Norte,false
2406106,Jucurutu,RN,Rio Grande do Norte,false
2406155,Jundiá,RN,Rio Grande do Norte,false
2406205,Lagoa d'Anta,RN,Rio Grande do Norte,false
2406304,Lagoa de Pedras,RN,Rio Grande do Norte,false
2406403,Lagoa de Velhos,RN,Rio Grande do Norte,false
2406502,Lagoa Nova,RN,Rio Grande do Norte,false
2406601,Lagoa Salgada,RN,Rio Grande do Norte,false
2406700,Lajes,RN,Rio Grande do Norte,false
2406809,Lajes Pintadas,RN,Rio Grande do Norte,false
2406908,Lucrécia,RN,Rio Grande do Norte,false
2407005,Luís Gomes,RN,Rio Grande do Norte,false
2407104,Macaíba,RN,Rio Grande do Norte,false
2407203,Macau,RN,Rio Grande do Norte,false
2407252,Major Sales,RN,Rio Grande do Norte,false
2407302,Marcelino Vieira,RN,Rio Grande do Norte,false
2407401,Martins,RN,Rio Grande do Norte,false
2407500,Maxaranguape,RN,Rio Grande do Norte,false
2407609,Messias Targino,RN,Rio Grande do Norte,false
2407708,Montanhas,RN,Rio Grande do Norte,false
2407807,Monte Alegre,RN,Rio Grande do Norte,false
2407906,Monte das Gameleiras,RN,Rio Grande do Norte,false
2408003,Mossoró,RN,Rio Grande do Norte,false
2408102,Natal,RN,Rio Grande do Norte,false
2408201,Nísia Floresta,RN,Rio Grande do Norte,false
2408300,Nova Cruz,RN,Rio Grande do Norte,false
2408409,Olho d'Água do Borges,RN,Rio Grande do Norte,false
2408508,Ouro Branco,RN,Rio Grande do Norte,false
2408607,Paraná,RN,Rio Grande do Norte,false
2408706,Paraú,RN,Rio Grande do Norte,false
2408805,Parazinho,RN,Rio Grande do Norte,false
2408904,Parelhas,RN,Rio Grande do Norte,false
2403251,Parnamirim,RN,Rio Grande do Norte,false
2409100,Passa e Fica,RN,Rio Grande do Norte,false
2409209,Passagem,RN,Rio Grande do Norte,false
2409308,Patu,RN,Rio Grande do Norte,false
2409407,Pau dos Ferros,RN,Rio Grande do Norte,false
2409506,Pedra Grande,RN,Rio Grande do Norte,false
2409605,Pedra Preta,RN,Rio Grande do Norte,false
2409704,Pedro Avelino,RN,Rio Grande do Norte,false
2409803,Pedro Velho,RN,Rio Grande do Norte,false
2409902,Pendências,RN,Rio Grande do Norte,false
2410009,Pilões,RN,Rio Grande do Norte,false
2410108,Poço Branco,RN,Rio Grande do Norte,false
2410207,Portalegre,RN,Rio Grande do Norte,false
2410256,Porto do Mangue,RN,Rio Grande do Norte,false
2410405,Pureza,RN,Rio Grande do Norte,false
2410504,Rafael Fernandes,RN,Rio Grande do Norte,false
2410603,Rafael Godeiro,RN,Rio Grande do Norte,false
2410702,Riacho da Cruz,RN,Rio Grande do Norte,false
2410801,Riacho de Santana,RN,Rio Grande do Norte,false
2410900,Riachuelo,RN,Rio Grande do Norte,false
2408953,Rio do Fogo,RN,Rio Grande do Norte,false
2411007,Rodolfo Fernandes,RN,Rio Grande do Norte,false
2411106,Ruy Barbosa,RN,Rio Grande do Norte,false
2411205,Santa Cruz,RN,Rio Grande do Norte,false
2409332,Santa Maria,RN,Rio Grande do Norte,false
2411403,Santana do Matos,RN,Rio Grande do Norte,false
2411429,Santana do Seridó,RN,Rio Grande do Norte,false
2411502,Santo Antônio,RN,Rio Grande do Norte,false
2411601,São Bento do Norte,RN,Rio Grande do Norte,false
2411700,São Bento do Trairí,RN,Rio Grande do Norte,false
2411809,São Fernando,RN,Rio Grande do Norte,false
2411908,São Francisco do Oeste,RN,Rio Grande do Norte,false
2412005,São Gonçalo do Amarante,RN,Rio Grande do Norte,false
2412104,São João do Sabugi,RN,Rio Grande do Norte,false
2412203,São José de Mipibu,RN,Rio Grande do Norte,false
2412302,São José do Campestre,RN,Rio Grande do Norte,false
2412401,São José do Seridó,RN,Rio Grande do Norte,false
2412500,São Miguel,RN,Rio Grande do Norte,false
2412559,São Miguel do Gostoso,RN,Rio Grande do Norte,false
2412609,São Paulo do Potengi,RN,Rio Grande do Norte,false
2412708,São Pedro,RN,Rio Grande do Norte,false
2412807,São Rafael,RN,Rio Grande do Norte,false
2412906,São Tomé,RN,Rio Grande do Norte,false
2413003,São Vicente,RN,Rio Grande do Norte,false
2413102,Senador Elói de Souza,RN,Rio Grande do Norte,false
2413201,Senador Georgino Avelino,RN,Rio Grande do Norte,false
2410306,Serra Caiada,RN,Rio Grande do Norte,false
2413300,Serra de São Bento,RN,Rio Grande do Norte,false
2413359,Serra do Mel,RN,Rio Grande do Norte,false
2413409,Serra Negra do Norte,RN,Rio Grande do Norte,false
2413508,Serrinha,RN,Rio Grande do Norte,false
2413557,Serrinha dos Pintos,RN,Rio Grande do Norte,false
2413607,Severiano Melo,RN,Rio Grande do Norte,false
2413706,Sítio Novo,RN,Rio Grande do Norte,false
2413805,Taboleiro Grande,RN,Rio Grande do Norte,false
2413904,Taipu,RN,Rio Grande do Norte,false
2414001,Tangará,RN,Rio Grande do Norte,false
2414100,Tenente Ananias,RN,Rio Grande do Norte,false
2414159,Tenente Laurentino Cruz,RN,Rio Grande do Norte,false
2411056,Tibau,RN,Rio Grande do Norte,false
2414209,Tibau do Sul,RN,Rio Grande do Norte,false
2414308,Timbaúba dos Batistas,RN,Rio Grande do Norte,false
2414407,Touros,RN,Rio Grande do Norte,false
2414456,Triunfo Potiguar,RN,Rio Grande do Norte,false
2414506,Umarizal,RN,Rio Grande do Norte,false
2414605,Upanema,RN,Rio Grande do Norte,false
2414704,Várzea,RN,Rio Grande do Norte,false
2414753,Venha-Ver,RN,Rio Grande do Norte,false
2414803,Vera Cruz,RN,Rio Grande do Norte,false
2414902,Viçosa,RN,Rio Grande do Norte,false
2415008,Vila Flor,RN,Rio Grande do Norte,false
2500106,Água Branca,PB,Paraíba,false
2500205,Aguiar,PB,Paraíba,false
2500304,Alagoa Grande,PB,Paraíba,false
2500403,Alagoa Nova,PB,Paraíba,false
2500502,Alagoinha,PB,Paraíba,false
2500536,Alcantil,PB,Paraíba,false
2500577,Algodão de Jandaíra,PB,Paraíba,false
2500601,Alhandra,PB,Paraíba,false
2500734,Amparo,PB,Paraíba,false
2500775,Aparecida,PB,Paraíba,false
2500809,Araçagi,PB,Paraíba,false
2500908,Arara,PB,Paraíba,false
2501005,Araruna,PB,Paraíba,false
2501104,Areia,PB,Paraíba,false
2501153,Areia de Baraúnas,PB,Paraíba,false
2501203,Areial,PB,Paraíba,false
2501302,Aroeiras,PB,Paraíba,false
2501351,Assunção,PB,Paraíba,false
2501401,Baía da Traição,PB,Paraíba,false
2501500,Bananeiras,PB,Paraíba,false
2501534,Baraúna,PB,Paraíba,false
2501609,Barra de Santa Rosa,PB,Paraíba,false
2501575,Barra de Santana,PB,Paraíba,false
2501708,Barra de São Miguel,PB,Paraíba,false
2501807,Bayeux,PB,Paraíba,false
2501906,Belém,PB,Paraíba,false
2502003,Belém do Brejo do Cruz,PB,Paraíba,false
2502052,Bernardino Batista,PB,Paraíba,false
2502102,Boa Ventura,PB,Paraíba,false
2502151,Boa Vista,PB,Paraíba,false
2502201,Bom Jesus,PB,Paraíba,false
2502300,Bom Sucesso,PB,Paraíba,false
2502409,Bonito de Santa Fé,PB,Paraíba,false
2502508,Boqueirão,PB,Paraíba,false
2502706,Borborema,PB,Paraíba,false
2502805,Brejo do Cruz,PB,Paraíba,false
2502904,Brejo dos Santos,PB,Paraíba,false
2503001,Caaporã,PB,Paraíba,false
2503100,Cabaceiras,PB,Paraíba,false
2503209,Cabedelo,PB,Paraíba,false
2503308,Cachoeira dos Índios,PB,Paraíba,false
2503407,Cacimba de Areia,PB,Paraíba,false
2503506,Cacimba de Dentro,PB,Paraíba,false
2503555,Cacimbas,PB,Paraíba,false
2503605,Caiçara,PB,Paraíba,false
2503704,Cajazeiras,PB,Paraíba,false
2503753,Cajazeirinhas,PB,Paraíba,false
2503803,Caldas Brandão,PB,Paraíba,false
2503902,Camalaú,PB,Paraíba,false
2504009,Campina Grande,PB,Paraíba,false
2504033,Capim,PB,Paraíba,false
2504074,Caraúbas,PB,Paraíba,false
2504108,Carrapateira,PB,Paraíba,false
2504157,Casserengue,PB,Paraíba,false
2504207,Catingueira,PB,Paraíba,false
2504306,Catolé do Rocha,PB,Paraíba,false
2504355,Caturité,PB,Paraíba,false
2504405,Conceição,PB,Paraíba,false
2504504,Condado,PB,Paraíba,false
2504603,Conde,PB,Paraíba,false
2504702,Congo,PB,Paraíba,false
2504801,Coremas,PB,Paraíba,false
2504850,Coxixola,PB,Paraíba,false
2504900,Cruz do Espírito Santo,PB,Paraíba,false
2505006,Cubati,PB,Paraíba,false
2505105,Cuité,PB,Paraíba,false
2505238,Cuité de Mamanguape,PB,Paraíba,false
2505204,Cuitegi,PB,Paraíba,false
2505279,Curral de Cima,PB,Paraíba,false
2505303,Curral Velho,PB,Paraíba,false
2505352,Damião,PB,Paraíba,false
2505402,Desterro,PB,Paraíba,false
2505600,Diamante,PB,Paraíba,false
2505709,Dona Inês,PB,Paraíba,false
2505808,Duas Estradas,PB,Paraíba,false
2505907,Emas,PB,Paraíba,false
2506004,Esperança,PB,Paraíba,false
2506103,Fagundes,PB,Paraíba,false
2506202,Frei Martinho,PB,Paraíba,false
2506251,Gado Bravo,PB,Paraíba,false
2506301,Guarabira,PB,Paraíba,false
2506400,Gurinhém,PB,Paraíba,false
2506509,Gurjão,PB,Paraíba,false
2506608,Ibiara,PB,Paraíba,false
2502607,Igaracy,PB,Paraíba,false
2506707,Imaculada,PB,Paraíba,false
2506806,Ingá,PB,Paraíba,false
2506905,Itabaiana,PB,Paraíba,false
2507002,Itaporanga,PB,Paraíba,false
2507101,Itapororoca,PB,Paraíba,false
2507200,Itatuba,PB,Paraíba,false
2507309,Jacaraú,PB,Paraíba,false
2507408,Jericó,PB,Paraíba,false
2507507,João Pessoa,PB,Paraíba,false
2513653,Joca Claudino,PB,Paraíba,false
2507606,Juarez Távora,PB,Paraíba,false
2507705,Juazeirinho,PB,Paraíba,false
2507804,Junco do Seridó,PB,Paraíba,false
2507903,Juripiranga,PB,Paraíba,false
2508000,Juru,PB,Paraíba,false
2508109,Lagoa,PB,Paraíba,false
2508208,Lagoa de Dentro,PB,Paraíba,false
2508307,Lagoa Seca,PB,Paraíba,false
2508406,Lastro,PB,Paraíba,false
2508505,Livramento,PB,Paraíba,false
2508554,Logradouro,PB,Paraíba,false
2508604,Lucena,PB,Paraíba,false
2508703,Mãe d'Água,PB,Paraíba,false
2508802,Malta,PB,Paraíba,false
2508901,Mamanguape,PB,Paraíba,false
2509008,Manaíra,PB,Paraíba,false
2509057,Marcação,PB,Paraíba,false
2509107,Mari,PB,Paraíba,false
2509156,Marizópolis,PB,Paraíba,false
2509206,Massaranduba,PB,Paraíba,false
2509305,Mataraca,PB,Paraíba,false
2509339,Matinhas,PB,Paraíba,false
2509370,Mato Grosso,PB,Paraíba,false
2509396,Maturéia,PB,Paraíba,false
2509404,Mogeiro,PB,Paraíba,false
2509503,Montadas,PB,Paraíba,false
2509602,Monte Horebe,PB,Paraíba,false
2509701,Monteiro,PB,Paraíba,false
2509800,Mulungu,PB,Paraíba,false
2509909,Natuba,PB,Paraíba,false
2510006,Nazarezinho,PB,Paraíba,false
2510105,Nova Floresta,PB,Paraíba,false
2510204,Nova Olinda,PB,Paraíba,false
2510303,Nova Palmeira,PB,Paraíba,false
2510402,Olho d'Água,PB,Paraíba,false
2510501,Olivedos,PB,Paraíba,false
2510600,Ouro Velho,PB,Paraíba,false
2510659,Parari,PB,Paraíba,false
2510709,Passagem,PB,Paraíba,false
2510808,Patos,PB,Paraíba,false
2510907,Paulista,PB,Paraíba,false
2511004,Pedra Branca,PB,Paraíba,false
2511103,Pedra Lavrada,PB,Paraíba,false
2511202,Pedras de Fogo,PB,Paraíba,false
2512721,Pedro Régis,PB,Paraíba,false
2511301,Piancó,PB,Paraíba,false
2511400,Picuí,PB,Paraíba,false
2511509,Pilar,PB,Paraíba,false
2511608,Pilões,PB,Paraíba,false
2511707,Pilõezinhos,PB,Paraíba,false
2511806,Pirpirituba,PB,Paraíba,false
2511905,Pitimbu,PB,Paraíba,false
2512002,Pocinhos,PB,Paraíba,false
2512036,Poço Dantas,PB,Paraíba,false
2512077,Poço de José de Moura,PB,Paraíba,false
2512101,Pombal,PB,Paraíba,false
2512200,Prata,PB,Paraíba,false
2512309,Princesa Isabel,PB,Paraíba,false
2512408,Puxinanã,PB,Paraíba,false
2512507,Queimadas,PB,Paraíba,false
2512606,Quixaba,PB,Paraíba,false
2512705,Remígio,PB,Paraíba,false
2512747,Riachão,PB,Paraíba,false
2512754,Riachão do Bacamarte,PB,Paraíba,false
2512762,Riachão do Poço,PB,Paraíba,false
2512788,Riacho de Santo Antônio,PB,Paraíba,false
2512804,Riacho dos Cavalos,PB,Paraíba,false
2512903,Rio Tinto,PB,Paraíba,false
2513000,Salgadinho,PB,Paraíba,false
2513109,Salgado de São Félix,PB,Paraíba,false
2513158,Santa Cecília,PB,Paraíba,false
2513208,Santa Cruz,PB,Paraíba,false
2513307,Santa Helena,PB,Paraíba,false
2513356,Santa Inês,PB,Paraíba,false
2513406,Santa Luzia,PB,Paraíba,false
2513703,Santa Rita,PB,Paraíba,false
2513802,Santa Teresinha,PB,Paraíba,false
2513505,Santana de Mangueira,PB,Paraíba,false
2513604,Santana dos Garrotes,PB,Paraíba,false
2513851,Santo André,PB,Paraíba,false
2513927,São Bentinho,PB,Paraíba,false
2513901,São Bento,PB,Paraíba,false
2513968,São Domingos,PB,Paraíba,false
2513943,São Domingos do Cariri,PB,Paraíba,false
2513984,São Francisco,PB,Paraíba,false
2514008,São João do Cariri,PB,Paraíba,false
2500700,São João do Rio do Peixe,PB,Paraíba,false
2514107,São João do Tigre,PB,Paraíba,false
2514206,São José da Lagoa Tapada,PB,Paraíba,false
2514305,São José de Caiana,PB,Paraíba,false
2514404,São José de Espinharas,PB,Paraíba,false
2514503,São José de Piranhas,PB,Paraíba,false
2514552,São José de Princesa,PB,Paraíba,false
2514602,São José do Bonfim,PB,Paraíba,false
2514651,São José do Brejo do Cruz,PB,Paraíba,false
2514701,São José do Sabugi,PB,Paraíba,false
2514800,São José dos Cordeiros,PB,Paraíba,false
2514453,São José dos Ramos,PB,Paraíba,false
2514909,São Mamede,PB,Paraíba,false
2515005,São Miguel de Taipu,PB,Paraíba,false
2515104,São Sebastião de Lagoa de Roça,PB,Paraíba,false
2515203,São Sebastião do Umbuzeiro,PB,Paraíba,false
2515401,São Vicente do Seridó,PB,Paraíba,false
2515302,Sapé,PB,Paraíba,false
2515500,Serra Branca,PB,Paraíba,false
2515609,Serra da Raiz,PB,Paraíba,false
2515708,Serra Grande,PB,Paraíba,false
2515807,Serra Redonda,PB,Paraíba,false
2515906,Serraria,PB,Paraíba,false
2515930,Sertãozinho,PB,Paraíba,false
2515971,Sobrado,PB,Paraíba,false
2516003,Solânea,PB,Paraíba,false
2516102,Soledade,PB,Paraíba,false
2516151,Sossêgo,PB,Paraíba,false
2516201,Sousa,PB,Paraíba,false
2516300,Sumé,PB,Paraíba,false
2516409,Tacima,PB,Paraíba,false
2516508,Taperoá,PB,Paraíba,false
2516607,Tavares,PB,Paraíba,false
2516706,Teixeira,PB,Paraíba,false
2516755,Tenório,PB,Paraíba,false
2516805,Triunfo,PB,Paraíba,false
2516904,Uiraúna,PB,Paraíba,false
2517001,Umbuzeiro,PB,Paraíba,false
2517100,Várzea,PB,Paraíba,false
2517209,Vieirópolis,PB,Paraíba,false
2505501,Vista Serrana,PB,Paraíba,false
2517407,Zabelê,PB,Paraíba,false
2600054,Abreu e Lima,PE,Pernambuco,true
2600104,Afogados da Ingazeira,PE,Pernambuco,false
2600203,Afrânio,PE,Pernambuco,false
2600302,Agrestina,PE,Pernambuco,false
2600401,Água Preta,PE,Pernambuco,false
2600500,Águas Belas,PE,Pernambuco,false
2600609,Alagoinha,PE,Pernambuco,false
2600708,Aliança,PE,Pernambuco,false
2600807,Altinho,PE,Pernambuco,false
2600906,Amaraji,PE,Pernambuco,false
2601003,Angelim,PE,Pernambuco,false
2601052,Araçoiaba,PE,Pernambuco,true
2601102,Araripina,PE,Pernambuco,false
2601201,Arcoverde,PE,Pernambuco,false
2601300,Barra de Guabiraba,PE,Pernambuco,false
2601409,Barreiros,PE,Pernambuco,false
2601508,Belém de Maria,PE,Pernambuco,false
2601607,Belém do São Francisco,PE,Pernambuco,false
2601706,Belo Jardim,PE,Pernambuco,false
2601805,Betânia,PE,Pernambuco,false
2601904,Bezerros,PE,Pernambuco,false
2602001,Bodocó,PE,Pernambuco,false
2602100,Bom Conselho,PE,Pernambuco,false
2602209,Bom Jardim,PE,Pernambuco,false
2602308,Bonito,PE,Pernambuco,false
2602407,Brejão,PE,Pernambuco,false
2602506,Brejinho,PE,Pernambuco,false
2602605,Brejo da Madre de Deus,PE,Pernambuco,false
2602704,Buenos Aires,PE,Pernambuco,false
2602803,Buíque,PE,Pernambuco,false
2602902,Cabo de Santo Agostinho,PE,Pernambuco,true
2603009,Cabrobó,PE,Pernambuco,false
2603108,Cachoeirinha,PE,Pernambuco,false
2603207,Caetés,PE,Pernambuco,false
2603306,Calçado,PE,Pernambuco,false
2603405,Calumbi,PE,Pernambuco,false
2603454,Camaragibe,PE,Pernambuco,true
2603504,Camocim de São Félix,PE,Pernambuco,false
2603603,Camutanga,PE,Pernambuco,false
2603702,Canhotinho,PE,Pernambuco,false
2603801,Capoeiras,PE,Pernambuco,false
2603900,Carnaíba,PE,Pernambuco,false
2603926,Carnaubeira da Penha,PE,Pernambuco,false
2604007,Carpina,PE,Pernambuco,false
2604106,Caruaru,PE,Pernambuco,false
2604155,Casinhas,PE,Pernambuco,false
2604205,Catende,PE,Pernambuco,false
2604304,Cedro,PE,Pernambuco,false
2604403,Chã de Alegria,PE,Pernambuco,false
2604502,Chã Grande,PE,Pernambuco,false
2604601,Condado,PE,Pernambuco,false
2604700,Correntes,PE,Pernambuco,false
2604809,Cortês,PE,Pernambuco,false
2604908,Cumaru,PE,Pernambuco,false
2605004,Cupira,PE,Pernambuco,false
2605103,Custódia,PE,Pernambuco,false
2605152,Dormentes,PE,Pernambuco,false
2605202,Escada,PE,Pernambuco,false
2605301,Exu,PE,Pernambuco,false
2605400,Feira Nova,PE,Pernambuco,false
2605459,Fernando de Noronha,PE,Pernambuco,false
2605509,Ferreiros,PE,Pernambuco,false
2605608,Flores,PE,Pernambuco,false
2605707,Floresta,PE,Pernambuco,false
2605806,Frei Miguelinho,PE,Pernambuco,false
2605905,Gameleira,PE,Pernambuco,false
2606002,Garanhuns,PE,Pernambuco,false
2606101,Glória do Goitá,PE,Pernambuco,false
2606200,Goiana,PE,Pernambuco,false
2606309,Granito,PE,Pernambuco,false
2606408,Gravatá,PE,Pernambuco,false
2606507,Iati,PE,Pernambuco,false
2606606,Ibimirim,PE,Pernambuco,false
2606705,Ibirajuba,PE,Pernambuco,false
2606804,Igarassu,PE,Pernambuco,true
2606903,Iguaracy,PE,Pernambuco,false
2607604,Ilha de Itamaracá,PE,Pernambuco,true
2607000,Inajá,PE,Pernambuco,false
2607109,Ingazeira,PE,Pernambuco,false
2607208,Ipojuca,PE,Pernambuco,true
2607307,Ipubi,PE,Pernambuco,false
2607406,Itacuruba,PE,Pernambuco,false
2607505,Itaíba,PE,Pernambuco,false
2607653,Itambé,PE,Pernambuco,false
2607703,Itapetim,PE,Pernambuco,false
2607752,Itapissuma,PE,Pernambuco,true
2607802,Itaquitinga,PE,Pernambuco,false
2607901,Jaboatão dos Guararapes,PE,Pernambuco,true
2607950,Jaqueira,PE,Pernambuco,false
2608008,Jataúba,PE,Pernambuco,false
2608057,Jatobá,PE,Pernambuco,false
2608107,João Alfredo,PE,Pernambuco,false
2608206,Joaquim Nabuco,PE,Pernambuco,false
2608255,Jucati,PE,Pernambuco,false
2608305,Jupi,PE,Pernambuco,false
2608404,Jurema,PE,Pernambuco,false
2608503,Lagoa de Itaenga,PE,Pernambuco,false
2608453,Lagoa do Carro,PE,Pernambuco,false
2608602,Lagoa do Ouro,PE,Pernambuco,false
2608701,Lagoa dos Gatos,PE,Pernambuco,false
2608750,Lagoa Grande,PE,Pernambuco,false
2608800,Lajedo,PE,Pernambuco,false
2608909,Limoeiro,PE,Pernambuco,false
2609006,Macaparana,PE,Pernambuco,false
2609105,Machados,PE,Pernambuco,false
2609154,Manari,PE,Pernambuco,false
2609204,Maraial,PE,Pernambuco,false
2609303,Mirandiba,PE,Pernambuco,false
2614303,Moreilândia,PE,Pernambuco,false
2609402,Moreno,PE,Pernambuco,true
2609501,Nazaré da Mata,PE,Pernambuco,false
2609600,Olinda,PE,Pernambuco,true
2609709,Orobó,PE,Pernambuco,false
2609808,Orocó,PE,Pernambuco,false
2609907,Ouricuri,PE,Pernambuco,false
2610004,Palmares,PE,Pernambuco,false
2610103,Palmeirina,PE,Pernambuco,false
2610202,Panelas,PE,Pernambuco,false
2610301,Paranatama,PE,Pernambuco,false
2610400,Parnamirim,PE,Pernambuco,false
2610509,Passira,PE,Pernambuco,false
2610608,Paudalho,PE,Pernambuco,false
2610707,Paulista,PE,Pernambuco,true
2610806,Pedra,PE,Pernambuco,false
2610905,Pesqueira,PE,Pernambuco,false
2611002,Petrolândia,PE,Pernambuco,false
2611101,Petrolina,PE,Pernambuco,false
2611200,Poção,PE,Pernambuco,false
2611309,Pombos,PE,Pernambuco,false
2611408,Primavera,PE,Pernambuco,false
2611507,Quipapá,PE,Pernambuco,false
2611533,Quixaba,PE,Pernambuco,false
2611606,Recife,PE,Pernambuco,true
2611705,Riacho das Almas,PE,Pernambuco,false
2611804,Ribeirão,PE,Pernambuco,false
2611903,Rio Formoso,PE,Pernambuco,false
2612000,Sairé,PE,Pernambuco,false
2612109,Salgadinho,PE,Pernambuco,false
2612208,Salgueiro,PE,Pernambuco,false
2612307,Saloá,PE,Pernambuco,false
2612406,Sanharó,PE,Pernambuco,false
2612455,Santa Cruz,PE,Pernambuco,false
2612471,Santa Cruz da Baixa Verde,PE,Pernambuco,false
2612505,Santa Cruz do Capibaribe,PE,Pernambuco,false
2612554,Santa Filomena,PE,Pernambuco,false
2612604,Santa Maria da Boa Vista,PE,Pernambuco,false
2612703,Santa Maria do Cambucá,PE,Pernambuco,false
2612802,Santa Terezinha,PE,Pernambuco,false
2612901,São Benedito do Sul,PE,Pernambuco,false
2613008,São Bento do Una,PE,Pernambuco,false
2613107,São Caitano,PE,Pernambuco,false
2613206,São João,PE,Pernambuco,false
2613305,São Joaquim do Monte,PE,Pernambuco,false
2613404,São José da Coroa Grande,PE,Pernambuco,false
2613503,São José do Belmonte,PE,Pernambuco,false
2613602,São José do Egito,PE,Pernambuco,false
2613701,São Lourenço da Mata,PE,Pernambuco,true
2613800,São Vicente Férrer,PE,Pernambuco,false
2613909,Serra Talhada,PE,Pernambuco,false
2614006,Serrita,PE,Pernambuco,false
2614105,Sertânia,PE,Pernambuco,false
2614204,Sirinhaém,PE,Pernambuco,false
2614402,Solidão,PE,Pernambuco,false
2614501,Surubim,PE,Pernambuco,false
2614600,Tabira,PE,Pernambuco,false
2614709,Tacaimbó,PE,Pernambuco,false
2614808,Tacaratu,PE,Pernambuco,false
2614857,Tamandaré,PE,Pernambuco,false
2615003,Taquaritinga do Norte,PE,Pernambuco,false
2615102,Terezinha,PE,Pernambuco,false
2615201,Terra Nova,PE,Pernambuco,false
2615300,Timbaúba,PE,Pernambuco,false
2615409,Toritama,PE,Pernambuco,false
2615508,Tracunhaém,PE,Pernambuco,false
2615607,Trindade,PE,Pernambuco,false
2615706,Triunfo,PE,Pernambuco,false
2615805,Tupanatinga,PE,Pernambuco,false
2615904,Tuparetama,PE,Pernambuco,false
2616001,Venturosa,PE,Pernambuco,false
2616100,Verdejante,PE,Pernambuco,false
2616183,Vertente do Lério,PE,Pernambuco,false
2616209,Vertentes,PE,Pernambuco,false
2616308,Vicência,PE,Pernambuco,false
2616407,Vitória de Santo Antão,PE,Pernambuco,false
2616506,Xexéu,PE,Pernambuco,false
2700102,Água Branca,AL,Alagoas,false
2700201,Anadia,AL,Alagoas,false
2700300,Arapiraca,AL,Alagoas,false
2700409,Atalaia,AL,Alagoas,false
2700508,Barra de Santo Antônio,AL,Alagoas,false
2700607,Barra de São Miguel,AL,Alagoas,false
2700706,Batalha,AL,Alagoas,false
2700805,Belém,AL,Alagoas,false
2700904,Belo Monte,AL,Alagoas,false
2701001,Boca da Mata,AL,Alagoas,false
2701100,Branquinha,AL,Alagoas,false
2701209,Cacimbinhas,AL,Alagoas,false
2701308,Cajueiro,AL,Alagoas,false
2701357,Campestre,AL,Alagoas,false
2701407,Campo Alegre,AL,Alagoas,false
2701506,Campo Grande,AL,Alagoas,false
2701605,Canapi,AL,Alagoas,false
2701704,Capela,AL,Alagoas,false
2701803,Carneiros,AL,Alagoas,false
2701902,Chã Preta,AL,Alagoas,false
2702009,Coité do Nóia,AL,Alagoas,false
2702108,Colônia Leopoldina,AL,Alagoas,false
2702207,Coqueiro Seco,AL,Alagoas,false
2702306,Coruripe,AL,Alagoas,false
2702355,Craíbas,AL,Alagoas,false
2702405,Delmiro Gouveia,AL,Alagoas,false
2702504,Dois Riachos,AL,Alagoas,false
2702553,Estrela de Alagoas,AL,Alagoas,false
2702603,Feira Grande,AL,Alagoas,false
2702702,Feliz Deserto,AL,Alagoas,false
2702801,Flexeiras,AL,Alagoas,false
2702900,Girau do Ponciano,AL,Alagoas,false
2703007,Ibateguara,AL,Alagoas,false
2703106,Igaci,AL,Alagoas,false
2703205,Igreja Nova,AL,Alagoas,false
2703304,Inhapi,AL,Alagoas,false
2703403,Jacaré dos Homens,AL,Alagoas,false
2703502,Jacuípe,AL,Alagoas,false
2703601,Japaratinga,AL,Alagoas,false
2703700,Jaramataia,AL,Alagoas,false
2703759,Jequiá da Praia,AL,Alagoas,false
2703809,Joaquim Gomes,AL,Alagoas,false
2703908,Jundiá,AL,Alagoas,false
2704005,Junqueiro,AL,Alagoas,false
2704104,Lagoa da Canoa,AL,Alagoas,false
2704203,Limoeiro de Anadia,AL,Alagoas,false
2704302,Maceió,AL,Alagoas,false
2704401,Major Isidoro,AL,Alagoas,false
2704906,Mar Vermelho,AL,Alagoas,false
2704500,Maragogi,AL,Alagoas,false
2704609,Maravilha,AL,Alagoas,false
2704708,Marechal Deodoro,AL,Alagoas,false
2704807,Maribondo,AL,Alagoas,false
2705002,Mata Grande,AL,Alagoas,false
2705101,Matriz de Camaragibe,AL,Alagoas,false
2705200,Messias,AL,Alagoas,false
2705309,Minador do Negrão,AL,Alagoas,false
2705408,Monteirópolis,AL,Alagoas,false
2705507,Murici,AL,Alagoas,false
2705606,Novo Lino,AL,Alagoas,false
2705705,Olho d'Água das Flores,AL,Alagoas,false
2705804,Olho d'Água do Casado,AL,Alagoas,false
2705903,Olho d'Água Grande,AL,Alagoas,false
2706000,Olivença,AL,Alagoas,false
2706109,Ouro Branco,AL,Alagoas,false
2706208,Palestina,AL,Alagoas,false
2706307,Palmeira dos Índios,AL,Alagoas,false
2706406,Pão de Açúcar,AL,Alagoas,false
2706422,Pariconha,AL,Alagoas,false
2706448,Paripueira,AL,Alagoas,false
2706505,Passo de Camaragibe,AL,Alagoas,false
2706604,Paulo Jacinto,AL,Alagoas,false
2706703,Penedo,AL,Alagoas,false
2706802,Piaçabuçu,AL,Alagoas,false
2706901,Pilar,AL,Alagoas,false
2707008,Pindoba,AL,Alagoas,false
2707107,Piranhas,AL,Alagoas,false
2707206,Poço das Trincheiras,AL,Alagoas,false
2707305,Porto Calvo,AL,Alagoas,false
2707404,Porto de Pedras,AL,Alagoas,false
2707503,Porto Real do Colégio,AL,Alagoas,false
2707602,Quebrangulo,AL,Alagoas,false
2707701,Rio Largo,AL,Alagoas,false
2707800,Roteiro,AL,Alagoas,false
2707909,Santa Luzia do Norte,AL,Alagoas,false
2708006,Santana do Ipanema,AL,Alagoas,false
2708105,Santana do Mundaú,AL,Alagoas,false
2708204,São Brás,AL,Alagoas,false
2708303,São José da Laje,AL,Alagoas,false
2708402,São José da Tapera,AL,Alagoas,false
2708501,São Luís do Quitunde,AL,Alagoas,false
2708600,São Miguel dos Campos,AL,Alagoas,false
2708709,São Miguel dos Milagres,AL,Alagoas,false
2708808,São Sebastião,AL,Alagoas,false
2708907,Satuba,AL,Alagoas,false
2708956,Senador Rui Palmeira,AL,Alagoas,false
2709004,Tanque d'Arca,AL,Alagoas,false
2709103,Taquarana,AL,Alagoas,false
2709152,Teotônio Vilela,AL,Alagoas,false
2709202,Traipu,AL,Alagoas,false
2709301,União dos Palmares,AL,Alagoas,false
2709400,Viçosa,AL,Alagoas,false
2800100,Amparo do São Francisco,SE,Sergipe,false
2800209,Aquidabã,SE,Sergipe,false
2800308,Aracaju,SE,Sergipe,false
2800407,Arauá,SE,Sergipe,false
2800506,Areia Branca,SE,Sergipe,false
2800605,Barra dos Coqueiros,SE,Sergipe,false
2800670,Boquim,SE,Sergipe,false
2800704,Brejo Grande,SE,Sergipe,false
2801009,Campo do Brito,SE,Sergipe,false
2801108,Canhoba,SE,Sergipe,false
2801207,Canindé de São Francisco,SE,Sergipe,false
2801306,Capela,SE,Sergipe,false
2801405,Carira,SE,Sergipe,false
2801504,Carmópolis,SE,Sergipe,false
2801603,Cedro de São João,SE,Sergipe,false
2801702,Cristinápolis,SE,Sergipe,false
2801900,Cumbe,SE,Sergipe,false
2802007,Divina Pastora,SE,Sergipe,false
2802106,Estância,SE,Sergipe,false
2802205,Feira Nova,SE,Sergipe,false
2802304,Frei Paulo,SE,Sergipe,false
2802403,Gararu,SE,Sergipe,false
2802502,General Maynard,SE,Sergipe,false
2802601,Gracho Cardoso,SE,Sergipe,false
2802700,Ilha das Flores,SE,Sergipe,false
2802809,Indiaroba,SE,Sergipe,false
2802908,Itabaiana,SE,Sergipe,false
2803005,Itabaianinha,SE,Sergipe,false
2803104,Itabi,SE,Sergipe,false
2803203,Itaporanga d'Ajuda,SE,Sergipe,false
2803302,Japaratuba,SE,Sergipe,false
2803401,Japoatã,SE,Sergipe,false
2803500,Lagarto,SE,Sergipe,false
2803609,Laranjeiras,SE,Sergipe,false
2803708,Macambira,SE,Sergipe,false
2803807,Malhada dos Bois,SE,Sergipe,false
2803906,Malhador,SE,Sergipe,false
2804003,Maruim,SE,Sergipe,false
2804102,Moita Bonita,SE,Sergipe,false
2804201,Monte Alegre de Sergipe,SE,Sergipe,false
2804300,Muribeca,SE,Sergipe,false
2804409,Neópolis,SE,Sergipe,false
2804458,Nossa Senhora Aparecida,SE,Sergipe,false
2804508,Nossa Senhora da Glória,SE,Sergipe,false
2804607,Nossa Senhora das Dores,SE,Sergipe,false
2804706,Nossa Senhora de Lourdes,SE,Sergipe,false
2804805,Nossa Senhora do Socorro,SE,Sergipe,false
2804904,Pacatuba,SE,Sergipe,false
2805000,Pedra Mole,SE,Sergipe,false
2805109,Pedrinhas,SE,Sergipe,false
2805208,Pinhão,SE,Sergipe,false
2805307,Pirambu,SE,Sergipe,false
2805406,Poço Redondo,SE,Sergipe,false
2805505,Poço Verde,SE,Sergipe,false
2805604,Porto da Folha,SE,Sergipe,false
2805703,Propriá,SE,Sergipe,false
2805802,Riachão do Dantas,SE,Sergipe,false
2805901,Riachuelo,SE,Sergipe,false
2806008,Ribeirópolis,SE,Sergipe,false
2806107,Rosário do Catete,SE,Sergipe,false
2806206,Salgado,SE,Sergipe,false
2806305,Santa Luzia do Itanhy,SE,Sergipe,false
2806503,Santa Rosa de Lima,SE,Sergipe,false
2806404,Santana do São Francisco,SE,Sergipe,false
2806602,Santo Amaro das Brotas,SE,Sergipe,false
2806701,São Cristóvão,SE,Sergipe,false
2806800,São Domingos,SE,Sergipe,false
2806909,São Francisco,SE,Sergipe,false
2807006,São Miguel do Aleixo,SE,Sergipe,false
2807105,Simão Dias,SE,Sergipe,false
2807204,Siriri,SE,Sergipe,false
2807303,Telha,SE,Sergipe,false
2807402,Tobias Barreto,SE,Sergipe,false
2807501,Tomar do Geru,SE,Sergipe,false
2807600,Umbaúba,SE,Sergipe,false
2900108,Abaíra,BA,Bahia,false
2900207,Abaré,BA,Bahia,false
2900306,Acajutiba,BA,Bahia,false
2900355,Adustina,BA,Bahia,false
2900405,Água Fria,BA,Bahia,false
2900603,Aiquara,BA,Bahia,false
2900702,Alagoinhas,BA,Bahia,false
2900801,Alcobaça,BA,Bahia,false
2900900,Almadina,BA,Bahia,false
2901007,Amargosa,BA,Bahia,false
2901106,Amélia Rodrigues,BA,Bahia,false
2901155,América Dourada,BA,Bahia,false
2901205,Anagé,BA,Bahia,false
2901304,Andaraí,BA,Bahia,false
2901353,Andorinha,BA,Bahia,false
2901403,Angical,BA,Bahia,false
2901502,Anguera,BA,Bahia,false
2901601,Antas,BA,Bahia,false
2901700,Antônio Cardoso,BA,Bahia,false
2901809,Antônio Gonçalves,BA,Bahia,false
2901908,Aporá,BA,Bahia,false
2901957,Apuarema,BA,Bahia,false
2902054,Araçás,BA,Bahia,false
2902005,Aracatu,BA,Bahia,false
2902104,Araci,BA,Bahia,false
2902203,Aramari,BA,Bahia,false
2902252,Arataca,BA,Bahia,false
2902302,Aratuípe,BA,Bahia,false
2902401,Aurelino Leal,BA,Bahia,false
2902500,Baianópolis,BA,Bahia,false
2902609,Baixa Grande,BA,Bahia,false
2902658,Banzaê,BA,Bahia,false
2902708,Barra,BA,Bahia,false
2902807,Barra da Estiva,BA,Bahia,false
2902906,Barra do Choça,BA,Bahia,false
2903003,Barra do Mendes,BA,Bahia,false
2903102,Barra do Rocha,BA,Bahia,false
2903201,Barreiras,BA,Bahia,false
2903235,Barro Alto,BA,Bahia,false
2903300,Barro Preto,BA,Bahia,false
2903276,Barrocas,BA,Bahia,false
2903409,Belmonte,BA,Bahia,false
2903508,Belo Campo,BA,Bahia,false
2903607,Biritinga,BA,Bahia,false
2903706,Boa Nova,BA,Bahia,false
2903805,Boa Vista do Tupim,BA,Bahia,false
2903904,Bom Jesus da Lapa,BA,Bahia,false
2903953,Bom Jesus da Serra,BA,Bahia,false
2904001,Boninal,BA,Bahia,false
2904050,Bonito,BA,Bahia,false
2904100,Boquira,BA,Bahia,false
2904209,Botuporã,BA,Bahia,false
2904308,Brejões,BA,Bahia,false
2904407,Brejolândia,BA,Bahia,false
2904506,Brotas de Macaúbas,BA,Bahia,false
2904605,Brumado,BA,Bahia,false
2904704,Buerarema,BA,Bahia,false
2904753,Buritirama,BA,Bahia,false
2904803,Caatiba,BA,Bahia,false
2904852,Cabaceiras do Paraguaçu,BA,Bahia,false
2904902,Cachoeira,BA,Bahia,false
2905008,Caculé,BA,Bahia,false
2905107,Caém,BA,Bahia,false
2905156,Caetanos,BA,Bahia,false
2905206,Caetité,BA,Bahia,false
2905305,Cafarnaum,BA,Bahia,false
2905404,Cairu,BA,Bahia,false
2905503,Caldeirão Grande,BA,Bahia,false
2905602,Camacan,BA,Bahia,false
2905701,Camaçari,BA,Bahia,false
2905800,Camamu,BA,Bahia,false
2905909,Campo Alegre de Lourdes,BA,Bahia,false
2906006,Campo Formoso,BA,Bahia,false
2906105,Canápolis,BA,Bahia,false
2906204,Canarana,BA,Bahia,false
2906303,Canavieiras,BA,Bahia,false
2906402,Candeal,BA,Bahia,false
2906501,Candeias,BA,Bahia,false
2906600,Candiba,BA,Bahia,false
2906709,Cândido Sales,BA,Bahia,false
2906808,Cansanção,BA,Bahia,false
2906824,Canudos,BA,Bahia,false
2906857,Capela do Alto Alegre,BA,Bahia,false
2906873,Capim Grosso,BA,Bahia,false
2906899,Caraíbas,BA,Bahia,false
2906907,Caravelas,BA,Bahia,false
2907004,Cardeal da Silva,BA,Bahia,false
2907103,Carinhanha,BA,Bahia,false
2907202,Casa Nova,BA,Bahia,false
2907301,Castro Alves,BA,Bahia,false
2907400,Catolândia,BA,Bahia,false
2907509,Catu,BA,Bahia,false
2907558,Caturama,BA,Bahia,false
2907608,Central,BA,Bahia,false
2907707,Chorrochó,BA,Bahia,false
2907806,Cícero Dantas,BA,Bahia,false
2907905,Cipó,BA,Bahia,false
2908002,Coaraci,BA,Bahia,false
2908101,Cocos,BA,Bahia,false
2908200,Conceição da Feira,BA,Bahia,false
2908309,Conceição do Almeida,BA,Bahia,false
2908408,Conceição do Coité,BA,Bahia,false
2908507,Conceição do Jacuípe,BA,Bahia,false
2908606,Conde,BA,Bahia,false
2908705,Condeúba,BA,Bahia,false
2908804,Contendas do Sincorá,BA,Bahia,false
2908903,Coração de Maria,BA,Bahia,false
2909000,Cordeiros,BA,Bahia,false
2909109,Coribe,BA,Bahia,false
2909208,Coronel João Sá,BA,Bahia,false
2909307,Correntina,BA,Bahia,false
2909406,Cotegipe,BA,Bahia,false
2909505,Cravolândia,BA,Bahia,false
2909604,Crisópolis,BA,Bahia,false
2909703,Cristópolis,BA,Bahia,false
2909802,Cruz das Almas,BA,Bahia,false
2909901,Curaçá,BA,Bahia,false
2910008,Dário Meira,BA,Bahia,false
2910057,Dias d'Ávila,BA,Bahia,false
2910107,Dom Basílio,BA,Bahia,false
2910206,Dom Macedo Costa,BA,Bahia,false
2910305,Elísio Medrado,BA,Bahia,false
2910404,Encruzilhada,BA,Bahia,false
2910503,Entre Rios,BA,Bahia,false
2900504,Érico Cardoso,BA,Bahia,false
2910602,Esplanada,BA,Bahia,false
2910701,Euclides da Cunha,BA,Bahia,false
2910727,Eunápolis,BA,Bahia,false
2910750,Fátima,BA,Bahia,false
2910776,Feira da Mata,BA,Bahia,false
2910800,Feira de Santana,BA,Bahia,false
2910859,Filadélfia,BA,Bahia,false
2910909,Firmino Alves,BA,Bahia,false
2911006,Floresta Azul,BA,Bahia,false
2911105,Formosa do Rio Preto,BA,Bahia,false
2911204,Gandu,BA,Bahia,false
2911253,Gavião,BA,Bahia,false
2911303,Gentio do Ouro,BA,Bahia,false
2911402,Glória,BA,Bahia,false
2911501,Gongogi,BA,Bahia,false
2911600,Governador Mangabeira,BA,Bahia,false
2911659,Guajeru,BA,Bahia,false
2911709,Guanambi,BA,Bahia,false
2911808,Guaratinga,BA,Bahia,false
2911857,Heliópolis,BA,Bahia,false
2911907,Iaçu,BA,Bahia,false
2912004,Ibiassucê,BA,Bahia,false
2912103,Ibicaraí,BA,Bahia,false
2912202,Ibicoara,BA,Bahia,false
2912301,Ibicuí,BA,Bahia,false
2912400,Ibipeba,BA,Bahia,false
2912509,Ibipitanga,BA,Bahia,false
2912608,Ibiquera,BA,Bahia,false
2912707,Ibirapitanga,BA,Bahia,false
2912806,Ibirapuã,BA,Bahia,false
2912905,Ibirataia,BA,Bahia,false
2913002,Ibitiara,BA,Bahia,false
2913101,Ibititá,BA,Bahia,false
2913200,Ibotirama,BA,Bahia,false
2913309,Ichu,BA,Bahia,false
2913408,Igaporã,BA,Bahia,false
2913457,Igrapiúna,BA,Bahia,false
2913507,Iguaí,BA,Bahia,false
2913606,Ilhéus,BA,Bahia,false
2913705,Inhambupe,BA,Bahia,false
2913804,Ipecaetá,BA,Bahia,false
2913903,Ipiaú,BA,Bahia,false
2914000,Ipirá,BA,Bahia,false
2914109,Ipupiara,BA,Bahia,false
2914208,Irajuba,BA,Bahia,false
2914307,Iramaia,BA,Bahia,false
2914406,Iraquara,BA,Bahia,false
2914505,Irará,BA,Bahia,false
2914604,Irecê,BA,Bahia,false
2914653,Itabela,BA,Bahia,false
2914703,Itaberaba,BA,Bahia,false
2914802,Itabuna,BA,Bahia,false
2914901,Itacaré,BA,Bahia,false
2915007,Itaeté,BA,Bahia,false
2915106,Itagi,BA,Bahia,false
2915205,Itagibá,BA,Bahia,false
2915304,Itagimirim,BA,Bahia,false
2915353,Itaguaçu da Bahia,BA,Bahia,false
2915403,Itaju do Colônia,BA,Bahia,false
2915502,Itajuípe,BA,Bahia,false
2915601,Itamaraju,BA,Bahia,false
2915700,Itamari,BA,Bahia,false
2915809,Itambé,BA,Bahia,false
2915908,Itanagra,BA,Bahia,false
2916005,Itanhém,BA,Bahia,false
2916104,Itaparica,BA,Bahia,false
2916203,Itapé,BA,Bahia,false
2916302,Itapebi,BA,Bahia,false
2916401,Itapetinga,BA,Bahia,false
2916500,Itapicuru,BA,Bahia,false
2916609,Itapitanga,BA,Bahia,false
2916708,Itaquara,BA,Bahia,false
2916807,Itarantim,BA,Bahia,false
2916856,Itatim,BA,Bahia,false
2916906,Itiruçu,BA,Bahia,false
2917003,Itiúba,BA,Bahia,false
2917102,Itororó,BA,Bahia,false
2917201,Ituaçu,BA,Bahia,false
2917300,Ituberá,BA,Bahia,false
2917334,Iuiu,BA,Bahia,false
2917359,Jaborandi,BA,Bahia,false
2917409,Jacaraci,BA,Bahia,false
2917508,Jacobina,BA,Bahia,false
2917607,Jaguaquara,BA,Bahia,false
2917706,Jaguarari,BA,Bahia,false
2917805,Jaguaripe,BA,Bahia,false
2917904,Jandaíra,BA,Bahia,false
2918001,Jequié,BA,Bahia,false
2918100,Jeremoabo,BA,Bahia,false
2918209,Jiquiriçá,BA,Bahia,false
2918308,Jitaúna,BA,Bahia,false
2918357,João Dourado,BA,Bahia,false
2918407,Juazeiro,BA,Bahia,false
2918456,Jucuruçu,BA,Bahia,false
2918506,Jussara,BA,Bahia,false
2918555,Jussari,BA,Bahia,false
2918605,Jussiape,BA,Bahia,false
2918704,Lafaiete Coutinho,BA,Bahia,false
2918753,Lagoa Real,BA,Bahia,false
2918803,Laje,BA,Bahia,false
2918902,Lajedão,BA,Bahia,false
2919009,Lajedinho,BA,Bahia,false
2919058,Lajedo do Tabocal,BA,Bahia,false
2919108,Lamarão,BA,Bahia,false
2919157,Lapão,BA,Bahia,false
2919207,Lauro de Freitas,BA,Bahia,false
2919306,Lençóis,BA,Bahia,false
2919405,Licínio de Almeida,BA,Bahia,false
2919504,Livramento de Nossa Senhora,BA,Bahia,false
2919553,Luís Eduardo Magalhães,BA,Bahia,false
2919603,Macajuba,BA,Bahia,false
2919702,Macarani,BA,Bahia,false
2919801,Macaúbas,BA,Bahia,false
2919900,Macururé,BA,Bahia,false
2919926,Madre de Deus,BA,Bahia,false
2919959,Maetinga,BA,Bahia,false
2920007,Maiquinique,BA,Bahia,false
2920106,Mairi,BA,Bahia,false
2920205,Malhada,BA,Bahia,false
2920304,Malhada de Pedras,BA,Bahia,false
2920403,Manoel Vitorino,BA,Bahia,false
2920452,Mansidão,BA,Bahia,false
2920502,Maracás,BA,Bahia,false
2920601,Maragogipe,BA,Bahia,false
2920700,Maraú,BA,Bahia,false
2920809,Marcionílio Souza,BA,Bahia,false
2920908,Mascote,BA,Bahia,false
2921005,Mata de São João,BA,Bahia,false
2921054,Matina,BA,Bahia,false
2921104,Medeiros Neto,BA,Bahia,false
2921203,Miguel Calmon,BA,Bahia,false
2921302,Milagres,BA,Bahia,false
2921401,Mirangaba,BA,Bahia,false
2921450,Mirante,BA,Bahia,false
2921500,Monte Santo,BA,Bahia,false
2921609,Morpará,BA,Bahia,false
2921708,Morro do Chapéu,BA,Bahia,false
2921807,Mortugaba,BA,Bahia,false
2921906,Mucugê,BA,Bahia,false
2922003,Mucuri,BA,Bahia,false
2922052,Mulungu do Morro,BA,Bahia,false
2922102,Mundo Novo,BA,Bahia,false
2922201,Muniz Ferreira,BA,Bahia,false
2922250,Muquém do São Francisco,BA,Bahia,false
2922300,Muritiba,BA,Bahia,false
2922409,Mutuípe,BA,Bahia,false
2922508,Nazaré,BA,Bahia,false
2922607,Nilo Peçanha,BA,Bahia,false
2922656,Nordestina,BA,Bahia,false
2922706,Nova Canaã,BA,Bahia,false
2922730,Nova Fátima,BA,Bahia,false
2922755,Nova Ibiá,BA,Bahia,false
2922805,Nova Itarana,BA,Bahia,false
2922854,Nova Redenção,BA,Bahia,false
2922904,Nova Soure,BA,Bahia,false
2923001,Nova Viçosa,BA,Bahia,false
2923035,Novo Horizonte,BA,Bahia,false
2923050,Novo Triunfo,BA,Bahia,false
2923100,Olindina,BA,Bahia,false
2923209,Oliveira dos Brejinhos,BA,Bahia,false
2923308,Ouriçangas,BA,Bahia,false
2923357,Ourolândia,BA,Bahia,false
2923407,Palmas de Monte Alto,BA,Bahia,false
2923506,Palmeiras,BA,Bahia,false
2923605,Paramirim,BA,Bahia,false
2923704,Paratinga,BA,Bahia,false
2923803,Paripiranga,BA,Bahia,false
2923902,Pau Brasil,BA,Bahia,false
2924009,Paulo Afonso,BA,Bahia,false
2924058,Pé de Serra,BA,Bahia,false
2924108,Pedrão,BA,Bahia,false
2924207,Pedro Alexandre,BA,Bahia,false
2924306,Piatã,BA,Bahia,false
2924405,Pilão Arcado,BA,Bahia,false
2924504,Pindaí,BA,Bahia,false
2924603,Pindobaçu,BA,Bahia,false
2924652,Pintadas,BA,Bahia,false
2924678,Piraí do Norte,BA,Bahia,false
2924702,Piripá,BA,Bahia,false
2924801,Piritiba,BA,Bahia,false
2924900,Planaltino,BA,Bahia,false
2925006,Planalto,BA,Bahia,false
2925105,Poções,BA,Bahia,false
2925204,Pojuca,BA,Bahia,false
2925253,Ponto Novo,BA,Bahia,false
2925303,Porto Seguro,BA,Bahia,false
2925402,Potiraguá,BA,Bahia,false
2925501,Prado,BA,Bahia,false
2925600,Presidente Dutra,BA,Bahia,false
2925709,Presidente Jânio Quadros,BA,Bahia,false
2925758,Presidente Tancredo Neves,BA,Bahia,false
2925808,Queimadas,BA,Bahia,false
2925907,Quijingue,BA,Bahia,false
2925931,Quixabeira,BA,Bahia,false
2925956,Rafael Jambeiro,BA,Bahia,false
2926004,Remanso,BA,Bahia,false
2926103,Retirolândia,BA,Bahia,false
2926202,Riachão das Neves,BA,Bahia,false
2926301,Riachão do Jacuípe,BA,Bahia,false
2926400,Riacho de Santana,BA,Bahia,false
2926509,Ribeira do Amparo,BA,Bahia,false
2926608,Ribeira do Pombal,BA,Bahia,false
2926657,Ribeirão do Largo,BA,Bahia,false
2926707,Rio de Contas,BA,Bahia,false
2926806,Rio do Antônio,BA,Bahia,false
2926905,Rio do Pires,BA,Bahia,false
2927002,Rio Real,BA,Bahia,false
2927101,Rodelas,BA,Bahia,false
2927200,Ruy Barbosa,BA,Bahia,false
2927309,Salinas da Margarida,BA,Bahia,false
2927408,Salvador,BA,Bahia,false
2927507,Santa Bárbara,BA,Bahia,false
2927606,Santa Brígida,BA,Bahia,false
2927705,Santa Cruz Cabrália,BA,Bahia,false
2927804,Santa Cruz da Vitória,BA,Bahia,false
2927903,Santa Inês,BA,Bahia,false
2928059,Santa Luzia,BA,Bahia,false
2928109,Santa Maria da Vitória,BA,Bahia,false
2928406,Santa Rita de Cássia,BA,Bahia,false
2928505,Santa Terezinha,BA,Bahia,false
2928000,Santaluz,BA,Bahia,false
2928208,Santana,BA,Bahia,false
2928307,Santanópolis,BA,Bahia,false
2928604,Santo Amaro,BA,Bahia,false
2928703,Santo Antônio de Jesus,BA,Bahia,false
2928802,Santo Estêvão,BA,Bahia,false
2928901,São Desidério,BA,Bahia,false
2928950,São Domingos,BA,Bahia,false
2929107,São Felipe,BA,Bahia,false
2929008,São Félix,BA,Bahia,false
2929057,São Félix do Coribe,BA,Bahia,false
2929206,São Francisco do Conde,BA,Bahia,false
2929255,São Gabriel,BA,Bahia,false
2929305,São Gonçalo dos Campos,BA,Bahia,false
2929354,São José da Vitória,BA,Bahia,false
2929370,São José do Jacuípe,BA,Bahia,false
2929404,São Miguel das Matas,BA,Bahia,false
2929503,São Sebastião do Passé,BA,Bahia,false
2929602,Sapeaçu,BA,Bahia,false
2929701,Sátiro Dias,BA,Bahia,false
2929750,Saubara,BA,Bahia,false
2929800,Saúde,BA,Bahia,false
2929909,Seabra,BA,Bahia,false
2930006,Sebastião Laranjeiras,BA,Bahia,false
2930105,Senhor do Bonfim,BA,Bahia,false
2930204,Sento Sé,BA,Bahia,false
2930154,Serra do Ramalho,BA,Bahia,false
2930303,Serra Dourada,BA,Bahia,false
2930402,Serra Preta,BA,Bahia,false
2930501,Serrinha,BA,Bahia,false
2930600,Serrolândia,BA,Bahia,false
2930709,Simões Filho,BA,Bahia,false
2930758,Sítio do Mato,BA,Bahia,false
2930766,Sítio do Quinto,BA,Bahia,false
2930774,Sobradinho,BA,Bahia,false
2930808,Souto Soares,BA,Bahia,false
2930907,Tabocas do Brejo Velho,BA,Bahia,false
2931004,Tanhaçu,BA,Bahia,false
2931053,Tanque Novo,BA,Bahia,false
2931103,Tanquinho,BA,Bahia,false
2931202,Taperoá,BA,Bahia,false
2931301,Tapiramutá,BA,Bahia,false
2931350,Teixeira de Freitas,BA,Bahia,false
2931400,Teodoro Sampaio,BA,Bahia,false
2931509,Teofilândia,BA,Bahia,false
2931608,Teolândia,BA,Bahia,false
2931707,Terra Nova,BA,Bahia,false
2931806,Tremedal,BA,Bahia,false
2931905,Tucano,BA,Bahia,false
2932002,Uauá,BA,Bahia,false
2932101,Ubaíra,BA,Bahia,false
2932200,Ubaitaba,BA,Bahia,false
2932309,Ubatã,BA,Bahia,false
2932408,Uibaí,BA,Bahia,false
2932457,Umburanas,BA,Bahia,false
2932507,Una,BA,Bahia,false
2932606,Urandi,BA,Bahia,false
2932705,Uruçuca,BA,Bahia,false
2932804,Utinga,BA,Bahia,false
2932903,Valença,BA,Bahia,false
2933000,Valente,BA,Bahia,false
2933059,Várzea da Roça,BA,Bahia,false
2933109,Várzea do Poço,BA,Bahia,false
2933158,Várzea Nova,BA,Bahia,false
2933174,Varzedo,BA,Bahia,false
2933208,Vera Cruz,BA,Bahia,false
2933257,Vereda,BA,Bahia,false
2933307,Vitória da Conquista,BA,Bahia,false
2933406,Wagner,BA,Bahia,false
2933455,Wanderley,BA,Bahia,false
2933505,Wenceslau Guimarães,BA,Bahia,false
2933604,Xique-Xique,BA,Bahia,false
3100104,Abadia dos Dourados,MG,Minas Gerais,false
3100203,Abaeté,MG,Minas Gerais,false
3100302,Abre Campo,MG,Minas Gerais,false
3100401,Acaiaca,MG,Minas Gerais,false
3100500,Açucena,MG,Minas Gerais,false
3100609,Água Boa,MG,Minas Gerais,false
3100708,Água Comprida,MG,Minas Gerais,false
3100807,Aguanil,MG,Minas Gerais,false
3100906,Águas Formosas,MG,Minas Gerais,false
3101003,Águas Vermelhas,MG,Minas Gerais,false
3101102,Aimorés,MG,Minas Gerais,false
3101201,Aiuruoca,MG,Minas Gerais,false
3101300,Alagoa,MG,Minas Gerais,false
3101409,Albertina,MG,Minas Gerais,false
3101508,Além Paraíba,MG,Minas Gerais,false
3101607,Alfenas,MG,Minas Gerais,false
3101631,Alfredo Vasconcelos,MG,Minas Gerais,false
3101706,Almenara,MG,Minas Gerais,false
3101805,Alpercata,MG,Minas Gerais,false
3101904,Alpinópolis,MG,Minas Gerais,false
3102001,Alterosa,MG,Minas Gerais,false
3102050,Alto Caparaó,MG,Minas Gerais,false
3153509,Alto Jequitibá,MG,Minas Gerais,false
3102100,Alto Rio Doce,MG,Minas Gerais,false
3102209,Alvarenga,MG,Minas Gerais,false
3102308,Alvinópolis,MG,Minas Gerais,false
3102407,Alvorada de Minas,MG,Minas Gerais,false
3102506,Amparo do Serra,MG,Minas Gerais,false
3102605,Andradas,MG,Minas Gerais,false
3102803,Andrelândia,MG,Minas Gerais,false
3102852,Angelândia,MG,Minas Gerais,false
3102902,Antônio Carlos,MG,Minas Gerais,false
3103009,Antônio Dias,MG,Minas Gerais,false
3103108,Antônio Prado de Minas,MG,Minas Gerais,false
3103207,Araçaí,MG,Minas Gerais,false
3103306,Aracitaba,MG,Minas Gerais,false
3103405,Araçuaí,MG,Minas Gerais,false
3103504,Araguari,MG,Minas Gerais,false
3103603,Arantina,MG,Minas Gerais,false
3103702,Araponga,MG,Minas Gerais,false
3103751,Araporã,MG,Minas Gerais,false
3103801,Arapuá,MG,Minas Gerais,false
3103900,Araújos,MG,Minas Gerais,false
3104007,Araxá,MG,Minas Gerais,false
3104106,Arceburgo,MG,Minas Gerais,false
3104205,Arcos,MG,Minas Gerais,false
3104304,Areado,MG,Minas Gerais,false
3104403,Argirita,MG,Minas Gerais,false
3104452,Aricanduva,MG,Minas Gerais,false
3104502,Arinos,MG,Minas Gerais,false
3104601,Astolfo Dutra,MG,Minas Gerais,false
3104700,Ataléia,MG,Minas Gerais,false
3104809,Augusto de Lima,MG,Minas Gerais,false
3104908,Baependi,MG,Minas Gerais,false
3105004,Baldim,MG,Minas Gerais,false
3105103,Bambuí,MG,Minas Gerais,false
3105202,Bandeira,MG,Minas Gerais,false
3105301,Bandeira do Sul,MG,Minas Gerais,false
3105400,Barão de Cocais,MG,Minas Gerais,false
3105509,Barão de Monte Alto,MG,Minas Gerais,false
3105608,Barbacena,MG,Minas Gerais,false
3105707,Barra Longa,MG,Minas Gerais,false
3105905,Barroso,MG,Minas Gerais,false
3106002,Bela Vista de Minas,MG,Minas Gerais,false
3106101,Belmiro Braga,MG,Minas Gerais,false
3106200,Belo Horizonte,MG,Minas Gerais,false
3106309,Belo Oriente,MG,Minas Gerais,false
3106408,Belo Vale,MG,Minas Gerais,false
3106507,Berilo,MG,Minas Gerais,false
3106655,Berizal,MG,Minas Gerais,false
3106606,Bertópolis,MG,Minas Gerais,false
3106705,Betim,MG,Minas Gerais,false
3106804,Bias Fortes,MG,Minas Gerais,false
3106903,Bicas,MG,Minas Gerais,false
3107000,Biquinhas,MG,Minas Gerais,false
3107109,Boa Esperança,MG,Minas Gerais,false
3107208,Bocaina de Minas,MG,Minas Gerais,false
3107307,Bocaiúva,MG,Minas Gerais,false
3107406,Bom Despacho,MG,Minas Gerais,false
3107505,Bom Jardim de Minas,MG,Minas Gerais,false
3107604,Bom Jesus da Penha,MG,Minas Gerais,false
3107703,Bom Jesus do Amparo,MG,Minas Gerais,false
3107802,Bom Jesus do Galho,MG,Minas Gerais,false
3107901,Bom Repouso,MG,Minas Gerais,false
3108008,Bom Sucesso,MG,Minas Gerais,false
3108107,Bonfim,MG,Minas Gerais,false
3108206,Bonfinópolis de Minas,MG,Minas Gerais,false
3108255,Bonito de Minas,MG,Minas Gerais,false
3108305,Borda da Mata,MG,Minas Gerais,false
3108404,Botelhos,MG,Minas Gerais,false
3108503,Botumirim,MG,Minas Gerais,false
3108701,Brás Pires,MG,Minas Gerais,false
3108552,Brasilândia de Minas,MG,Minas Gerais,false
3108602,Brasília de Minas,MG,Minas Gerais,false
3108800,Braúnas,MG,Minas Gerais,false
3108909,Brazópolis,MG,Minas Gerais,false
3109006,Brumadinho,MG,Minas Gerais,false
3109105,Bueno Brandão,MG,Minas Gerais,false
3109204,Buenópolis,MG,Minas Gerais,false
3109253,Bugre,MG,Minas Gerais,false
3109303,Buritis,MG,Minas Gerais,false
3109402,Buritizeiro,MG,Minas Gerais,false
3109451,Cabeceira Grande,MG,Minas Gerais,false
3109501,Cabo Verde,MG,Minas Gerais,false
3109600,Cachoeira da Prata,MG,Minas Gerais,false
3109709,Cachoeira de Minas,MG,Minas Gerais,false
3102704,Cachoeira de Pajeú,MG,Minas Gerais,false
3109808,Cachoeira Dourada,MG,Minas Gerais,false
3109907,Caetanópolis,MG,Minas Gerais,false
3110004,Caeté,MG,Minas Gerais,false
3110103,Caiana,MG,Minas Gerais,false
3110202,Cajuri,MG,Minas Gerais,false
3110301,Caldas,MG,Minas Gerais,false
3110400,Camacho,MG,Minas Gerais,false
3110509,Camanducaia,MG,Minas Gerais,false
3110608,Cambuí,MG,Minas Gerais,false
3110707,Cambuquira,MG,Minas Gerais,false
3110806,Campanário,MG,Minas Gerais,false
3110905,Campanha,MG,Minas Gerais,false
3111002,Campestre,MG,Minas Gerais,false
3111101,Campina Verde,MG,Minas Gerais,false
3111150,Campo Azul,MG,Minas Gerais,false
3111200,Campo Belo,MG,Minas Gerais,false
3111309,Campo do Meio,MG,Minas Gerais,false
3111408,Campo Florido,MG,Minas Gerais,false
3111507,Campos Altos,MG,Minas Gerais,false
3111606,Campos Gerais,MG,Minas Gerais,false
3111903,Cana Verde,MG,Minas Gerais,false
3111705,Canaã,MG,Minas Gerais,false
3111804,Canápolis,MG,Minas Gerais,false
3112000,Candeias,MG,Minas Gerais,false
3112059,Cantagalo,MG,Minas Gerais,false
3112109,Caparaó,MG,Minas Gerais,false
3112208,Capela Nova,MG,Minas Gerais,false
3112307,Capelinha,MG,Minas Gerais,false
3112406,Capetinga,MG,Minas Gerais,false
3112505,Capim Branco,MG,Minas Gerais,false
3112604,Capinópolis,MG,Minas Gerais,false
3112653,Capitão Andrade,MG,Minas Gerais,false
3112703,Capitão Enéas,MG,Minas Gerais,false
3112802,Capitólio,MG,Minas Gerais,false
3112901,Caputira,MG,Minas Gerais,false
3113008,Caraí,MG,Minas Gerais,false
3113107,Caranaíba,MG,Minas Gerais,false
3113206,Carandaí,MG,Minas Gerais,false
3113305,Carangola,MG,Minas Gerais,false
3113404,Caratinga,MG,Minas Gerais,false
3113503,Carbonita,MG,Minas Gerais,false
3113602,Careaçu,MG,Minas Gerais,false
3113701,Carlos Chagas,MG,Minas Gerais,false
3113800,Carmésia,MG,Minas Gerais,false
3113909,Carmo da Cachoeira,MG,Minas Gerais,false
3114006,Carmo da Mata,MG,Minas Gerais,false
3114105,Carmo de Minas,MG,Minas Gerais,false
3114204,Carmo do Cajuru,MG,Minas Gerais,false
3114303,Carmo do Paranaíba,MG,Minas Gerais,false
3114402,Carmo do Rio Claro,MG,Minas Gerais,false
3114501,Carmópolis de Minas,MG,Minas Gerais,false
3114550,Carneirinho,MG,Minas Gerais,false
3114600,Carrancas,MG,Minas Gerais,false
3114709,Carvalhópolis,MG,Minas Gerais,false
3114808,Carvalhos,MG,Minas Gerais,false
3114907,Casa Grande,MG,Minas Gerais,false
3115003,Cascalho Rico,MG,Minas Gerais,false
3115102,Cássia,MG,Minas Gerais,false
3115300,Cataguases,MG,Minas Gerais,false
3115359,Catas Altas,MG,Minas Gerais,false
3115409,Catas Altas da Noruega,MG,Minas Gerais,false
3115458,Catuji,MG,Minas Gerais,false
3115474,Catuti,MG,Minas Gerais,false
3115508,Caxambu,MG,Minas Gerais,false
3115607,Cedro do Abaeté,MG,Minas Gerais,false
3115706,Central de Minas,MG,Minas Gerais,false
3115805,Centralina,MG,Minas Gerais,false
3115904,Chácara,MG,Minas Gerais,false
3116001,Chalé,MG,Minas Gerais,false
3116100,Chapada do Norte,MG,Minas Gerais,false
3116159,Chapada Gaúcha,MG,Minas Gerais,false
3116209,Chiador,MG,Minas Gerais,false
3116308,Cipotânea,MG,Minas Gerais,false
3116407,Claraval,MG,Minas Gerais,false
3116506,Claro dos Poções,MG,Minas Gerais,false
3116605,Cláudio,MG,Minas Gerais,false
3116704,Coimbra,MG,Minas Gerais,false
3116803,Coluna,MG,Minas Gerais,false
3116902,Comendador Gomes,MG,Minas Gerais,false
3117009,Comercinho,MG,Minas Gerais,false
3117108,Conceição da Aparecida,MG,Minas Gerais,false
3115201,Conceição da Barra de Minas,MG,Minas Gerais,false
3117306,Conceição das Alagoas,MG,Minas Gerais,false
3117207,Conceição das Pedras,MG,Minas Gerais,false
3117405,Conceição de Ipanema,MG,Minas Gerais,false
3117504,Conceição do Mato Dentro,MG,Minas Gerais,false
3117603,Conceição do Pará,MG,Minas Gerais,false
3117702,Conceição do Rio Verde,MG,Minas Gerais,false
3117801,Conceição dos Ouros,MG,Minas Gerais,false
3117836,Cônego Marinho,MG,Minas Gerais,false
3117876,Confins,MG,Minas Gerais,false
3117900,Congonhal,MG,Minas Gerais,false
3118007,Congonhas,MG,Minas Gerais,false
3118106,Congonhas do Norte,MG,Minas Gerais,false
3118205,Conquista,MG,Minas Gerais,false
3118304,Conselheiro Lafaiete,MG,Minas Gerais,false
3118403,Conselheiro Pena,MG,Minas Gerais,false
3118502,Consolação,MG,Minas Gerais,false
3118601,Contagem,MG,Minas Gerais,false
3118700,Coqueiral,MG,Minas Gerais,false
3118809,Coração de Jesus,MG,Minas Gerais,false
3118908,Cordisburgo,MG,Minas Gerais,false
3119005,Cordislândia,MG,Minas Gerais,false
3119104,Corinto,MG,Minas Gerais,false
3119203,Coroaci,MG,Minas Gerais,false
3119302,Coromandel,MG,Minas Gerais,false
3119401,Coronel Fabriciano,MG,Minas Gerais,false
3119500,Coronel Murta,MG,Minas Gerais,false
3119609,Coronel Pacheco,MG,Minas Gerais,false
3119708,Coronel Xavier Chaves,MG,Minas Gerais,false
3119807,Córrego Danta,MG,Minas Gerais,false
3119906,Córrego do Bom Jesus,MG,Minas Gerais,false
3119955,Córrego Fundo,MG,Minas Gerais,false
3120003,Córrego Novo,MG,Minas Gerais,false
3120102,Couto de Magalhães de Minas,MG,Minas Gerais,false
3120151,Crisólita,MG,Minas Gerais,false
3120201,Cristais,MG,Minas Gerais,false
3120300,Cristália,MG,Minas Gerais,false
3120409,Cristiano Otoni,MG,Minas Gerais,false
3120508,Cristina,MG,Minas Gerais,false
3120607,Crucilândia,MG,Minas Gerais,false
3120706,Cruzeiro da Fortaleza,MG,Minas Gerais,false
3120805,Cruzília,MG,Minas Gerais,false
3120839,Cuparaque,MG,Minas Gerais,false
3120870,Curral de Dentro,MG,Minas Gerais,false
3120904,Curvelo,MG,Minas Gerais,false
3121001,Datas,MG,Minas Gerais,false
3121100,Delfim Moreira,MG,Minas Gerais,false
3121209,Delfinópolis,MG,Minas Gerais,false
3121258,Delta,MG,Minas Gerais,false
3121308,Descoberto,MG,Minas Gerais,false
3121407,Desterro de Entre Rios,MG,Minas Gerais,false
3121506,Desterro do Melo,MG,Minas Gerais,false
3121605,Diamantina,MG,Minas Gerais,false
3121704,Diogo de Vasconcelos,MG,Minas Gerais,false
3121803,Dionísio,MG,Minas Gerais,false
3121902,Divinésia,MG,Minas Gerais,false
3122009,Divino,MG,Minas Gerais,false
3122108,Divino das Laranjeiras,MG,Minas Gerais,false
3122207,Divinolândia de Minas,MG,Minas Gerais,false
3122306,Divinópolis,MG,Minas Gerais,false
3122355,Divisa Alegre,MG,Minas Gerais,false
3122405,Divisa Nova,MG,Minas Gerais,false
3122454,Divisópolis,MG,Minas Gerais,false
3122470,Dom Bosco,MG,Minas Gerais,false
3122504,Dom Cavati,MG,Minas Gerais,false
3122603,Dom Joaquim,MG,Minas Gerais,false
3122702,Dom Silvério,MG,Minas Gerais,false
3122801,Dom Viçoso,MG,Minas Gerais,false
3122900,Dona Euzébia,MG,Minas Gerais,false
3123007,Dores de Campos,MG,Minas Gerais,false
3123106,Dores de Guanhães,MG,Minas Gerais,false
3123205,Dores do Indaiá,MG,Minas Gerais,false
3123304,Dores do Turvo,MG,Minas Gerais,false
3123403,Doresópolis,MG,Minas Gerais,false
3123502,Douradoquara,MG,Minas Gerais,false
3123528,Durandé,MG,Minas Gerais,false
3123601,Elói Mendes,MG,Minas Gerais,false
3123700,Engenheiro Caldas,MG,Minas Gerais,false
3123809,Engenheiro Navarro,MG,Minas Gerais,false
3123858,Entre Folhas,MG,Minas Gerais,false
3123908,Entre Rios de Minas,MG,Minas Gerais,false
3124005,Ervália,MG,Minas Gerais,false
3124104,Esmeraldas,MG,Minas Gerais,false
3124203,Espera Feliz,MG,Minas Gerais,false
3124302,Espinosa,MG,Minas Gerais,false
3124401,Espírito Santo do Dourado,MG,Minas Gerais,false
3124500,Estiva,MG,Minas Gerais,false
3124609,Estrela Dalva,MG,Minas Gerais,false
3124708,Estrela do Indaiá,MG,Minas Gerais,false
3124807,Estrela do Sul,MG,Minas Gerais,false
3124906,Eugenópolis,MG,Minas Gerais,false
3125002,Ewbank da Câmara,MG,Minas Gerais,false
3125101,Extrema,MG,Minas Gerais,false
3125200,Fama,MG,Minas Gerais,false
3125309,Faria Lemos,MG,Minas Gerais,false
3125408,Felício dos Santos,MG,Minas Gerais,false
3125606,Felisburgo,MG,Minas Gerais,false
3125705,Felixlândia,MG,Minas Gerais,false
3125804,Fernandes Tourinho,MG,Minas Gerais,false
3125903,Ferros,MG,Minas Gerais,false
3125952,Fervedouro,MG,Minas Gerais,false
3126000,Florestal,MG,Minas Gerais,false
3126109,Formiga,MG,Minas Gerais,false
3126208,Formoso,MG,Minas Gerais,false
3126307,Fortaleza de Minas,MG,Minas Gerais,false
3126406,Fortuna de Minas,MG,Minas Gerais,false
3126505,Francisco Badaró,MG,Minas Gerais,false
3126604,Francisco Dumont,MG,Minas Gerais,false
3126703,Francisco Sá,MG,Minas Gerais,false
3126752,Franciscópolis,MG,Minas Gerais,false
3126802,Frei Gaspar,MG,Minas Gerais,false
3126901,Frei Inocêncio,MG,Minas Gerais,false
3126950,Frei Lagonegro,MG,Minas Gerais,false
3127008,Fronteira,MG,Minas Gerais,false
3127057,Fronteira dos Vales,MG,Minas Gerais,false
3127073,Fruta de Leite,MG,Minas Gerais,false
3127107,Frutal,MG,Minas Gerais,false
3127206,Funilândia,MG,Minas Gerais,false
3127305,Galiléia,MG,Minas Gerais,false
3127339,Gameleiras,MG,Minas Gerais,false
3127354,Glaucilândia,MG,Minas Gerais,false
3127370,Goiabeira,MG,Minas Gerais,false
3127388,Goianá,MG,Minas Gerais,false
3127404,Gonçalves,MG,Minas Gerais,false
3127503,Gonzaga,MG,Minas Gerais,false
3127602,Gouveia,MG,Minas Gerais,false
3127701,Governador Valadares,MG,Minas Gerais,false
3127800,Grão Mogol,MG,Minas Gerais,false
3127909,Grupiara,MG,Minas Gerais,false
3128006,Guanhães,MG,Minas Gerais,false
3128105,Guapé,MG,Minas Gerais,false
3128204,Guaraciaba,MG,Minas Gerais,false
3128253,Guaraciama,MG,Minas Gerais,false
3128303,Guaranésia,MG,Minas Gerais,false
3128402,Guarani,MG,Minas Gerais,false
3128501,Guarará,MG,Minas Gerais,false
3128600,Guarda-Mor,MG,Minas Gerais,false
3128709,Guaxupé,MG,Minas Gerais,false
3128808,Guidoval,MG,Minas Gerais,false
3128907,Guimarânia,MG,Minas Gerais,false
3129004,Guiricema,MG,Minas Gerais,false
3129103,Gurinhatã,MG,Minas Gerais,false
3129202,Heliodora,MG,Minas Gerais,false
3129301,Iapu,MG,Minas Gerais,false
3129400,Ibertioga,MG,Minas Gerais,false
3129509,Ibiá,MG,Minas Gerais,false
3129608,Ibiaí,MG,Minas Gerais,false
3129657,Ibiracatu,MG,Minas Gerais,false
3129707,Ibiraci,MG,Minas Gerais,false
3129806,Ibirité,MG,Minas Gerais,false
3129905,Ibitiúra de Minas,MG,Minas Gerais,false
3130002,Ibituruna,MG,Minas Gerais,false
3130051,Icaraí de Minas,MG,Minas Gerais,false
3130101,Igarapé,MG,Minas Gerais,false
3130200,Igaratinga,MG,Minas Gerais,false
3130309,Iguatama,MG,Minas Gerais,false
3130408,Ijaci,MG,Minas Gerais,false
3130507,Ilicínea,MG,Minas Gerais,false
3130556,Imbé de Minas,MG,Minas Gerais,false
3130606,Inconfidentes,MG,Minas Gerais,false
3130655,Indaiabira,MG,Minas Gerais,false
3130705,Indianópolis,MG,Minas Gerais,false
3130804,Ingaí,MG,Minas Gerais,false
3130903,Inhapim,MG,Minas Gerais,false
3131000,Inhaúma,MG,Minas Gerais,false
3131109,Inimutaba,MG,Minas Gerais,false
3131158,Ipaba,MG,Minas Gerais,false
3131208,Ipanema,MG,Minas Gerais,false
3131307,Ipatinga,MG,Minas Gerais,false
3131406,Ipiaçu,MG,Minas Gerais,false
3131505,Ipuiúna,MG,Minas Gerais,false
3131604,Iraí de Minas,MG,Minas Gerais,false
3131703,Itabira,MG,Minas Gerais,false
3131802,Itabirinha,MG,Minas Gerais,false
3131901,Itabirito,MG,Minas Gerais,false
3132008,Itacambira,MG,Minas Gerais,false
3132107,Itacarambi,MG,Minas Gerais,false
3132206,Itaguara,MG,Minas Gerais,false
3132305,Itaipé,MG,Minas Gerais,false
3132404,Itajubá,MG,Minas Gerais,false
3132503,Itamarandiba,MG,Minas Gerais,false
3132602,Itamarati de Minas,MG,Minas Gerais,false
3132701,Itambacuri,MG,Minas Gerais,false
3132800,Itambé do Mato Dentro,MG,Minas Gerais,false
3132909,Itamogi,MG,Minas Gerais,false
3133006,Itamonte,MG,Minas Gerais,false
3133105,Itanhandu,MG,Minas Gerais,false
3133204,Itanhomi,MG,Minas Gerais,false
3133303,Itaobim,MG,Minas Gerais,false
3133402,Itapagipe,MG,Minas Gerais,false
3133501,Itapecerica,MG,Minas Gerais,false
3133600,Itapeva,MG,Minas Gerais,false
3133709,Itatiaiuçu,MG,Minas Gerais,false
3133758,Itaú de Minas,MG,Minas Gerais,false
3133808,Itaúna,MG,Minas Gerais,false
3133907,Itaverava,MG,Minas Gerais,false
3134004,Itinga,MG,Minas Gerais,false
3134103,Itueta,MG,Minas Gerais,false
3134202,Ituiutaba,MG,Minas Gerais,false
3134301,Itumirim,MG,Minas Gerais,false
3134400,Iturama,MG,Minas Gerais,false
3134509,Itutinga,MG,Minas Gerais,false
3134608,Jaboticatubas,MG,Minas Gerais,false
3134707,Jacinto,MG,Minas Gerais,false
3134806,Jacuí,MG,Minas Gerais,false
3134905,Jacutinga,MG,Minas Gerais,false
3135001,Jaguaraçu,MG,Minas Gerais,false
3135050,Jaíba,MG,Minas Gerais,false
3135076,Jampruca,MG,Minas Gerais,false
3135100,Janaúba,MG,Minas Gerais,false
3135209,Januária,MG,Minas Gerais,false
3135308,Japaraíba,MG,Minas Gerais,false
3135357,Japonvar,MG,Minas Gerais,false
3135407,Jeceaba,MG,Minas Gerais,false
3135456,Jenipapo de Minas,MG,Minas Gerais,false
3135506,Jequeri,MG,Minas Gerais,false
3135605,Jequitaí,MG,Minas Gerais,false
3135704,Jequitibá,MG,Minas Gerais,false
3135803,Jequitinhonha,MG,Minas Gerais,false
3135902,Jesuânia,MG,Minas Gerais,false
3136009,Joaíma,MG,Minas Gerais,false
3136108,Joanésia,MG,Minas Gerais,false
3136207,João Monlevade,MG,Minas Gerais,false
3136306,João Pinheiro,MG,Minas Gerais,false
3136405,Joaquim Felício,MG,Minas Gerais,false
3136504,Jordânia,MG,Minas Gerais,false
3136520,José Gonçalves de Minas,MG,Minas Gerais,false
3136553,José Raydan,MG,Minas Gerais,false
3136579,Josenópolis,MG,Minas Gerais,false
3136652,Juatuba,MG,Minas Gerais,false
3136702,Juiz de Fora,MG,Minas Gerais,false
3136801,Juramento,MG,Minas Gerais,false
3136900,Juruaia,MG,Minas Gerais,false
3136959,Juvenília,MG,Minas Gerais,false
3137007,Ladainha,MG,Minas Gerais,false
3137106,Lagamar,MG,Minas Gerais,false
3137205,Lagoa da Prata,MG,Minas Gerais,false
3137304,Lagoa dos Patos,MG,Minas Gerais,false
3137403,Lagoa Dourada,MG,Minas Gerais,false
3137502,Lagoa Formosa,MG,Minas Gerais,false
3137536,Lagoa Grande,MG,Minas Gerais,false
3137601,Lagoa Santa,MG,Minas Gerais,false
3137700,Lajinha,MG,Minas Gerais,false
3137809,Lambari,MG,Minas Gerais,false
3137908,Lamim,MG,Minas Gerais,false
3138005,Laranjal,MG,Minas Gerais,false
3138104,Lassance,MG,Minas Gerais,false
3138203,Lavras,MG,Minas Gerais,false
3138302,Leandro Ferreira,MG,Minas Gerais,false
3138351,Leme do Prado,MG,Minas Gerais,false
3138401,Leopoldina,MG,Minas Gerais,false
3138500,Liberdade,MG,Minas Gerais,false
3138609,Lima Duarte,MG,Minas Gerais,false
3138625,Limeira do Oeste,MG,Minas Gerais,false
3138658,Lontra,MG,Minas Gerais,false
3138674,Luisburgo,MG,Minas Gerais,false
3138682,Luislândia,MG,Minas Gerais,false
3138708,Luminárias,MG,Minas Gerais,false
3138807,Luz,MG,Minas Gerais,false
3138906,Machacalis,MG,Minas Gerais,false
3139003,Machado,MG,Minas Gerais,false
3139102,Madre de Deus de Minas,MG,Minas Gerais,false
3139201,Malacacheta,MG,Minas Gerais,false
3139250,Mamonas,MG,Minas Gerais,false
3139300,Manga,MG,Minas Gerais,false
3139409,Manhuaçu,MG,Minas Gerais,false
3139508,Manhumirim,MG,Minas Gerais,false
3139607,Mantena,MG,Minas Gerais,false
3139805,Mar de Espanha,MG,Minas Gerais,false
3139706,Maravilhas,MG,Minas Gerais,false
3139904,Maria da Fé,MG,Minas Gerais,false
3140001,Mariana,MG,Minas Gerais,false
3140100,Marilac,MG,Minas Gerais,false
3140159,Mário Campos,MG,Minas Gerais,false
3140209,Maripá de Minas,MG,Minas Gerais,false
3140308,Marliéria,MG,Minas Gerais,false
3140407,Marmelópolis,MG,Minas Gerais,false
3140506,Martinho Campos,MG,Minas Gerais,false
3140530,Martins Soares,MG,Minas Gerais,false
3140555,Mata Verde,MG,Minas Gerais,false
3140605,Materlândia,MG,Minas Gerais,false
3140704,Mateus Leme,MG,Minas Gerais,false
3171501,Mathias Lobato,MG,Minas Gerais,false
3140803,Matias Barbosa,MG,Minas Gerais,false
3140852,Matias Cardoso,MG,Minas Gerais,false
3140902,Matipó,MG,Minas Gerais,false
3141009,Mato Verde,MG,Minas Gerais,false
3141108,Matozinhos,MG,Minas Gerais,false
3141207,Matutina,MG,Minas Gerais,false
3141306,Medeiros,MG,Minas Gerais,false
3141405,Medina,MG,Minas Gerais,false
3141504,Mendes Pimentel,MG,Minas Gerais,false
3141603,Mercês,MG,Minas Gerais,false
3141702,Mesquita,MG,Minas Gerais,false
3141801,Minas Novas,MG,Minas Gerais,false
3141900,Minduri,MG,Minas Gerais,false
3142007,Mirabela,MG,Minas Gerais,false
3142106,Miradouro,MG,Minas Gerais,false
3142205,Miraí,MG,Minas Gerais,false
3142254,Miravânia,MG,Minas Gerais,false
3142304,Moeda,MG,Minas Gerais,false
3142403,Moema,MG,Minas Gerais,false
3142502,Monjolos,MG,Minas Gerais,false
3142601,Monsenhor Paulo,MG,Minas Gerais,false
3142700,Montalvânia,MG,Minas Gerais,false
3142809,Monte Alegre de Minas,MG,Minas Gerais,false
3142908,Monte Azul,MG,Minas Gerais,false
3143005,Monte Belo,MG,Minas Gerais,false
3143104,Monte Carmelo,MG,Minas Gerais,false
3143153,Monte Formoso,MG,Minas Gerais,false
3143203,Monte Santo de Minas,MG,Minas Gerais,false
3143401,Monte Sião,MG,Minas Gerais,false
3143302,Montes Claros,MG,Minas Gerais,false
3143450,Montezuma,MG,Minas Gerais,false
3143500,Morada Nova de Minas,MG,Minas Gerais,false
3143609,Morro da Garça,MG,Minas Gerais,false
3143708,Morro do Pilar,MG,Minas Gerais,false
3143807,Munhoz,MG,Minas Gerais,false
3143906,Muriaé,MG,Minas Gerais,false
3144003,Mutum,MG,Minas Gerais,false
3144102,Muzambinho,MG,Minas Gerais,false
3144201,Nacip Raydan,MG,Minas Gerais,false
3144300,Nanuque,MG,Minas Gerais,false
3144359,Naque,MG,Minas Gerais,false
3144375,Natalândia,MG,Minas Gerais,false
3144409,Natércia,MG,Minas Gerais,false
3144508,Nazareno,MG,Minas Gerais,false
3144607,Nepomuceno,MG,Minas Gerais,false
3144656,Ninheira,MG,Minas Gerais,false
3144672,Nova Belém,MG,Minas Gerais,false
3144706,Nova Era,MG,Minas Gerais,false
3144805,Nova Lima,MG,Minas Gerais,false
3144904,Nova Módica,MG,Minas Gerais,false
3145000,Nova Ponte,MG,Minas Gerais,false
3145059,Nova Porteirinha,MG,Minas Gerais,false
3145109,Nova Resende,MG,Minas Gerais,false
3145208,Nova Serrana,MG,Minas Gerais,false
3136603,Nova União,MG,Minas Gerais,false
3145307,Novo Cruzeiro,MG,Minas Gerais,false
3145356,Novo Oriente de Minas,MG,Minas Gerais,false
3145372,Novorizonte,MG,Minas Gerais,false
3145406,Olaria,MG,Minas Gerais,false
3145455,Olhos-d'Água,MG,Minas Gerais,false
3145505,Olímpio Noronha,MG,Minas Gerais,false
3145604,Oliveira,MG,Minas Gerais,false
3145703,Oliveira Fortes,MG,Minas Gerais,false
3145802,Onça de Pitangui,MG,Minas Gerais,false
3145851,Oratórios,MG,Minas Gerais,false
3145877,Orizânia,MG,Minas Gerais,false
3145901,Ouro Branco,MG,Minas Gerais,false
3146008,Ouro Fino,MG,Minas Gerais,false
3146107,Ouro Preto,MG,Minas Gerais,false
3146206,Ouro Verde de Minas,MG,Minas Gerais,false
3146255,Padre Carvalho,MG,Minas Gerais,false
3146305,Padre Paraíso,MG,Minas Gerais,false
3146552,Pai Pedro,MG,Minas Gerais,false
3146404,Paineiras,MG,Minas Gerais,false
3146503,Pains,MG,Minas Gerais,false
3146602,Paiva,MG,Minas Gerais,false
3146701,Palma,MG,Minas Gerais,false
3146750,Palmópolis,MG,Minas Gerais,false
3146909,Papagaios,MG,Minas Gerais,false
3147105,Pará de Minas,MG,Minas Gerais,false
3147006,Paracatu,MG,Minas Gerais,false
3147204,Paraguaçu,MG,Minas Gerais,false
3147303,Paraisópolis,MG,Minas Gerais,false
3147402,Paraopeba,MG,Minas Gerais,false
3147600,Passa Quatro,MG,Minas Gerais,false
3147709,Passa Tempo,MG,Minas Gerais,false
3147808,Passa Vinte,MG,Minas Gerais,false
3147501,Passabém,MG,Minas Gerais,false
3147907,Passos,MG,Minas Gerais,false
3147956,Patis,MG,Minas Gerais,false
3148004,Patos de Minas,MG,Minas Gerais,false
3148103,Patrocínio,MG,Minas Gerais,false
3148202,Patrocínio do Muriaé,MG,Minas Gerais,false
3148301,Paula Cândido,MG,Minas Gerais,false
3148400,Paulistas,MG,Minas Gerais,false
3148509,Pavão,MG,Minas Gerais,false
3148608,Peçanha,MG,Minas Gerais,false
3148707,Pedra Azul,MG,Minas Gerais,false
3148756,Pedra Bonita,MG,Minas Gerais,false
3148806,Pedra do Anta,MG,Minas Gerais,false
3148905,Pedra do Indaiá,MG,Minas Gerais,false
3149002,Pedra Dourada,MG,Minas Gerais,false
3149101,Pedralva,MG,Minas Gerais,false
3149150,Pedras de Maria da Cruz,MG,Minas Gerais,false
3149200,Pedrinópolis,MG,Minas Gerais,false
3149309,Pedro Leopoldo,MG,Minas Gerais,false
3149408,Pedro Teixeira,MG,Minas Gerais,false
3149507,Pequeri,MG,Minas Gerais,false
3149606,Pequi,MG,Minas Gerais,false
3149705,Perdigão,MG,Minas Gerais,false
3149804,Perdizes,MG,Minas Gerais,false
3149903,Perdões,MG,Minas Gerais,false
3149952,Periquito,MG,Minas Gerais,false
3150000,Pescador,MG,Minas Gerais,false
3150109,Piau,MG,Minas Gerais,false
3150158,Piedade de Caratinga,MG,Minas Gerais,false
3150208,Piedade de Ponte Nova,MG,Minas Gerais,false
3150307,Piedade do Rio Grande,MG,Minas Gerais,false
3150406,Piedade dos Gerais,MG,Minas Gerais,false
3150505,Pimenta,MG,Minas Gerais,false
3150539,Pingo-d'Água,MG,Minas Gerais,false
3150570,Pintópolis,MG,Minas Gerais,false
3150604,Piracema,MG,Minas Gerais,false
3150703,Pirajuba,MG,Minas Gerais,false
3150802,Piranga,MG,Minas Gerais,false
3150901,Piranguçu,MG,Minas Gerais,false
3151008,Piranguinho,MG,Minas Gerais,false
3151107,Pirapetinga,MG,Minas Gerais,false
3151206,Pirapora,MG,Minas Gerais,false
3151305,Piraúba,MG,Minas Gerais,false
3151404,Pitangui,MG,Minas Gerais,false
3151503,Piumhi,MG,Minas Gerais,false
3151602,Planura,MG,Minas Gerais,false
3151701,Poço Fundo,MG,Minas Gerais,false
3151800,Poços de Caldas,MG,Minas Gerais,false
3151909,Pocrane,MG,Minas Gerais,false
3152006,Pompéu,MG,Minas Gerais,false
3152105,Ponte Nova,MG,Minas Gerais,false
3152131,Ponto Chique,MG,Minas Gerais,false
3152170,Ponto dos Volantes,MG,Minas Gerais,false
3152204,Porteirinha,MG,Minas Gerais,false
3152303,Porto Firme,MG,Minas Gerais,false
3152402,Poté,MG,Minas Gerais,false
3152501,Pouso Alegre,MG,Minas Gerais,false
3152600,Pouso Alto,MG,Minas Gerais,false
3152709,Prados,MG,Minas Gerais,false
3152808,Prata,MG,Minas Gerais,false
3152907,Pratápolis,MG,Minas Gerais,false
3153004,Pratinha,MG,Minas Gerais,false
3153103,Presidente Bernardes,MG,Minas Gerais,false
3153202,Presidente Juscelino,MG,Minas Gerais,false
3153301,Presidente Kubitschek,MG,Minas Gerais,false
3153400,Presidente Olegário,MG,Minas Gerais,false
3153608,Prudente de Morais,MG,Minas Gerais,false
3153707,Quartel Geral,MG,Minas Gerais,false
3153806,Queluzito,MG,Minas Gerais,false
3153905,Raposos,MG,Minas Gerais,false
3154002,Raul Soares,MG,Minas Gerais,false
3154101,Recreio,MG,Minas Gerais,false
3154150,Reduto,MG,Minas Gerais,false
3154200,Resende Costa,MG,Minas Gerais,false
3154309,Resplendor,MG,Minas Gerais,false
3154408,Ressaquinha,MG,Minas Gerais,false
3154457,Riachinho,MG,Minas Gerais,false
3154507,Riacho dos Machados,MG,Minas Gerais,false
3154606,Ribeirão das Neves,MG,Minas Gerais,false
3154705,Ribeirão Vermelho,MG,Minas Gerais,false
3154804,Rio Acima,MG,Minas Gerais,false
3154903,Rio Casca,MG,Minas Gerais,false
3155108,Rio do Prado,MG,Minas Gerais,false
3155009,Rio Doce,MG,Minas Gerais,false
3155207,Rio Espera,MG,Minas Gerais,false
3155306,Rio Manso,MG,Minas Gerais,false
3155405,Rio Novo,MG,Minas Gerais,false
3155504,Rio Paranaíba,MG,Minas Gerais,false
3155603,Rio Pardo de Minas,MG,Minas Gerais,false
3155702,Rio Piracicaba,MG,Minas Gerais,false
3155801,Rio Pomba,MG,Minas Gerais,false
3155900,Rio Preto,MG,Minas Gerais,false
3156007,Rio Vermelho,MG,Minas Gerais,false
3156106,Ritápolis,MG,Minas Gerais,false
3156205,Rochedo de Minas,MG,Minas Gerais,false
3156304,Rodeiro,MG,Minas Gerais,false
3156403,Romaria,MG,Minas Gerais,false
3156452,Rosário da Limeira,MG,Minas Gerais,false
3156502,Rubelita,MG,Minas Gerais,false
3156601,Rubim,MG,Minas Gerais,false
3156700,Sabará,MG,Minas Gerais,false
3156809,Sabinópolis,MG,Minas Gerais,false
3156908,Sacramento,MG,Minas Gerais,false
3157005,Salinas,MG,Minas Gerais,false
3157104,Salto da Divisa,MG,Minas Gerais,false
3157203,Santa Bárbara,MG,Minas Gerais,false
3157252,Santa Bárbara do Leste,MG,Minas Gerais,false
3157278,Santa Bárbara do Monte Verde,MG,Minas Gerais,false
3157302,Santa Bárbara do Tugúrio,MG,Minas Gerais,false
3157336,Santa Cruz de Minas,MG,Minas Gerais,false
3157377,Santa Cruz de Salinas,MG,Minas Gerais,false
3157401,Santa Cruz do Escalvado,MG,Minas Gerais,false
3157500,Santa Efigênia de Minas,MG,Minas Gerais,false
3157609,Santa Fé de Minas,MG,Minas Gerais,false
3157658,Santa Helena de Minas,MG,Minas Gerais,false
3157708,Santa Juliana,MG,Minas Gerais,false
3157807,Santa Luzia,MG,Minas Gerais,false
3157906,Santa Margarida,MG,Minas Gerais,false
3158003,Santa Maria de Itabira,MG,Minas Gerais,false
3158102,Santa Maria do Salto,MG,Minas Gerais,false
3158201,Santa Maria do Suaçuí,MG,Minas Gerais,false
3159209,Santa Rita de Caldas,MG,Minas Gerais,false
3159407,Santa Rita de Ibitipoca,MG,Minas Gerais,false
3159308,Santa Rita de Jacutinga,MG,Minas Gerais,false
3159357,Santa Rita de Minas,MG,Minas Gerais,false
3159506,Santa Rita do Itueto,MG,Minas Gerais,false
3159605,Santa Rita do Sapucaí,MG,Minas Gerais,false
3159704,Santa Rosa da Serra,MG,Minas Gerais,false
3159803,Santa Vitória,MG,Minas Gerais,false
3158300,Santana da Vargem,MG,Minas Gerais,false
3158409,Santana de Cataguases,MG,Minas Gerais,false
3158508,Santana de Pirapama,MG,Minas Gerais,false
3158607,Santana do Deserto,MG,Minas Gerais,false
3158706,Santana do Garambéu,MG,Minas Gerais,false
3158805,Santana do Jacaré,MG,Minas Gerais,false
3158904,Santana do Manhuaçu,MG,Minas Gerais,false
3158953,Santana do Paraíso,MG,Minas Gerais,false
3159001,Santana do Riacho,MG,Minas Gerais,false
3159100,Santana dos Montes,MG,Minas Gerais,false
3159902,Santo Antônio do Amparo,MG,Minas Gerais,false
3160009,Santo Antônio do Aventureiro,MG,Minas Gerais,false
3160108,Santo Antônio do Grama,MG,Minas Gerais,false
3160207,Santo Antônio do Itambé,MG,Minas Gerais,false
3160306,Santo Antônio do Jacinto,MG,Minas Gerais,false
3160405,Santo Antônio do Monte,MG,Minas Gerais,false
3160454,Santo Antônio do Retiro,MG,Minas Gerais,false
3160504,Santo Antônio do Rio Abaixo,MG,Minas Gerais,false
3160603,Santo Hipólito,MG,Minas Gerais,false
3160702,Santos Dumont,MG,Minas Gerais,false
3160801,São Bento Abade,MG,Minas Gerais,false
3160900,São Brás do Suaçuí,MG,Minas Gerais,false
3160959,São Domingos das Dores,MG,Minas Gerais,false
3161007,São Domingos do Prata,MG,Minas Gerais,false
3161056,São Félix de Minas,MG,Minas Gerais,false
3161106,São Francisco,MG,Minas Gerais,false
3161205,São Francisco de Paula,MG,Minas Gerais,false
3161304,São Francisco de Sales,MG,Minas Gerais,false
3161403,São Francisco do Glória,MG,Minas Gerais,false
3161502,São Geraldo,MG,Minas Gerais,false
3161601,São Geraldo da Piedade,MG,Minas Gerais,false
3161650,São Geraldo do Baixio,MG,Minas Gerais,false
3161700,São Gonçalo do Abaeté,MG,Minas Gerais,false
3161809,São Gonçalo do Pará,MG,Minas Gerais,false
3161908,São Gonçalo do Rio Abaixo,MG,Minas Gerais,false
3125507,São Gonçalo do Rio Preto,MG,Minas Gerais,false
3162005,São Gonçalo do Sapucaí,MG,Minas Gerais,false
3162104,São Gotardo,MG,Minas Gerais,false
3162203,São João Batista do Glória,MG,Minas Gerais,false
3162252,São João da Lagoa,MG,Minas Gerais,false
3162302,São João da Mata,MG,Minas Gerais,false
3162401,São João da Ponte,MG,Minas Gerais,false
3162450,São João das Missões,MG,Minas Gerais,false
3162500,São João del Rei,MG,Minas Gerais,false
3162559,São João do Manhuaçu,MG,Minas Gerais,false
3162575,São João do Manteninha,MG,Minas Gerais,false
3162609,São João do Oriente,MG,Minas Gerais,false
3162658,São João do Pacuí,MG,Minas Gerais,false
3162708,São João do Paraíso,MG,Minas Gerais,false
3162807,São João Evangelista,MG,Minas Gerais,false
3162906,São João Nepomuceno,MG,Minas Gerais,false
3162922,São Joaquim de Bicas,MG,Minas Gerais,false
3162948,São José da Barra,MG,Minas Gerais,false
3162955,São José da Lapa,MG,Minas Gerais,false
3163003,São José da Safira,MG,Minas Gerais,false
3163102,São José da Varginha,MG,Minas Gerais,false
3163201,São José do Alegre,MG,Minas Gerais,false
3163300,São José do Divino,MG,Minas Gerais,false
3163409,São José do Goiabal,MG,Minas Gerais,false
3163508,São José do Jacuri,MG,Minas Gerais,false
3163607,São José do Mantimento,MG,Minas Gerais,false
3163706,São Lourenço,MG,Minas Gerais,false
3163805,São Miguel do Anta,MG,Minas Gerais,false
3163904,São Pedro da União,MG,Minas Gerais,false
3164100,São Pedro do Suaçuí,MG,Minas Gerais,false
3164001,São Pedro dos Ferros,MG,Minas Gerais,false
3164209,São Romão,MG,Minas Gerais,false
3164308,São Roque de Minas,MG,Minas Gerais,false
3164407,São Sebastião da Bela Vista,MG,Minas Gerais,false
3164431,São Sebastião da Vargem Alegre,MG,Minas Gerais,false
3164472,São Sebastião do Anta,MG,Minas Gerais,false
3164506,São Sebastião do Maranhão,MG,Minas Gerais,false
3164605,São Sebastião do Oeste,MG,Minas Gerais,false
3164704,São Sebastião do Paraíso,MG,Minas Gerais,false
3164803,São Sebastião do Rio Preto,MG,Minas Gerais,false
3164902,São Sebastião do Rio Verde,MG,Minas Gerais,false
3165008,São Tiago,MG,Minas Gerais,false
3165107,São Tomás de Aquino,MG,Minas Gerais,false
3165206,São Tomé das Letras,MG,Minas Gerais,false
3165305,São Vicente de Minas,MG,Minas Gerais,false
3165404,Sapucaí-Mirim,MG,Minas Gerais,false
3165503,Sardoá,MG,Minas Gerais,false
3165537,Sarzedo,MG,Minas Gerais,false
3165560,Sem-Peixe,MG,Minas Gerais,false
3165578,Senador Amaral,MG,Minas Gerais,false
3165602,Senador Cortes,MG,Minas Gerais,false
3165701,Senador Firmino,MG,Minas Gerais,false
3165800,Senador José Bento,MG,Minas Gerais,false
3165909,Senador Modestino Gonçalves,MG,Minas Gerais,false
3166006,Senhora de Oliveira,MG,Minas Gerais,false
3166105,Senhora do Porto,MG,Minas Gerais,false
3166204,Senhora dos Remédios,MG,Minas Gerais,false
3166303,Sericita,MG,Minas Gerais,false
3166402,Seritinga,MG,Minas Gerais,false
3166501,Serra Azul de Minas,MG,Minas Gerais,false
3166600,Serra da Saudade,MG,Minas Gerais,false
3166808,Serra do Salitre,MG,Minas Gerais,false
3166709,Serra dos Aimorés,MG,Minas Gerais,false
3166907,Serrania,MG,Minas Gerais,false
3166956,Serranópolis de Minas,MG,Minas Gerais,false
3167004,Serranos,MG,Minas Gerais,false
3167103,Serro,MG,Minas Gerais,false
3167202,Sete Lagoas,MG,Minas Gerais,false
3165552,Setubinha,MG,Minas Gerais,false
3167301,Silveirânia,MG,Minas Gerais,false
3167400,Silvianópolis,MG,Minas Gerais,false
3167509,Simão Pereira,MG,Minas Gerais,false
3167608,Simonésia,MG,Minas Gerais,false
3167707,Sobrália,MG,Minas Gerais,false
3167806,Soledade de Minas,MG,Minas Gerais,false
3167905,Tabuleiro,MG,Minas Gerais,false
3168002,Taiobeiras,MG,Minas Gerais,false
3168051,Taparuba,MG,Minas Gerais,false
3168101,Tapira,MG,Minas Gerais,false
3168200,Tapiraí,MG,Minas Gerais,false
3168309,Taquaraçu de Minas,MG,Minas Gerais,false
3168408,Tarumirim,MG,Minas Gerais,false
3168507,Teixeiras,MG,Minas Gerais,false
3168606,Teófilo Otoni,MG,Minas Gerais,false
3168705,Timóteo,MG,Minas Gerais,false
3168804,Tiradentes,MG,Minas Gerais,false
3168903,Tiros,MG,Minas Gerais,false
3169000,Tocantins,MG,Minas Gerais,false
3169059,Tocos do Moji,MG,Minas Gerais,false
3169109,Toledo,MG,Minas Gerais,false
3169208,Tombos,MG,Minas Gerais,false
3169307,Três Corações,MG,Minas Gerais,false
3169356,Três Marias,MG,Minas Gerais,false
3169406,Três Pontas,MG,Minas Gerais,false
3169505,Tumiritinga,MG,Minas Gerais,false
3169604,Tupaciguara,MG,Minas Gerais,false
3169703,Turmalina,MG,Minas Gerais,false
3169802,Turvolândia,MG,Minas Gerais,false
3169901,Ubá,MG,Minas Gerais,false
3170008,Ubaí,MG,Minas Gerais,false
3170057,Ubaporanga,MG,Minas Gerais,false
3170107,Uberaba,MG,Minas Gerais,false
3170206,Uberlândia,MG,Minas Gerais,false
3170305,Umburatiba,MG,Minas Gerais,false
3170404,Unaí,MG,Minas Gerais,false
3170438,União de Minas,MG,Minas Gerais,false
3170479,Uruana de Minas,MG,Minas Gerais,false
3170503,Urucânia,MG,Minas Gerais,false
3170529,Urucuia,MG,Minas Gerais,false
3170578,Vargem Alegre,MG,Minas Gerais,false
3170602,Vargem Bonita,MG,Minas Gerais,false
3170651,Vargem Grande do Rio Pardo,MG,Minas Gerais,false
3170701,Varginha,MG,Minas Gerais,false
3170750,Varjão de Minas,MG,Minas Gerais,false
3170800,Várzea da Palma,MG,Minas Gerais,false
3170909,Varzelândia,MG,Minas Gerais,false
3171006,Vazante,MG,Minas Gerais,false
3171030,Verdelândia,MG,Minas Gerais,false
3171071,Veredinha,MG,Minas Gerais,false
3171105,Veríssimo,MG,Minas Gerais,false
3171154,Vermelho Novo,MG,Minas Gerais,false
3171204,Vespasiano,MG,Minas Gerais,false
3171303,Viçosa,MG,Minas Gerais,false
3171402,Vieiras,MG,Minas Gerais,false
3171600,Virgem da Lapa,MG,Minas Gerais,false
3171709,Virgínia,MG,Minas Gerais,false
3171808,Virginópolis,MG,Minas Gerais,false
3171907,Virgolândia,MG,Minas Gerais,false
3172004,Visconde do Rio Branco,MG,Minas Gerais,false
3172103,Volta Grande,MG,Minas Gerais,false
3172202,Wenceslau Braz,MG,Minas Gerais,false
3200102,Afonso Cláudio,ES,Espírito Santo,false
3200169,Água Doce do Norte,ES,Espírito Santo,false
3200136,Águia Branca,ES,Espírito Santo,false
3200201,Alegre,ES,Espírito Santo,false
3200300,Alfredo Chaves,ES,Espírito Santo,false
3200359,Alto Rio Novo,ES,Espírito Santo,false
3200409,Anchieta,ES,Espírito Santo,false
3200508,Apiacá,ES,Espírito Santo,false
3200607,Aracruz,ES,Espírito Santo,false
3200706,Atílio Vivácqua,ES,Espírito Santo,false
3200805,Baixo Guandu,ES,Espírito Santo,false
3200904,Barra de São Francisco,ES,Espírito Santo,false
3201001,Boa Esperança,ES,Espírito Santo,false
3201100,Bom Jesus do Norte,ES,Espírito Santo,false
3201159,Brejetuba,ES,Espírito Santo,false
3201209,Cachoeiro de Itapemirim,ES,Espírito Santo,false
3201308,Cariacica,ES,Espírito Santo,false
3201407,Castelo,ES,Espírito Santo,false
3201506,Colatina,ES,Espírito Santo,false
3201605,Conceição da Barra,ES,Espírito Santo,false
3201704,Conceição do Castelo,ES,Espírito Santo,false
3201803,Divino de São Lourenço,ES,Espírito Santo,false
3201902,Domingos Martins,ES,Espírito Santo,false
3202009,Dores do Rio Preto,ES,Espírito Santo,false
3202108,Ecoporanga,ES,Espírito Santo,false
3202207,Fundão,ES,Espírito Santo,false
3202256,Governador Lindenberg,ES,Espírito Santo,false
3202306,Guaçuí,ES,Espírito Santo,false
3202405,Guarapari,ES,Espírito Santo,false
3202454,Ibatiba,ES,Espírito Santo,false
3202504,Ibiraçu,ES,Espírito Santo,false
3202553,Ibitirama,ES,Espírito Santo,false
3202603,Iconha,ES,Espírito Santo,false
3202652,Irupi,ES,Espírito Santo,false
3202702,Itaguaçu,ES,Espírito Santo,false
3202801,Itapemirim,ES,Espírito Santo,false
3202900,Itarana,ES,Espírito Santo,false
3203007,Iúna,ES,Espírito Santo,false
3203056,Jaguaré,ES,Espírito Santo,false
3203106,Jerônimo Monteiro,ES,Espírito Santo,false
3203130,João Neiva,ES,Espírito Santo,false
3203163,Laranja da Terra,ES,Espírito Santo,false
3203205,Linhares,ES,Espírito Santo,false
3203304,Mantenópolis,ES,Espírito Santo,false
3203320,Marataízes,ES,Espírito Santo,false
3203346,Marechal Floriano,ES,Espírito Santo,false
3203353,Marilândia,ES,Espírito Santo,false
3203403,Mimoso do Sul,ES,Espírito Santo,false
3203502,Montanha,ES,Espírito Santo,false
3203601,Mucurici,ES,Espírito Santo,false
3203700,Muniz Freire,ES,Espírito Santo,false
3203809,Muqui,ES,Espírito Santo,false
3203908,Nova Venécia,ES,Espírito Santo,false
3204005,Pancas,ES,Espírito Santo,false
3204054,Pedro Canário,ES,Espírito Santo,false
3204104,Pinheiros,ES,Espírito Santo,false
3204203,Piúma,ES,Espírito Santo,false
3204252,Ponto Belo,ES,Espírito Santo,false
3204302,Presidente Kennedy,ES,Espírito Santo,false
3204351,Rio Bananal,ES,Espírito Santo,false
3204401,Rio Novo do Sul,ES,Espírito Santo,false
3204500,Santa Leopoldina,ES,Espírito Santo,false
3204559,Santa Maria de Jetibá,ES,Espírito Santo,false
3204609,Santa Teresa,ES,Espírito Santo,false
3204658,São Domingos do Norte,ES,Espírito Santo,false
3204708,São Gabriel da Palha,ES,Espírito Santo,false
3204807,São José do Calçado,ES,Espírito Santo,false
3204906,São Mateus,ES,Espírito Santo,false
3204955,São Roque do Canaã,ES,Espírito Santo,false
3205002,Serra,ES,Espírito Santo,false
3205010,Sooretama,ES,Espírito Santo,false
3205036,Vargem Alta,ES,Espírito Santo,false
3205069,Venda Nova do Imigrante,ES,Espírito Santo,false
3205101,Viana,ES,Espírito Santo,false
3205150,Vila Pavão,ES,Espírito Santo,false
3205176,Vila Valério,ES,Espírito Santo,false
3205200,Vila Velha,ES,Espírito Santo,false
3205309,Vitória,ES,Espírito Santo,false
3300100,Angra dos Reis,RJ,Rio de Janeiro,false
3300159,Aperibé,RJ,Rio de Janeiro,false
3300209,Araruama,RJ,Rio de Janeiro,false
3300225,Areal,RJ,Rio de Janeiro,false
3300233,Armação dos Búzios,RJ,Rio de Janeiro,false
3300258,Arraial do Cabo,RJ,Rio de Janeiro,false
3300308,Barra do Piraí,RJ,Rio de Janeiro,false
3300407,Barra Mansa,RJ,Rio de Janeiro,false
3300456,Belford Roxo,RJ,Rio de Janeiro,false
3300506,Bom Jardim,RJ,Rio de Janeiro,false
3300605,Bom Jesus do Itabapoana,RJ,Rio de Janeiro,false
3300704,Cabo Frio,RJ,Rio de Janeiro,false
3300803,Cachoeiras de Macacu,RJ,Rio de Janeiro,false
3300902,Cambuci,RJ,Rio de Janeiro,false
3301009,Campos dos Goytacazes,RJ,Rio de Janeiro,false
3301108,Cantagalo,RJ,Rio de Janeiro,false
3300936,Carapebus,RJ,Rio de Janeiro,false
3301157,Cardoso Moreira,RJ,Rio de Janeiro,false
3301207,Carmo,RJ,Rio de Janeiro,false
3301306,Casimiro de Abreu,RJ,Rio de Janeiro,false
3300951,Comendador Levy Gasparian,RJ,Rio de Janeiro,false
3301405,Conceição de Macabu,RJ,Rio de Janeiro,false
3301504,Cordeiro,RJ,Rio de Janeiro,false
3301603,Duas Barras,RJ,Rio de Janeiro,false
3301702,Duque de Caxias,RJ,Rio de Janeiro,false
3301801,Engenheiro Paulo de Frontin,RJ,Rio de Janeiro,false
3301850,Guapimirim,RJ,Rio de Janeiro,false
3301876,Iguaba Grande,RJ,Rio de Janeiro,false
3301900,Itaboraí,RJ,Rio de Janeiro,false
3302007,Itaguaí,RJ,Rio de Janeiro,false
3302056,Italva,RJ,Rio de Janeiro,false
3302106,Itaocara,RJ,Rio de Janeiro,false
3302205,Itaperuna,RJ,Rio de Janeiro,false
3302254,Itatiaia,RJ,Rio de Janeiro,false
3302270,Japeri,RJ,Rio de Janeiro,false
3302304,Laje do Muriaé,RJ,Rio de Janeiro,false
3302403,Macaé,RJ,Rio de Janeiro,false
3302452,Macuco,RJ,Rio de Janeiro,false
3302502,Magé,RJ,Rio de Janeiro,false
3302601,Mangaratiba,RJ,Rio de Janeiro,false
3302700,Maricá,RJ,Rio de Janeiro,false
3302809,Mendes,RJ,Rio de Janeiro,false
3302858,Mesquita,RJ,Rio de Janeiro,false
3302908,Miguel Pereira,RJ,Rio de Janeiro,false
3303005,Miracema,RJ,Rio de Janeiro,false
3303104,Natividade,RJ,Rio de Janeiro,false
3303203,Nilópolis,RJ,Rio de Janeiro,false
3303302,Niterói,RJ,Rio de Janeiro,false
3303401,Nova Friburgo,RJ,Rio de Janeiro,false
3303500,Nova Iguaçu,RJ,Rio de Janeiro,false
3303609,Paracambi,RJ,Rio de Janeiro,false
3303708,Paraíba do Sul,RJ,Rio de Janeiro,false
3303807,Paraty,RJ,Rio de Janeiro,false
3303856,Paty do Alferes,RJ,Rio de Janeiro,false
3303906,Petrópolis,RJ,Rio de Janeiro,false
3303955,Pinheiral,RJ,Rio de Janeiro,false
3304003,Piraí,RJ,Rio de Janeiro,false
3304102,Porciúncula,RJ,Rio de Janeiro,false
3304110,Porto Real,RJ,Rio de Janeiro,false
3304128,Quatis,RJ,Rio de Janeiro,false
3304144,Queimados,RJ,Rio de Janeiro,false
3304151,Quissamã,RJ,Rio de Janeiro,false
3304201,Resende,RJ,Rio de Janeiro,false
3304300,Rio Bonito,RJ,Rio de Janeiro,false
3304409,Rio Claro,RJ,Rio de Janeiro,false
3304508,Rio das Flores,RJ,Rio de Janeiro,false
3304524,Rio das Ostras,RJ,Rio de Janeiro,false
3304557,Rio de Janeiro,RJ,Rio de Janeiro,false
3304607,Santa Maria Madalena,RJ,Rio de Janeiro,false
3304706,Santo Antônio de Pádua,RJ,Rio de Janeiro,false
3304805,São Fidélis,RJ,Rio de Janeiro,false
3304755,São Francisco de Itabapoana,RJ,Rio de Janeiro,false
3304904,São Gonçalo,RJ,Rio de Janeiro,false
3305000,São João da Barra,RJ,Rio de Janeiro,false
3305109,São João de Meriti,RJ,Rio de Janeiro,false
3305133,São José de Ubá,RJ,Rio de Janeiro,false
3305158,São José do Vale do Rio Preto,RJ,Rio de Janeiro,false
3305208,São Pedro da Aldeia,RJ,Rio de Janeiro,false
3305307,São Sebastião do Alto,RJ,Rio de Janeiro,false
3305406,Sapucaia,RJ,Rio de Janeiro,false
3305505,Saquarema,RJ,Rio de Janeiro,false
3305554,Seropédica,RJ,Rio de Janeiro,false
3305604,Silva Jardim,RJ,Rio de Janeiro,false
3305703,Sumidouro,RJ,Rio de Janeiro,false
3305752,Tanguá,RJ,Rio de Janeiro,false
3305802,Teresópolis,RJ,Rio de Janeiro,false
3305901,Trajano de Moraes,RJ,Rio de Janeiro,false
3306008,Três Rios,RJ,Rio de Janeiro,false
3306107,Valença,RJ,Rio de Janeiro,false
3306156,Varre-Sai,RJ,Rio de Janeiro,false
3306206,Vassouras,RJ,Rio de Janeiro,false
3306305,Volta Redonda,RJ,Rio de Janeiro,false
3500105,Adamantina,SP,São Paulo,false
3500204,Adolfo,SP,São Paulo,false
3500303,Aguaí,SP,São Paulo,false
3500402,Águas da Prata,SP,São Paulo,false
3500501,Águas de Lindóia,SP,São Paulo,false
3500550,Águas de Santa Bárbara,SP,São Paulo,false
3500600,Águas de São Pedro,SP,São Paulo,false
3500709,Agudos,SP,São Paulo,false
3500758,Alambari,SP,São Paulo,false
3500808,Alfredo Marcondes,SP,São Paulo,false
3500907,Altair,SP,São Paulo,false
3501004,Altinópolis,SP,São Paulo,false
3501103,Alto Alegre,SP,São Paulo,false
3501152,Alumínio,SP,São Paulo,false
3501202,Álvares Florence,SP,São Paulo,false
3501301,Álvares Machado,SP,São Paulo,false
3501400,Álvaro de Carvalho,SP,São Paulo,false
3501509,Alvinlândia,SP,São Paulo,false
3501608,Americana,SP,São Paulo,false
3501707,Américo Brasiliense,SP,São Paulo,false
3501806,Américo de Campos,SP,São Paulo,false
3501905,Amparo,SP,São Paulo,false
3502002,Analândia,SP,São Paulo,false
3502101,Andradina,SP,São Paulo,false
3502200,Angatuba,SP,São Paulo,false
3502309,Anhembi,SP,São Paulo,false
3502408,Anhumas,SP,São Paulo,false
3502507,Aparecida,SP,São Paulo,false
3502606,Aparecida d'Oeste,SP,São Paulo,false
3502705,Apiaí,SP,São Paulo,false
3502754,Araçariguama,SP,São Paulo,false
3502804,Araçatuba,SP,São Paulo,false
3502903,Araçoiaba da Serra,SP,São Paulo,false
3503000,Aramina,SP,São Paulo,false
3503109,Arandu,SP,São Paulo,false
3503158,Arapeí,SP,São Paulo,false
3503208,Araraquara,SP,São Paulo,false
3503307,Araras,SP,São Paulo,false
3503356,Arco-Íris,SP,São Paulo,false
3503406,Arealva,SP,São Paulo,false
3503505,Areias,SP,São Paulo,false
3503604,Areiópolis,SP,São Paulo,false
3503703,Ariranha,SP,São Paulo,false
3503802,Artur Nogueira,SP,São Paulo,false
3503901,Arujá,SP,São Paulo,false
3503950,Aspásia,SP,São Paulo,false
3504008,Assis,SP,São Paulo,false
3504107,Atibaia,SP,São Paulo,false
3504206,Auriflama,SP,São Paulo,false
3504305,Avaí,SP,São Paulo,false
3504404,Avanhandava,SP,São Paulo,false
3504503,Avaré,SP,São Paulo,false
3504602,Bady Bassitt,SP,São Paulo,false
3504701,Balbinos,SP,São Paulo,false
3504800,Bálsamo,SP,São Paulo,false
3504909,Bananal,SP,São Paulo,false
3505005,Barão de Antonina,SP,São Paulo,false
3505104,Barbosa,SP,São Paulo,false
3505203,Bariri,SP,São Paulo,false
3505302,Barra Bonita,SP,São Paulo,false
3505351,Barra do Chapéu,SP,São Paulo,false
3505401,Barra do Turvo,SP,São Paulo,false
3505500,Barretos,SP,São Paulo,false
3505609,Barrinha,SP,São Paulo,false
3505708,Barueri,SP,São Paulo,false
3505807,Bastos,SP,São Paulo,false
3505906,Batatais,SP,São Paulo,false
3506003,Bauru,SP,São Paulo,false
3506102,Bebedouro,SP,São Paulo,false
3506201,Bento de Abreu,SP,São Paulo,false
3506300,Bernardino de Campos,SP,São Paulo,false
3506359,Bertioga,SP,São Paulo,false
3506409,Bilac,SP,São Paulo,false
3506508,Birigui,SP,São Paulo,false
3506607,Biritiba Mirim,SP,São Paulo,false
3506706,Boa Esperança do Sul,SP,São Paulo,false
3506805,Bocaina,SP,São Paulo,false
3506904,Bofete,SP,São Paulo,false
3507001,Boituva,SP,São Paulo,false
3507100,Bom Jesus dos Perdões,SP,São Paulo,false
3507159,Bom Sucesso de Itararé,SP,São Paulo,false
3507209,Borá,SP,São Paulo,false
3507308,Boracéia,SP,São Paulo,false
3507407,Borborema,SP,São Paulo,false
3507456,Borebi,SP,São Paulo,false
3507506,Botucatu,SP,São Paulo,false
3507605,Bragança Paulista,SP,São Paulo,false
3507704,Braúna,SP,São Paulo,false
3507753,Brejo Alegre,SP,São Paulo,false
3507803,Brodowski,SP,São Paulo,false
3507902,Brotas,SP,São Paulo,false
3508009,Buri,SP,São Paulo,false
3508108,Buritama,SP,São Paulo,false
3508207,Buritizal,SP,São Paulo,false
3508306,Cabrália Paulista,SP,São Paulo,false
3508405,Cabreúva,SP,São Paulo,false
3508504,Caçapava,SP,São Paulo,false
3508603,Cachoeira Paulista,SP,São Paulo,false
3508702,Caconde,SP,São Paulo,false
3508801,Cafelândia,SP,São Paulo,false
3508900,Caiabu,SP,São Paulo,false
3509007,Caieiras,SP,São Paulo,false
3509106,Caiuá,SP,São Paulo,false
3509205,Cajamar,SP,São Paulo,false
3509254,Cajati,SP,São Paulo,false
3509304,Cajobi,SP,São Paulo,false
3509403,Cajuru,SP,São Paulo,false
3509452,Campina do Monte Alegre,SP,São Paulo,false
3509502,Campinas,SP,São Paulo,false
3509601,Campo Limpo Paulista,SP,São Paulo,false
3509700,Campos do Jordão,SP,São Paulo,false
3509809,Campos Novos Paulista,SP,São Paulo,false
3509908,Cananéia,SP,São Paulo,false
3509957,Canas,SP,São Paulo,false
3510005,Cândido Mota,SP,São Paulo,false
3510104,Cândido Rodrigues,SP,São Paulo,false
3510153,Canitar,SP,São Paulo,false
3510203,Capão Bonito,SP,São Paulo,false
3510302,Capela do Alto,SP,São Paulo,false
3510401,Capivari,SP,São Paulo,false
3510500,Caraguatatuba,SP,São Paulo,false
3510609,Carapicuíba,SP,São Paulo,false
3510708,Cardoso,SP,São Paulo,false
3510807,Casa Branca,SP,São Paulo,false
3510906,Cássia dos Coqueiros,SP,São Paulo,false
3511003,Castilho,SP,São Paulo,false
3511102,Catanduva,SP,São Paulo,false
3511201,Catiguá,SP,São Paulo,false
3511300,Cedral,SP,São Paulo,false
3511409,Cerqueira César,SP,São Paulo,false
3511508,Cerquilho,SP,São Paulo,false
3511607,Cesário Lange,SP,São Paulo,false
3511706,Charqueada,SP,São Paulo,false
3557204,Chavantes,SP,São Paulo,false
3511904,Clementina,SP,São Paulo,false
3512001,Colina,SP,São Paulo,false
3512100,Colômbia,SP,São Paulo,false
3512209,Conchal,SP,São Paulo,false
3512308,Conchas,SP,São Paulo,false
3512407,Cordeirópolis,SP,São Paulo,false
3512506,Coroados,SP,São Paulo,false
3512605,Coronel Macedo,SP,São Paulo,false
3512704,Corumbataí,SP,São Paulo,false
3512803,Cosmópolis,SP,São Paulo,false
3512902,Cosmorama,SP,São Paulo,false
3513009,Cotia,SP,São Paulo,false
3513108,Cravinhos,SP,São Paulo,false
3513207,Cristais Paulista,SP,São Paulo,false
3513306,Cruzália,SP,São Paulo,false
3513405,Cruzeiro,SP,São Paulo,false
3513504,Cubatão,SP,São Paulo,false
3513603,Cunha,SP,São Paulo,false
3513702,Descalvado,SP,São Paulo,false
3513801,Diadema,SP,São Paulo,false
3513850,Dirce Reis,SP,São Paulo,false
3513900,Divinolândia,SP,São Paulo,false
3514007,Dobrada,SP,São Paulo,false
3514106,Dois Córregos,SP,São Paulo,false
3514205,Dolcinópolis,SP,São Paulo,false
3514304,Dourado,SP,São Paulo,false
3514403,Dracena,SP,São Paulo,false
3514502,Duartina,SP,São Paulo,false
3514601,Dumont,SP,São Paulo,false
3514700,Echaporã,SP,São Paulo,false
3514809,Eldorado,SP,São Paulo,false
3514908,Elias Fausto,SP,São Paulo,false
3514924,Elisiário,SP,São Paulo,false
3514957,Embaúba,SP,São Paulo,false
3515004,Embu das Artes,SP,São Paulo,false
3515103,Embu-Guaçu,SP,São Paulo,false
3515129,Emilianópolis,SP,São Paulo,false
3515152,Engenheiro Coelho,SP,São Paulo,false
3515186,Espírito Santo do Pinhal,SP,São Paulo,false
3515194,Espírito Santo do Turvo,SP,São Paulo,false
3557303,Estiva Gerbi,SP,São Paulo,false
3515301,Estrela do Norte,SP,São Paulo,false
3515202,Estrela d'Oeste,SP,São Paulo,false
3515350,Euclides da Cunha Paulista,SP,São Paulo,false
3515400,Fartura,SP,São Paulo,false
3515608,Fernando Prestes,SP,São Paulo,false
3515509,Fernandópolis,SP,São Paulo,false
3515657,Fernão,SP,São Paulo,false
3515707,Ferraz de Vasconcelos,SP,São Paulo,false
3515806,Flora Rica,SP,São Paulo,false
3515905,Floreal,SP,São Paulo,false
3516002,Flórida Paulista,SP,São Paulo,false
3516101,Florínea,SP,São Paulo,false
3516200,Franca,SP,São Paulo,false
3516309,Francisco Morato,SP,São Paulo,false
3516408,Franco da Rocha,SP,São Paulo,false
3516507,Gabriel Monteiro,SP,São Paulo,false
3516606,Gália,SP,São Paulo,false
3516705,Garça,SP,São Paulo,false
3516804,Gastão Vidigal,SP,São Paulo,false
3516853,Gavião Peixoto,SP,São Paulo,false
3516903,General Salgado,SP,São Paulo,false
3517000,Getulina,SP,São Paulo,false
3517109,Glicério,SP,São Paulo,false
3517208,Guaiçara,SP,São Paulo,false
3517307,Guaimbê,SP,São Paulo,false
3517406,Guaíra,SP,São Paulo,false
3517505,Guapiaçu,SP,São Paulo,false
3517604,Guapiara,SP,São Paulo,false
3517703,Guará,SP,São Paulo,false
3517802,Guaraçaí,SP,São Paulo,false
3517901,Guaraci,SP,São Paulo,false
3518008,Guarani d'Oeste,SP,São Paulo,false
3518107,Guarantã,SP,São Paulo,false
3518206,Guararapes,SP,São Paulo,false
3518305,Guararema,SP,São Paulo,false
3518404,Guaratinguetá,SP,São Paulo,false
3518503,Guareí,SP,São Paulo,false
3518602,Guariba,SP,São Paulo,false
3518701,Guarujá,SP,São Paulo,false
3518800,Guarulhos,SP,São Paulo,false
3518859,Guatapará,SP,São Paulo,false
3518909,Guzolândia,SP,São Paulo,false
3519006,Herculândia,SP,São Paulo,false
3519055,Holambra,SP,São Paulo,false
3519071,Hortolândia,SP,São Paulo,false
3519105,Iacanga,SP,São Paulo,false
3519204,Iacri,SP,São Paulo,false
3519253,Iaras,SP,São Paulo,false
3519303,Ibaté,SP,São Paulo,false
3519402,Ibirá,SP,São Paulo,false
3519501,Ibirarema,SP,São Paulo,false
3519600,Ibitinga,SP,São Paulo,false
3519709,Ibiúna,SP,São Paulo,false
3519808,Icém,SP,São Paulo,false
3519907,Iepê,SP,São Paulo,false
3520004,Igaraçu do Tietê,SP,São Paulo,false
3520103,Igarapava,SP,São Paulo,false
3520202,Igaratá,SP,São Paulo,false
3520301,Iguape,SP,São Paulo,false
3520426,Ilha Comprida,SP,São Paulo,false
3520442,Ilha Solteira,SP,São Paulo,false
3520400,Ilhabela,SP,São Paulo,false
3520509,Indaiatuba,SP,São Paulo,false
3520608,Indiana,SP,São Paulo,false
3520707,Indiaporã,SP,São Paulo,false
3520806,Inúbia Paulista,SP,São Paulo,false
3520905,Ipaussu,SP,São Paulo,false
3521002,Iperó,SP,São Paulo,false
3521101,Ipeúna,SP,São Paulo,false
3521150,Ipiguá,SP,São Paulo,false
3521200,Iporanga,SP,São Paulo,false
3521309,Ipuã,SP,São Paulo,false
3521408,Iracemápolis,SP,São Paulo,false
3521507,Irapuã,SP,São Paulo,false
3521606,Irapuru,SP,São Paulo,false
3521705,Itaberá,SP,São Paulo,false
3521804,Itaí,SP,São Paulo,false
3521903,Itajobi,SP,São Paulo,false
3522000,Itaju,SP,São Paulo,false
3522109,Itanhaém,SP,São Paulo,false
3522158,Itaoca,SP,São Paulo,false
3522208,Itapecerica da Serra,SP,São Paulo,false
3522307,Itapetininga,SP,São Paulo,false
3522406,Itapeva,SP,São Paulo,false
3522505,Itapevi,SP,São Paulo,false
3522604,Itapira,SP,São Paulo,false
3522653,Itapirapuã Paulista,SP,São Paulo,false
3522703,Itápolis,SP,São Paulo,false
3522802,Itaporanga,SP,São Paulo,false
3522901,Itapuí,SP,São Paulo,false
3523008,Itapura,SP,São Paulo,false
3523107,Itaquaquecetuba,SP,São Paulo,false
3523206,Itararé,SP,São Paulo,false
3523305,Itariri,SP,São Paulo,false
3523404,Itatiba,SP,São Paulo,false
3523503,Itatinga,SP,São Paulo,false
3523602,Itirapina,SP,São Paulo,false
3523701,Itirapuã,SP,São Paulo,false
3523800,Itobi,SP,São Paulo,false
3523909,Itu,SP,São Paulo,false
3524006,Itupeva,SP,São Paulo,false
3524105,Ituverava,SP,São Paulo,false
3524204,Jaborandi,SP,São Paulo,false
3524303,Jaboticabal,SP,São Paulo,false
3524402,Jacareí,SP,São Paulo,false
3524501,Jaci,SP,São Paulo,false
3524600,Jacupiranga,SP,São Paulo,false
3524709,Jaguariúna,SP,São Paulo,false
3524808,Jales,SP,São Paulo,false
3524907,Jambeiro,SP,São Paulo,false
3525003,Jandira,SP,São Paulo,false
3525102,Jardinópolis,SP,São Paulo,false
3525201,Jarinu,SP,São Paulo,false
3525300,Jaú,SP,São Paulo,false
3525409,Jeriquara,SP,São Paulo,false
3525508,Joanópolis,SP,São Paulo,false
3525607,João Ramalho,SP,São Paulo,false
3525706,José Bonifácio,SP,São Paulo,false
3525805,Júlio Mesquita,SP,São Paulo,false
3525854,Jumirim,SP,São Paulo,false
3525904,Jundiaí,SP,São Paulo,false
3526001,Junqueirópolis,SP,São Paulo,false
3526100,Juquiá,SP,São Paulo,false
3526209,Juquitiba,SP,São Paulo,false
3526308,Lagoinha,SP,São Paulo,false
3526407,Laranjal Paulista,SP,São Paulo,false
3526506,Lavínia,SP,São Paulo,false
3526605,Lavrinhas,SP,São Paulo,false
3526704,Leme,SP,São Paulo,false
3526803,Lençóis Paulista,SP,São Paulo,false
3526902,Limeira,SP,São Paulo,false
3527009,Lindóia,SP,São Paulo,false
3527108,Lins,SP,São Paulo,false
3527207,Lorena,SP,São Paulo,false
3527256,Lourdes,SP,São Paulo,false
3527306,Louveira,SP,São Paulo,false
3527405,Lucélia,SP,São Paulo,false
3527504,Lucianópolis,SP,São Paulo,false
3527603,Luís Antônio,SP,São Paulo,false
3527702,Luiziânia,SP,São Paulo,false
3527801,Lupércio,SP,São Paulo,false
3527900,Lutécia,SP,São Paulo,false
3528007,Macatuba,SP,São Paulo,false
3528106,Macaubal,SP,São Paulo,false
3528205,Macedônia,SP,São Paulo,false
3528304,Magda,SP,São Paulo,false
3528403,Mairinque,SP,São Paulo,false
3528502,Mairiporã,SP,São Paulo,false
3528601,Manduri,SP,São Paulo,false
3528700,Marabá Paulista,SP,São Paulo,false
3528809,Maracaí,SP,São Paulo,false
3528858,Marapoama,SP,São Paulo,false
3528908,Mariápolis,SP,São Paulo,false
3529005,Marília,SP,São Paulo,false
3529104,Marinópolis,SP,São Paulo,false
3529203,Martinópolis,SP,São Paulo,false
3529302,Matão,SP,São Paulo,false
3529401,Mauá,SP,São Paulo,false
3529500,Mendonça,SP,São Paulo,false
3529609,Meridiano,SP,São Paulo,false
3529658,Mesópolis,SP,São Paulo,false
3529708,Miguelópolis,SP,São Paulo,false
3529807,Mineiros do Tietê,SP,São Paulo,false
3530003,Mira Estrela,SP,São Paulo,false
3529906,Miracatu,SP,São Paulo,false
3530102,Mirandópolis,SP,São Paulo,false
3530201,Mirante do Paranapanema,SP,São Paulo,false
3530300,Mirassol,SP,São Paulo,false
3530409,Mirassolândia,SP,São Paulo,false
3530508,Mococa,SP,São Paulo,false
3530607,Mogi das Cruzes,SP,São Paulo,false
3530706,Mogi Guaçu,SP,São Paulo,false
3530805,Mogi Mirim,SP,São Paulo,false
3530904,Mombuca,SP,São Paulo,false
3531001,Monções,SP,São Paulo,false
3531100,Mongaguá,SP,São Paulo,false
3531209,Monte Alegre do Sul,SP,São Paulo,false
3531308,Monte Alto,SP,São Paulo,false
3531407,Monte Aprazível,SP,São Paulo,false
3531506,Monte Azul Paulista,SP,São Paulo,false
3531605,Monte Castelo,SP,São Paulo,false
3531803,Monte Mor,SP,São Paulo,false
3531704,Monteiro Lobato,SP,São Paulo,false
3531902,Morro Agudo,SP,São Paulo,false
3532009,Morungaba,SP,São Paulo,false
3532058,Motuca,SP,São Paulo,false
3532108,Murutinga do Sul,SP,São Paulo,false
3532157,Nantes,SP,São Paulo,false
3532207,Narandiba,SP,São Paulo,false
3532306,Natividade da Serra,SP,São Paulo,false
3532405,Nazaré Paulista,SP,São Paulo,false
3532504,Neves Paulista,SP,São Paulo,false
3532603,Nhandeara,SP,São Paulo,false
3532702,Nipoã,SP,São Paulo,false
3532801,Nova Aliança,SP,São Paulo,false
3532827,Nova Campina,SP,São Paulo,false
3532843,Nova Canaã Paulista,SP,São Paulo,false
3532868,Nova Castilho,SP,São Paulo,false
3532900,Nova Europa,SP,São Paulo,false
3533007,Nova Granada,SP,São Paulo,false
3533106,Nova Guataporanga,SP,São Paulo,false
3533205,Nova Independência,SP,São Paulo,false
3533304,Nova Luzitânia,SP,São Paulo,false
3533403,Nova Odessa,SP,São Paulo,false
3533254,Novais,SP,São Paulo,false
3533502,Novo Horizonte,SP,São Paulo,false
3533601,Nuporanga,SP,São Paulo,false
3533700,Ocauçu,SP,São Paulo,false
3533809,Óleo,SP,São Paulo,false
3533908,Olímpia,SP,São Paulo,false
3534005,Onda Verde,SP,São Paulo,false
3534104,Oriente,SP,São Paulo,false
3534203,Orindiúva,SP,São Paulo,false
3534302,Orlândia,SP,São Paulo,false
3534401,Osasco,SP,São Paulo,false
3534500,Oscar Bressane,SP,São Paulo,false
3534609,Osvaldo Cruz,SP,São Paulo,false
3534708,Ourinhos,SP,São Paulo,false
3534807,Ouro Verde,SP,São Paulo,false
3534757,Ouroeste,SP,São Paulo,false
3534906,Pacaembu,SP,São Paulo,false
3535002,Palestina,SP,São Paulo,false
3535101,Palmares Paulista,SP,São Paulo,false
3535200,Palmeira d'Oeste,SP,São Paulo,false
3535309,Palmital,SP,São Paulo,false
3535408,Panorama,SP,São Paulo,false
3535507,Paraguaçu Paulista,SP,São Paulo,false
3535606,Paraibuna,SP,São Paulo,false
3535705,Paraíso,SP,São Paulo,false
3535804,Paranapanema,SP,São Paulo,false
3535903,Paranapuã,SP,São Paulo,false
3536000,Parapuã,SP,São Paulo,false
3536109,Pardinho,SP,São Paulo,false
3536208,Pariquera-Açu,SP,São Paulo,false
3536257,Parisi,SP,São Paulo,false
3536307,Patrocínio Paulista,SP,São Paulo,false
3536406,Paulicéia,SP,São Paulo,false
3536505,Paulínia,SP,São Paulo,false
3536570,Paulistânia,SP,São Paulo,false
3536604,Paulo de Faria,SP,São Paulo,false
3536703,Pederneiras,SP,São Paulo,false
3536802,Pedra Bela,SP,São Paulo,false
3536901,Pedranópolis,SP,São Paulo,false
3537008,Pedregulho,SP,São Paulo,false
3537107,Pedreira,SP,São Paulo,false
3537156,Pedrinhas Paulista,SP,São Paulo,false
3537206,Pedro de Toledo,SP,São Paulo,false
3537305,Penápolis,SP,São Paulo,false
3537404,Pereira Barreto,SP,São Paulo,false
3537503,Pereiras,SP,São Paulo,false
3537602,Peruíbe,SP,São Paulo,false
3537701,Piacatu,SP,São Paulo,false
3537800,Piedade,SP,São Paulo,false
3537909,Pilar do Sul,SP,São Paulo,false
3538006,Pindamonhangaba,SP,São Paulo,false
3538105,Pindorama,SP,São Paulo,false
3538204,Pinhalzinho,SP,São Paulo,false
3538303,Piquerobi,SP,São Paulo,false
3538501,Piquete,SP,São Paulo,false
3538600,Piracaia,SP,São Paulo,false
3538709,Piracicaba,SP,São Paulo,false
3538808,Piraju,SP,São Paulo,false
3538907,Pirajuí,SP,São Paulo,false
3539004,Pirangi,SP,São Paulo,false
3539103,Pirapora do Bom Jesus,SP,São Paulo,false
3539202,Pirapozinho,SP,São Paulo,false
3539301,Pirassununga,SP,São Paulo,false
3539400,Piratininga,SP,São Paulo,false
3539509,Pitangueiras,SP,São Paulo,false
3539608,Planalto,SP,São Paulo,false
3539707,Platina,SP,São Paulo,false
3539806,Poá,SP,São Paulo,false
3539905,Poloni,SP,São Paulo,false
3540002,Pompéia,SP,São Paulo,false
3540101,Pongaí,SP,São Paulo,false
3540200,Pontal,SP,São Paulo,false
3540259,Pontalinda,SP,São Paulo,false
3540309,Pontes Gestal,SP,São Paulo,false
3540408,Populina,SP,São Paulo,false
3540507,Porangaba,SP,São Paulo,false
3540606,Porto Feliz,SP,São Paulo,false
3540705,Porto Ferreira,SP,São Paulo,false
3540754,Potim,SP,São Paulo,false
3540804,Potirendaba,SP,São Paulo,false
3540853,Pracinha,SP,São Paulo,false
3540903,Pradópolis,SP,São Paulo,false
3541000,Praia Grande,SP,São Paulo,false
3541059,Pratânia,SP,São Paulo,false
3541109,Presidente Alves,SP,São Paulo,false
3541208,Presidente Bernardes,SP,São Paulo,false
3541307,Presidente Epitácio,SP,São Paulo,false
3541406,Presidente Prudente,SP,São Paulo,false
3541505,Presidente Venceslau,SP,São Paulo,false
3541604,Promissão,SP,São Paulo,false
3541653,Quadra,SP,São Paulo,false
3541703,Quatá,SP,São Paulo,false
3541802,Queiroz,SP,São Paulo,false
3541901,Queluz,SP,São Paulo,false
3542008,Quintana,SP,São Paulo,false
3542107,Rafard,SP,São Paulo,false
3542206,Rancharia,SP,São Paulo,false
3542305,Redenção da Serra,SP,São Paulo,false
3542404,Regente Feijó,SP,São Paulo,false
3542503,Reginópolis,SP,São Paulo,false
3542602,Registro,SP,São Paulo,false
3542701,Restinga,SP,São Paulo,false
3542800,Ribeira,SP,São Paulo,false
3542909,Ribeirão Bonito,SP,São Paulo,false
3543006,Ribeirão Branco,SP,São Paulo,false
3543105,Ribeirão Corrente,SP,São Paulo,false
3543204,Ribeirão do Sul,SP,São Paulo,false
3543238,Ribeirão dos Índios,SP,São Paulo,false
3543253,Ribeirão Grande,SP,São Paulo,false
3543303,Ribeirão Pires,SP,São Paulo,false
3543402,Ribeirão Preto,SP,São Paulo,false
3543600,Rifaina,SP,São Paulo,false
3543709,Rincão,SP,São Paulo,false
3543808,Rinópolis,SP,São Paulo,false
3543907,Rio Claro,SP,São Paulo,false
3544004,Rio das Pedras,SP,São Paulo,false
3544103,Rio Grande da Serra,SP,São Paulo,false
3544202,Riolândia,SP,São Paulo,false
3543501,Riversul,SP,São Paulo,false
3544251,Rosana,SP,São Paulo,false
3544301,Roseira,SP,São Paulo,false
3544400,Rubiácea,SP,São Paulo,false
3544509,Rubinéia,SP,São Paulo,false
3544608,Sabino,SP,São Paulo,false
3544707,Sagres,SP,São Paulo,false
3544806,Sales,SP,São Paulo,false
3544905,Sales Oliveira,SP,São Paulo,false
3545001,Salesópolis,SP,São Paulo,false
3545100,Salmourão,SP,São Paulo,false
3545159,Saltinho,SP,São Paulo,false
3545209,Salto,SP,São Paulo,false
3545308,Salto de Pirapora,SP,São Paulo,false
3545407,Salto Grande,SP,São Paulo,false
3545506,Sandovalina,SP,São Paulo,false
3545605,Santa Adélia,SP,São Paulo,false
3545704,Santa Albertina,SP,São Paulo,false
3545803,Santa Bárbara d'Oeste,SP,São Paulo,false
3546009,Santa Branca,SP,São Paulo,false
3546108,Santa Clara d'Oeste,SP,São Paulo,false
3546207,Santa Cruz da Conceição,SP,São Paulo,false
3546256,Santa Cruz da Esperança,SP,São Paulo,false
3546306,Santa Cruz das Palmeiras,SP,São Paulo,false
3546405,Santa Cruz do Rio Pardo,SP,São Paulo,false
3546504,Santa Ernestina,SP,São Paulo,false
3546603,Santa Fé do Sul,SP,São Paulo,false
3546702,Santa Gertrudes,SP,São Paulo,false
3546801,Santa Isabel,SP,São Paulo,false
3546900,Santa Lúcia,SP,São Paulo,false
3547007,Santa Maria da Serra,SP,São Paulo,false
3547106,Santa Mercedes,SP,São Paulo,false
3547502,Santa Rita do Passa Quatro,SP,São Paulo,false
3547403,Santa Rita d'Oeste,SP,São Paulo,false
3547601,Santa Rosa de Viterbo,SP,São Paulo,false
3547650,Santa Salete,SP,São Paulo,false
3547205,Santana da Ponte Pensa,SP,São Paulo,false
3547304,Santana de Parnaíba,SP,São Paulo,false
3547700,Santo Anastácio,SP,São Paulo,false
3547809,Santo André,SP,São Paulo,false
3547908,Santo Antônio da Alegria,SP,São Paulo,false
3548005,Santo Antônio de Posse,SP,São Paulo,false
3548054,Santo Antônio do Aracanguá,SP,São Paulo,false
3548104,Santo Antônio do Jardim,SP,São Paulo,false
3548203,Santo Antônio do Pinhal,SP,São Paulo,false
3548302,Santo Expedito,SP,São Paulo,false
3548401,Santópolis do Aguapeí,SP,São Paulo,false
3548500,Santos,SP,São Paulo,false
3548609,São Bento do Sapucaí,SP,São Paulo,false
3548708,São Bernardo do Campo,SP,São Paulo,false
3548807,São Caetano do Sul,SP,São Paulo,false
3548906,São Carlos,SP,São Paulo,false
3549003,São Francisco,SP,São Paulo,false
3549102,São João da Boa Vista,SP,São Paulo,false
3549201,São João das Duas Pontes,SP,São Paulo,false
3549250,São João de Iracema,SP,São Paulo,false
3549300,São João do Pau d'Alho,SP,São Paulo,false
3549409,São Joaquim da Barra,SP,São Paulo,false
3549508,São José da Bela Vista,SP,São Paulo,false
3549607,São José do Barreiro,SP,São Paulo,false
3549706,São José do Rio Pardo,SP,São Paulo,false
3549805,São José do Rio Preto,SP,São Paulo,false
3549904,São José dos Campos,SP,São Paulo,false
3549953,São Lourenço da Serra,SP,São Paulo,false
3550001,São Luiz do Paraitinga,SP,São Paulo,false
3550100,São Manuel,SP,São Paulo,false
3550209,São Miguel Arcanjo,SP,São Paulo,false
3550308,São Paulo,SP,São Paulo,false
3550407,São Pedro,SP,São Paulo,false
3550506,São Pedro do Turvo,SP,São Paulo,false
3550605,São Roque,SP,São Paulo,false
3550704,São Sebastião,SP,São Paulo,false
3550803,São Sebastião da Grama,SP,São Paulo,false
3550902,São Simão,SP,São Paulo,false
3551009,São Vicente,SP,São Paulo,false
3551108,Sarapuí,SP,São Paulo,false
3551207,Sarutaiá,SP,São Paulo,false
3551306,Sebastianópolis do Sul,SP,São Paulo,false
3551405,Serra Azul,SP,São Paulo,false
3551603,Serra Negra,SP,São Paulo,false
3551504,Serrana,SP,São Paulo,false
3551702,Sertãozinho,SP,São Paulo,false
3551801,Sete Barras,SP,São Paulo,false
3551900,Severínia,SP,São Paulo,false
3552007,Silveiras,SP,São Paulo,false
3552106,Socorro,SP,São Paulo,false
3552205,Sorocaba,SP,São Paulo,false
3552304,Sud Mennucci,SP,São Paulo,false
3552403,Sumaré,SP,São Paulo,false
3552551,Suzanápolis,SP,São Paulo,false
3552502,Suzano,SP,São Paulo,false
3552601,Tabapuã,SP,São Paulo,false
3552700,Tabatinga,SP,São Paulo,false
3552809,Taboão da Serra,SP,São Paulo,false
3552908,Taciba,SP,São Paulo,false
3553005,Taguaí,SP,São Paulo,false
3553104,Taiaçu,SP,São Paulo,false
3553203,Taiúva,SP,São Paulo,false
3553302,Tambaú,SP,São Paulo,false
3553401,Tanabi,SP,São Paulo,false
3553500,Tapiraí,SP,São Paulo,false
3553609,Tapiratiba,SP,São Paulo,false
3553658,Taquaral,SP,São Paulo,false
3553708,Taquaritinga,SP,São Paulo,false
3553807,Taquarituba,SP,São Paulo,false
3553856,Taquarivaí,SP,São Paulo,false
3553906,Tarabai,SP,São Paulo,false
3553955,Tarumã,SP,São Paulo,false
3554003,Tatuí,SP,São Paulo,false
3554102,Taubaté,SP,São Paulo,false
3554201,Tejupá,SP,São Paulo,false
3554300,Teodoro Sampaio,SP,São Paulo,false
3554409,Terra Roxa,SP,São Paulo,false
3554508,Tietê,SP,São Paulo,false
3554607,Timburi,SP,São Paulo,false
3554656,Torre de Pedra,SP,São Paulo,false
3554706,Torrinha,SP,São Paulo,false
3554755,Trabiju,SP,São Paulo,false
3554805,Tremembé,SP,São Paulo,false
3554904,Três Fronteiras,SP,São Paulo,false
3554953,Tuiuti,SP,São Paulo,false
3555000,Tupã,SP,São Paulo,false
3555109,Tupi Paulista,SP,São Paulo,false
3555208,Turiúba,SP,São Paulo,false
3555307,Turmalina,SP,São Paulo,false
3555356,Ubarana,SP,São Paulo,false
3555406,Ubatuba,SP,São Paulo,false
3555505,Ubirajara,SP,São Paulo,false
3555604,Uchoa,SP,São Paulo,false
3555703,União Paulista,SP,São Paulo,false
3555802,Urânia,SP,São Paulo,false
3555901,Uru,SP,São Paulo,false
3556008,Urupês,SP,São Paulo,false
3556107,Valentim Gentil,SP,São Paulo,false
3556206,Valinhos,SP,São Paulo,false
3556305,Valparaíso,SP,São Paulo,false
3556354,Vargem,SP,São Paulo,false
3556404,Vargem Grande do Sul,SP,São Paulo,false
3556453,Vargem Grande Paulista,SP,São Paulo,false
3556503,Várzea Paulista,SP,São Paulo,false
3556602,Vera Cruz,SP,São Paulo,false
3556701,Vinhedo,SP,São Paulo,false
3556800,Viradouro,SP,São Paulo,false
3556909,Vista Alegre do Alto,SP,São Paulo,false
3556958,Vitória Brasil,SP,São Paulo,false
3557006,Votorantim,SP,São Paulo,false
3557105,Votuporanga,SP,São Paulo,false
3557154,Zacarias,SP,São Paulo,false
4100103,Abatiá,PR,Paraná,false
4100202,Adrianópolis,PR,Paraná,false
4100301,Agudos do Sul,PR,Paraná,false
4100400,Almirante Tamandaré,PR,Paraná,false
4100459,Altamira do Paraná,PR,Paraná,false
4128625,Alto Paraíso,PR,Paraná,false
4100608,Alto Paraná,PR,Paraná,false
4100707,Alto Piquiri,PR,Paraná,false
4100509,Altônia,PR,Paraná,false
4100806,Alvorada do Sul,PR,Paraná,false
4100905,Amaporã,PR,Paraná,false
4101002,Ampére,PR,Paraná,false
4101051,Anahy,PR,Paraná,false
4101101,Andirá,PR,Paraná,false
4101150,Ângulo,PR,Paraná,false
4101200,Antonina,PR,Paraná,false
4101309,Antônio Olinto,PR,Paraná,false
4101408,Apucarana,PR,Paraná,false
4101507,Arapongas,PR,Paraná,false
4101606,Arapoti,PR,Paraná,false
4101655,Arapuã,PR,Paraná,false
4101705,Araruna,PR,Paraná,false
4101804,Araucária,PR,Paraná,false
4101853,Ariranha do Ivaí,PR,Paraná,false
4101903,Assaí,PR,Paraná,false
4102000,Assis Chateaubriand,PR,Paraná,false
4102109,Astorga,PR,Paraná,false
4102208,Atalaia,PR,Paraná,false
4102307,Balsa Nova,PR,Paraná,false
4102406,Bandeirantes,PR,Paraná,false
4102505,Barbosa Ferraz,PR,Paraná,false
4102703,Barra do Jacaré,PR,Paraná,false
4102604,Barracão,PR,Paraná,false
4102752,Bela Vista da Caroba,PR,Paraná,false
4102802,Bela Vista do Paraíso,PR,Paraná,false
4102901,Bituruna,PR,Paraná,false
4103008,Boa Esperança,PR,Paraná,false
4103024,Boa Esperança do Iguaçu,PR,Paraná,false
4103040,Boa Ventura de São Roque,PR,Paraná,false
4103057,Boa Vista da Aparecida,PR,Paraná,false
4103107,Bocaiúva do Sul,PR,Paraná,false
4103156,Bom Jesus do Sul,PR,Paraná,false
4103206,Bom Sucesso,PR,Paraná,false
4103222,Bom Sucesso do Sul,PR,Paraná,false
4103305,Borrazópolis,PR,Paraná,false
4103354,Braganey,PR,Paraná,false
4103370,Brasilândia do Sul,PR,Paraná,false
4103404,Cafeara,PR,Paraná,false
4103453,Cafelândia,PR,Paraná,false
4103479,Cafezal do Sul,PR,Paraná,false
4103503,Califórnia,PR,Paraná,false
4103602,Cambará,PR,Paraná,false
4103701,Cambé,PR,Paraná,false
4103800,Cambira,PR,Paraná,false
4103909,Campina da Lagoa,PR,Paraná,false
4103958,Campina do Simão,PR,Paraná,false
4104006,Campina Grande do Sul,PR,Paraná,false
4104055,Campo Bonito,PR,Paraná,false
4104105,Campo do Tenente,PR,Paraná,false
4104204,Campo Largo,PR,Paraná,false
4104253,Campo Magro,PR,Paraná,false
4104303,Campo Mourão,PR,Paraná,false
4104402,Cândido de Abreu,PR,Paraná,false
4104428,Candói,PR,Paraná,false
4104451,Cantagalo,PR,Paraná,false
4104501,Capanema,PR,Paraná,false
4104600,Capitão Leônidas Marques,PR,Paraná,false
4104659,Carambeí,PR,Paraná,false
4104709,Carlópolis,PR,Paraná,false
4104808,Cascavel,PR,Paraná,false
4104907,Castro,PR,Paraná,false
4105003,Catanduvas,PR,Paraná,false
4105102,Centenário do Sul,PR,Paraná,false
4105201,Cerro Azul,PR,Paraná,false
4105300,Céu Azul,PR,Paraná,false
4105409,Chopinzinho,PR,Paraná,false
4105508,Cianorte,PR,Paraná,false
4105607,Cidade Gaúcha,PR,Paraná,false
4105706,Clevelândia,PR,Paraná,false
4105805,Colombo,PR,Paraná,false
4105904,Colorado,PR,Paraná,false
4106001,Congonhinhas,PR,Paraná,false
4106100,Conselheiro Mairinck,PR,Paraná,false
4106209,Contenda,PR,Paraná,false
4106308,Corbélia,PR,Paraná,false
4106407,Cornélio Procópio,PR,Paraná,false
4106456,Coronel Domingos Soares,PR,Paraná,false
4106506,Coronel Vivida,PR,Paraná,false
4106555,Corumbataí do Sul,PR,Paraná,false
4106803,Cruz Machado,PR,Paraná,false
4106571,Cruzeiro do Iguaçu,PR,Paraná,false
4106605,Cruzeiro do Oeste,PR,Paraná,false
4106704,Cruzeiro do Sul,PR,Paraná,false
4106852,Cruzmaltina,PR,Paraná,false
4106902,Curitiba,PR,Paraná,false
4107009,Curiúva,PR,Paraná,false
4107108,Diamante do Norte,PR,Paraná,false
4107124,Diamante do Sul,PR,Paraná,false
4107157,Diamante D'Oeste,PR,Paraná,false
4107207,Dois Vizinhos,PR,Paraná,false
4107256,Douradina,PR,Paraná,false
4107306,Doutor Camargo,PR,Paraná,false
4128633,Doutor Ulysses,PR,Paraná,false
4107405,Enéas Marques,PR,Paraná,false
4107504,Engenheiro Beltrão,PR,Paraná,false
4107538,Entre Rios do Oeste,PR,Paraná,false
4107520,Esperança Nova,PR,Paraná,false
4107546,Espigão Alto do Iguaçu,PR,Paraná,false
4107553,Farol,PR,Paraná,false
4107603,Faxinal,PR,Paraná,false
4107652,Fazenda Rio Grande,PR,Paraná,false
4107702,Fênix,PR,Paraná,false
4107736,Fernandes Pinheiro,PR,Paraná,false
4107751,Figueira,PR,Paraná,false
4107850,Flor da Serra do Sul,PR,Paraná,false
4107801,Floraí,PR,Paraná,false
4107900,Floresta,PR,Paraná,false
4108007,Florestópolis,PR,Paraná,false
4108106,Flórida,PR,Paraná,false
4108205,Formosa do Oeste,PR,Paraná,false
4108304,Foz do Iguaçu,PR,Paraná,false
4108452,Foz do Jordão,PR,Paraná,false
4108320,Francisco Alves,PR,Paraná,false
4108403,Francisco Beltrão,PR,Paraná,false
4108502,General Carneiro,PR,Paraná,false
4108551,Godoy Moreira,PR,Paraná,false
4108601,Goioerê,PR,Paraná,false
4108650,Goioxim,PR,Paraná,false
4108700,Grandes Rios,PR,Paraná,false
4108809,Guaíra,PR,Paraná,false
4108908,Guairaçá,PR,Paraná,false
4108957,Guamiranga,PR,Paraná,false
4109005,Guapirama,PR,Paraná,false
4109104,Guaporema,PR,Paraná,false
4109203,Guaraci,PR,Paraná,false
4109302,Guaraniaçu,PR,Paraná,false
4109401,Guarapuava,PR,Paraná,false
4109500,Guaraqueçaba,PR,Paraná,false
4109609,Guaratuba,PR,Paraná,false
4109658,Honório Serpa,PR,Paraná,false
4109708,Ibaiti,PR,Paraná,false
4109757,Ibema,PR,Paraná,false
4109807,Ibiporã,PR,Paraná,false
4109906,Icaraíma,PR,Paraná,false
4110003,Iguaraçu,PR,Paraná,false
4110052,Iguatu,PR,Paraná,false
4110078,Imbaú,PR,Paraná,false
4110102,Imbituva,PR,Paraná,false
4110201,Inácio Martins,PR,Paraná,false
4110300,Inajá,PR,Paraná,false
4110409,Indianópolis,PR,Paraná,false
4110508,Ipiranga,PR,Paraná,false
4110607,Iporã,PR,Paraná,false
4110656,Iracema do Oeste,PR,Paraná,false
4110706,Irati,PR,Paraná,false
4110805,Iretama,PR,Paraná,false
4110904,Itaguajé,PR,Paraná,false
4110953,Itaipulândia,PR,Paraná,false
4111001,Itambaracá,PR,Paraná,false
4111100,Itambé,PR,Paraná,false
4111209,Itapejara d'Oeste,PR,Paraná,false
4111258,Itaperuçu,PR,Paraná,false
4111308,Itaúna do Sul,PR,Paraná,false
4111407,Ivaí,PR,Paraná,false
4111506,Ivaiporã,PR,Paraná,false
4111555,Ivaté,PR,Paraná,false
4111605,Ivatuba,PR,Paraná,false
4111704,Jaboti,PR,Paraná,false
4111803,Jacarezinho,PR,Paraná,false
4111902,Jaguapitã,PR,Paraná,false
4112009,Jaguariaíva,PR,Paraná,false
4112108,Jandaia do Sul,PR,Paraná,false
4112207,Janiópolis,PR,Paraná,false
4112306,Japira,PR,Paraná,false
4112405,Japurá,PR,Paraná,false
4112504,Jardim Alegre,PR,Paraná,false
4112603,Jardim Olinda,PR,Paraná,false
4112702,Jataizinho,PR,Paraná,false
4112751,Jesuítas,PR,Paraná,false
4112801,Joaquim Távora,PR,Paraná,false
4112900,Jundiaí do Sul,PR,Paraná,false
4112959,Juranda,PR,Paraná,false
4113007,Jussara,PR,Paraná,false
4113106,Kaloré,PR,Paraná,false
4113205,Lapa,PR,Paraná,false
4113254,Laranjal,PR,Paraná,false
4113304,Laranjeiras do Sul,PR,Paraná,false
4113403,Leópolis,PR,Paraná,false
4113429,Lidianópolis,PR,Paraná,false
4113452,Lindoeste,PR,Paraná,false
4113502,Loanda,PR,Paraná,false
4113601,Lobato,PR,Paraná,false
4113700,Londrina,PR,Paraná,false
4113734,Luiziana,PR,Paraná,false
4113759,Lunardelli,PR,Paraná,false
4113809,Lupionópolis,PR,Paraná,false
4113908,Mallet,PR,Paraná,false
4114005,Mamborê,PR,Paraná,false
4114104,Mandaguaçu,PR,Paraná,false
4114203,Mandaguari,PR,Paraná,false
4114302,Mandirituba,PR,Paraná,false
4114351,Manfrinópolis,PR,Paraná,false
4114401,Mangueirinha,PR,Paraná,false
4114500,Manoel Ribas,PR,Paraná,false
4114609,Marechal Cândido Rondon,PR,Paraná,false
4114708,Maria Helena,PR,Paraná,false
4114807,Marialva,PR,Paraná,false
4114906,Marilândia do Sul,PR,Paraná,false
4115002,Marilena,PR,Paraná,false
4115101,Mariluz,PR,Paraná,false
4115200,Maringá,PR,Paraná,false
4115309,Mariópolis,PR,Paraná,false
4115358,Maripá,PR,Paraná,false
4115408,Marmeleiro,PR,Paraná,false
4115457,Marquinho,PR,Paraná,false
4115507,Marumbi,PR,Paraná,false
4115606,Matelândia,PR,Paraná,false
4115705,Matinhos,PR,Paraná,false
4115739,Mato Rico,PR,Paraná,false
4115754,Mauá da Serra,PR,Paraná,false
4115804,Medianeira,PR,Paraná,false
4115853,Mercedes,PR,Paraná,false
4115903,Mirador,PR,Paraná,false
4116000,Miraselva,PR,Paraná,false
4116059,Missal,PR,Paraná,false
4116109,Moreira Sales,PR,Paraná,false
4116208,Morretes,PR,Paraná,false
4116307,Munhoz de Melo,PR,Paraná,false
4116406,Nossa Senhora das Graças,PR,Paraná,false
4116505,Nova Aliança do Ivaí,PR,Paraná,false
4116604,Nova América da Colina,PR,Paraná,false
4116703,Nova Aurora,PR,Paraná,false
4116802,Nova Cantu,PR,Paraná,false
4116901,Nova Esperança,PR,Paraná,false
4116950,Nova Esperança do Sudoeste,PR,Paraná,false
4117008,Nova Fátima,PR,Paraná,false
4117057,Nova Laranjeiras,PR,Paraná,false
4117107,Nova Londrina,PR,Paraná,false
4117206,Nova Olímpia,PR,Paraná,false
4117255,Nova Prata do Iguaçu,PR,Paraná,false
4117214,Nova Santa Bárbara,PR,Paraná,false
4117222,Nova Santa Rosa,PR,Paraná,false
4117271,Nova Tebas,PR,Paraná,false
4117297,Novo Itacolomi,PR,Paraná,false
4117305,Ortigueira,PR,Paraná,false
4117404,Ourizona,PR,Paraná,false
4117453,Ouro Verde do Oeste,PR,Paraná,false
4117503,Paiçandu,PR,Paraná,false
4117602,Palmas,PR,Paraná,false
4117701,Palmeira,PR,Paraná,false
4117800,Palmital,PR,Paraná,false
4117909,Palotina,PR,Paraná,false
4118006,Paraíso do Norte,PR,Paraná,false
4118105,Paranacity,PR,Paraná,false
4118204,Paranaguá,PR,Paraná,false
4118303,Paranapoema,PR,Paraná,false
4118402,Paranavaí,PR,Paraná,false
4118451,Pato Bragado,PR,Paraná,false
4118501,Pato Branco,PR,Paraná,false
4118600,Paula Freitas,PR,Paraná,false
4118709,Paulo Frontin,PR,Paraná,false
4118808,Peabiru,PR,Paraná,false
4118857,Perobal,PR,Paraná,false
4118907,Pérola,PR,Paraná,false
4119004,Pérola d'Oeste,PR,Paraná,false
4119103,Piên,PR,Paraná,false
4119152,Pinhais,PR,Paraná,false
4119251,Pinhal de São Bento,PR,Paraná,false
4119202,Pinhalão,PR,Paraná,false
4119301,Pinhão,PR,Paraná,false
4119400,Piraí do Sul,PR,Paraná,false
4119509,Piraquara,PR,Paraná,false
4119608,Pitanga,PR,Paraná,false
4119657,Pitangueiras,PR,Paraná,false
4119707,Planaltina do Paraná,PR,Paraná,false
4119806,Planalto,PR,Paraná,false
4119905,Ponta Grossa,PR,Paraná,false
4119954,Pontal do Paraná,PR,Paraná,false
4120002,Porecatu,PR,Paraná,false
4120101,Porto Amazonas,PR,Paraná,false
4120150,Porto Barreiro,PR,Paraná,false
4120200,Porto Rico,PR,Paraná,false
4120309,Porto Vitória,PR,Paraná,false
4120333,Prado Ferreira,PR,Paraná,false
4120358,Pranchita,PR,Paraná,false
4120408,Presidente Castelo Branco,PR,Paraná,false
4120507,Primeiro de Maio,PR,Paraná,false
4120606,Prudentópolis,PR,Paraná,false
4120655,Quarto Centenário,PR,Paraná,false
4120705,Quatiguá,PR,Paraná,false
4120804,Quatro Barras,PR,Paraná,false
4120853,Quatro Pontes,PR,Paraná,false
4120903,Quedas do Iguaçu,PR,Paraná,false
4121000,Querência do Norte,PR,Paraná,false
4121109,Quinta do Sol,PR,Paraná,false
4121208,Quitandinha,PR,Paraná,false
4121257,Ramilândia,PR,Paraná,false
4121307,Rancho Alegre,PR,Paraná,false
4121356,Rancho Alegre D'Oeste,PR,Paraná,false
4121406,Realeza,PR,Paraná,false
4121505,Rebouças,PR,Paraná,false
4121604,Renascença,PR,Paraná,false
4121703,Reserva,PR,Paraná,false
4121752,Reserva do Iguaçu,PR,Paraná,false
4121802,Ribeirão Claro,PR,Paraná,false
4121901,Ribeirão do Pinhal,PR,Paraná,false
4122008,Rio Azul,PR,Paraná,false
4122107,Rio Bom,PR,Paraná,false
4122156,Rio Bonito do Iguaçu,PR,Paraná,false
4122172,Rio Branco do Ivaí,PR,Paraná,false
4122206,Rio Branco do Sul,PR,Paraná,false
4122305,Rio Negro,PR,Paraná,false
4122404,Rolândia,PR,Paraná,false
4122503,Roncador,PR,Paraná,false
4122602,Rondon,PR,Paraná,false
4122651,Rosário do Ivaí,PR,Paraná,false
4122701,Sabáudia,PR,Paraná,false
4122800,Salgado Filho,PR,Paraná,false
4122909,Salto do Itararé,PR,Paraná,false
4123006,Salto do Lontra,PR,Paraná,false
4123105,Santa Amélia,PR,Paraná,false
4123204,Santa Cecília do Pavão,PR,Paraná,false
4123303,Santa Cruz de Monte Castelo,PR,Paraná,false
4123402,Santa Fé,PR,Paraná,false
4123501,Santa Helena,PR,Paraná,false
4123600,Santa Inês,PR,Paraná,false
4123709,Santa Isabel do Ivaí,PR,Paraná,false
4123808,Santa Izabel do Oeste,PR,Paraná,false
4123824,Santa Lúcia,PR,Paraná,false
4123857,Santa Maria do Oeste,PR,Paraná,false
4123907,Santa Mariana,PR,Paraná,false
4123956,Santa Mônica,PR,Paraná,false
4124020,Santa Tereza do Oeste,PR,Paraná,false
4124053,Santa Terezinha de Itaipu,PR,Paraná,false
4124004,Santana do Itararé,PR,Paraná,false
4124103,Santo Antônio da Platina,PR,Paraná,false
4124202,Santo Antônio do Caiuá,PR,Paraná,false
4124301,Santo Antônio do Paraíso,PR,Paraná,false
4124400,Santo Antônio do Sudoeste,PR,Paraná,false
4124509,Santo Inácio,PR,Paraná,false
4124608,São Carlos do Ivaí,PR,Paraná,false
4124707,São Jerônimo da Serra,PR,Paraná,false
4124806,São João,PR,Paraná,false
4124905,São João do Caiuá,PR,Paraná,false
4125001,São João do Ivaí,PR,Paraná,false
4125100,São João do Triunfo,PR,Paraná,false
4125308,São Jorge do Ivaí,PR,Paraná,false
4125357,São Jorge do Patrocínio,PR,Paraná,false
4125209,São Jorge d'Oeste,PR,Paraná,false
4125407,São José da Boa Vista,PR,Paraná,false
4125456,São José das Palmeiras,PR,Paraná,false
4125506,São José dos Pinhais,PR,Paraná,false
4125555,São Manoel do Paraná,PR,Paraná,false
4125605,São Mateus do Sul,PR,Paraná,false
4125704,São Miguel do Iguaçu,PR,Paraná,false
4125753,São Pedro do Iguaçu,PR,Paraná,false
4125803,São Pedro do Ivaí,PR,Paraná,false
4125902,São Pedro do Paraná,PR,Paraná,false
4126009,São Sebastião da Amoreira,PR,Paraná,false
4126108,São Tomé,PR,Paraná,false
4126207,Sapopema,PR,Paraná,false
4126256,Sarandi,PR,Paraná,false
4126272,Saudade do Iguaçu,PR,Paraná,false
4126306,Sengés,PR,Paraná,false
4126355,Serranópolis do Iguaçu,PR,Paraná,false
4126405,Sertaneja,PR,Paraná,false
4126504,Sertanópolis,PR,Paraná,false
4126603,Siqueira Campos,PR,Paraná,false
4126652,Sulina,PR,Paraná,false
4126678,Tamarana,PR,Paraná,false
4126702,Tamboara,PR,Paraná,false
4126801,Tapejara,PR,Paraná,false
4126900,Tapira,PR,Paraná,false
4127007,Teixeira Soares,PR,Paraná,false
4127106,Telêmaco Borba,PR,Paraná,false
4127205,Terra Boa,PR,Paraná,false
4127304,Terra Rica,PR,Paraná,false
4127403,Terra Roxa,PR,Paraná,false
4127502,Tibagi,PR,Paraná,false
4127601,Tijucas do Sul,PR,Paraná,false
4127700,Toledo,PR,Paraná,false
4127809,Tomazina,PR,Paraná,false
4127858,Três Barras do Paraná,PR,Paraná,false
4127882,Tunas do Paraná,PR,Paraná,false
4127908,Tuneiras do Oeste,PR,Paraná,false
4127957,Tupãssi,PR,Paraná,false
4127965,Turvo,PR,Paraná,false
4128005,Ubiratã,PR,Paraná,false
4128104,Umuarama,PR,Paraná,false
4128203,União da Vitória,PR,Paraná,false
4128302,Uniflor,PR,Paraná,false
4128401,Uraí,PR,Paraná,false
4128534,Ventania,PR,Paraná,false
4128559,Vera Cruz do Oeste,PR,Paraná,false
4128609,Verê,PR,Paraná,false
4128658,Virmond,PR,Paraná,false
4128708,Vitorino,PR,Paraná,false
4128500,Wenceslau Braz,PR,Paraná,false
4128807,Xambrê,PR,Paraná,false
4200051,Abdon Batista,SC,Santa Catarina,false
4200101,Abelardo Luz,SC,Santa Catarina,false
4200200,Agrolândia,SC,Santa Catarina,false
4200309,Agronômica,SC,Santa Catarina,false
4200408,Água Doce,SC,Santa Catarina,false
4200507,Águas de Chapecó,SC,Santa Catarina,false
4200556,Águas Frias,SC,Santa Catarina,false
4200606,Águas Mornas,SC,Santa Catarina,false
4200705,Alfredo Wagner,SC,Santa Catarina,false
4200754,Alto Bela Vista,SC,Santa Catarina,false
4200804,Anchieta,SC,Santa Catarina,false
4200903,Angelina,SC,Santa Catarina,false
4201000,Anita Garibaldi,SC,Santa Catarina,false
4201109,Anitápolis,SC,Santa Catarina,false
4201208,Antônio Carlos,SC,Santa Catarina,false
4201257,Apiúna,SC,Santa Catarina,false
4201273,Arabutã,SC,Santa Catarina,false
4201307,Araquari,SC,Santa Catarina,false
4201406,Araranguá,SC,Santa Catarina,false
4201505,Armazém,SC,Santa Catarina,false
4201604,Arroio Trinta,SC,Santa Catarina,false
4201653,Arvoredo,SC,Santa Catarina,false
4201703,Ascurra,SC,Santa Catarina,false
4201802,Atalanta,SC,Santa Catarina,false
4201901,Aurora,SC,Santa Catarina,false
4201950,Balneário Arroio do Silva,SC,Santa Catarina,false
4202057,Balneário Barra do Sul,SC,Santa Catarina,false
4202008,Balneário Camboriú,SC,Santa Catarina,false
4202073,Balneário Gaivota,SC,Santa Catarina,false
4212809,Balneário Piçarras,SC,Santa Catarina,false
4220000,Balneário Rincão,SC,Santa Catarina,false
4202081,Bandeirante,SC,Santa Catarina,false
4202099,Barra Bonita,SC,Santa Catarina,false
4202107,Barra Velha,SC,Santa Catarina,false
4202131,Bela Vista do Toldo,SC,Santa Catarina,false
4202156,Belmonte,SC,Santa Catarina,false
4202206,Benedito Novo,SC,Santa Catarina,false
4202305,Biguaçu,SC,Santa Catarina,false
4202404,Blumenau,SC,Santa Catarina,false
4202438,Bocaina do Sul,SC,Santa Catarina,false
4202503,Bom Jardim da Serra,SC,Santa Catarina,false
4202537,Bom Jesus,SC,Santa Catarina,false
4202578,Bom Jesus do Oeste,SC,Santa Catarina,false
4202602,Bom Retiro,SC,Santa Catarina,false
4202453,Bombinhas,SC,Santa Catarina,false
4202701,Botuverá,SC,Santa Catarina,false
4202800,Braço do Norte,SC,Santa Catarina,false
4202859,Braço do Trombudo,SC,Santa Catarina,false
4202875,Brunópolis,SC,Santa Catarina,false
4202909,Brusque,SC,Santa Catarina,false
4203006,Caçador,SC,Santa Catarina,false
4203105,Caibi,SC,Santa Catarina,false
4203154,Calmon,SC,Santa Catarina,false
4203204,Camboriú,SC,Santa Catarina,false
4203303,Campo Alegre,SC,Santa Catarina,false
4203402,Campo Belo do Sul,SC,Santa Catarina,false
4203501,Campo Erê,SC,Santa Catarina,false
4203600,Campos Novos,SC,Santa Catarina,false
4203709,Canelinha,SC,Santa Catarina,false
4203808,Canoinhas,SC,Santa Catarina,false
4203253,Capão Alto,SC,Santa Catarina,false
4203907,Capinzal,SC,Santa Catarina,false
4203956,Capivari de Baixo,SC,Santa Catarina,false
4204004,Catanduvas,SC,Santa Catarina,false
4204103,Caxambu do Sul,SC,Santa Catarina,false
4204152,Celso Ramos,SC,Santa Catarina,false
4204178,Cerro Negro,SC,Santa Catarina,false
4204194,Chapadão do Lageado,SC,Santa Catarina,false
4204202,Chapecó,SC,Santa Catarina,false
4204251,Cocal do Sul,SC,Santa Catarina,false
4204301,Concórdia,SC,Santa Catarina,false
4204350,Cordilheira Alta,SC,Santa Catarina,false
4204400,Coronel Freitas,SC,Santa Catarina,false
4204459,Coronel Martins,SC,Santa Catarina,false
4204558,Correia Pinto,SC,Santa Catarina,false
4204509,Corupá,SC,Santa Catarina,false
4204608,Criciúma,SC,Santa Catarina,false
4204707,Cunha Porã,SC,Santa Catarina,false
4204756,Cunhataí,SC,Santa Catarina,false
4204806,Curitibanos,SC,Santa Catarina,false
4204905,Descanso,SC,Santa Catarina,false
4205001,Dionísio Cerqueira,SC,Santa Catarina,false
4205100,Dona Emma,SC,Santa Catarina,false
4205159,Doutor Pedrinho,SC,Santa Catarina,false
4205175,Entre Rios,SC,Santa Catarina,false
4205191,Ermo,SC,Santa Catarina,false
4205209,Erval Velho,SC,Santa Catarina,false
4205308,Faxinal dos Guedes,SC,Santa Catarina,false
4205357,Flor do Sertão,SC,Santa Catarina,false
4205407,Florianópolis,SC,Santa Catarina,false
4205431,Formosa do Sul,SC,Santa Catarina,false
4205456,Forquilhinha,SC,Santa Catarina,false
4205506,Fraiburgo,SC,Santa Catarina,false
4205555,Frei Rogério,SC,Santa Catarina,false
4205605,Galvão,SC,Santa Catarina,false
4205704,Garopaba,SC,Santa Catarina,false
4205803,Garuva,SC,Santa Catarina,false
4205902,Gaspar,SC,Santa Catarina,false
4206009,Governador Celso Ramos,SC,Santa Catarina,false
4206108,Grão-Pará,SC,Santa Catarina,false
4206207,Gravatal,SC,Santa Catarina,false
4206306,Guabiruba,SC,Santa Catarina,false
4206405,Guaraciaba,SC,Santa Catarina,false
4206504,Guaramirim,SC,Santa Catarina,false
4206603,Guarujá do Sul,SC,Santa Catarina,false
4206652,Guatambú,SC,Santa Catarina,false
4206702,Herval d'Oeste,SC,Santa Catarina,false
4206751,Ibiam,SC,Santa Catarina,false
4206801,Ibicaré,SC,Santa Catarina,false
4206900,Ibirama,SC,Santa Catarina,false
4207007,Içara,SC,Santa Catarina,false
4207106,Ilhota,SC,Santa Catarina,false
4207205,Imaruí,SC,Santa Catarina,false
4207304,Imbituba,SC,Santa Catarina,false
4207403,Imbuia,SC,Santa Catarina,false
4207502,Indaial,SC,Santa Catarina,false
4207577,Iomerê,SC,Santa Catarina,false
4207601,Ipira,SC,Santa Catarina,false
4207650,Iporã do Oeste,SC,Santa Catarina,false
4207684,Ipuaçu,SC,Santa Catarina,false
4207700,Ipumirim,SC,Santa Catarina,false
4207759,Iraceminha,SC,Santa Catarina,false
4207809,Irani,SC,Santa Catarina,false
4207858,Irati,SC,Santa Catarina,false
4207908,Irineópolis,SC,Santa Catarina,false
4208005,Itá,SC,Santa Catarina,false
4208104,Itaiópolis,SC,Santa Catarina,false
4208203,Itajaí,SC,Santa Catarina,false
4208302,Itapema,SC,Santa Catarina,false
4208401,Itapiranga,SC,Santa Catarina,false
4208450,Itapoá,SC,Santa Catarina,false
4208500,Ituporanga,SC,Santa Catarina,false
4208609,Jaborá,SC,Santa Catarina,false
4208708,Jacinto Machado,SC,Santa Catarina,false
4208807,Jaguaruna,SC,Santa Catarina,false
4208906,Jaraguá do Sul,SC,Santa Catarina,false
4208955,Jardinópolis,SC,Santa Catarina,false
4209003,Joaçaba,SC,Santa Catarina,false
4209102,Joinville,SC,Santa Catarina,false
4209151,José Boiteux,SC,Santa Catarina,false
4209177,Jupiá,SC,Santa Catarina,false
4209201,Lacerdópolis,SC,Santa Catarina,false
4209300,Lages,SC,Santa Catarina,false
4209409,Laguna,SC,Santa Catarina,false
4209458,Lajeado Grande,SC,Santa Catarina,false
4209508,Laurentino,SC,Santa Catarina,false
4209607,Lauro Müller,SC,Santa Catarina,false
4209706,Lebon Régis,SC,Santa Catarina,false
4209805,Leoberto Leal,SC,Santa Catarina,false
4209854,Lindóia do Sul,SC,Santa Catarina,false
4209904,Lontras,SC,Santa Catarina,false
4210001,Luiz Alves,SC,Santa Catarina,false
4210035,Luzerna,SC,Santa Catarina,false
4210050,Macieira,SC,Santa Catarina,false
4210100,Mafra,SC,Santa Catarina,false
4210209,Major Gercino,SC,Santa Catarina,false
4210308,Major Vieira,SC,Santa Catarina,false
4210407,Maracajá,SC,Santa Catarina,false
4210506,Maravilha,SC,Santa Catarina,false
4210555,Marema,SC,Santa Catarina,false
4210605,Massaranduba,SC,Santa Catarina,false
4210704,Matos Costa,SC,Santa Catarina,false
4210803,Meleiro,SC,Santa Catarina,false
4210852,Mirim Doce,SC,Santa Catarina,false
4210902,Modelo,SC,Santa Catarina,false
4211009,Mondaí,SC,Santa Catarina,false
4211058,Monte Carlo,SC,Santa Catarina,false
4211108,Monte Castelo,SC,Santa Catarina,false
4211207,Morro da Fumaça,SC,Santa Catarina,false
4211256,Morro Grande,SC,Santa Catarina,false
4211306,Navegantes,SC,Santa Catarina,false
4211405,Nova Erechim,SC,Santa Catarina,false
4211454,Nova Itaberaba,SC,Santa Catarina,false
4211504,Nova Trento,SC,Santa Catarina,false
4211603,Nova Veneza,SC,Santa Catarina,false
4211652,Novo Horizonte,SC,Santa Catarina,false
4211702,Orleans,SC,Santa Catarina,false
4211751,Otacílio Costa,SC,Santa Catarina,false
4211801,Ouro,SC,Santa Catarina,false
4211850,Ouro Verde,SC,Santa Catarina,false
4211876,Paial,SC,Santa Catarina,false
4211892,Painel,SC,Santa Catarina,false
4211900,Palhoça,SC,Santa Catarina,false
4212007,Palma Sola,SC,Santa Catarina,false
4212056,Palmeira,SC,Santa Catarina,false
4212106,Palmitos,SC,Santa Catarina,false
4212205,Papanduva,SC,Santa Catarina,false
4212239,Paraíso,SC,Santa Catarina,false
4212254,Passo de Torres,SC,Santa Catarina,false
4212270,Passos Maia,SC,Santa Catarina,false
4212304,Paulo Lopes,SC,Santa Catarina,false
4212403,Pedras Grandes,SC,Santa Catarina,false
4212502,Penha,SC,Santa Catarina,false
4212601,Peritiba,SC,Santa Catarina,false
4212650,Pescaria Brava,SC,Santa Catarina,false
4212700,Petrolândia,SC,Santa Catarina,false
4212908,Pinhalzinho,SC,Santa Catarina,false
4213005,Pinheiro Preto,SC,Santa Catarina,false
4213104,Piratuba,SC,Santa Catarina,false
4213153,Planalto Alegre,SC,Santa Catarina,false
4213203,Pomerode,SC,Santa Catarina,false
4213302,Ponte Alta,SC,Santa Catarina,false
4213351,Ponte Alta do Norte,SC,Santa Catarina,false
4213401,Ponte Serrada,SC,Santa Catarina,false
4213500,Porto Belo,SC,Santa Catarina,false
4213609,Porto União,SC,Santa Catarina,false
4213708,Pouso Redondo,SC,Santa Catarina,false
4213807,Praia Grande,SC,Santa Catarina,false
4213906,Presidente Castello Branco,SC,Santa Catarina,false
4214003,Presidente Getúlio,SC,Santa Catarina,false
4214102,Presidente Nereu,SC,Santa Catarina,false
4214151,Princesa,SC,Santa Catarina,false
4214201,Quilombo,SC,Santa Catarina,false
4214300,Rancho Queimado,SC,Santa Catarina,false
4214409,Rio das Antas,SC,Santa Catarina,false
4214508,Rio do Campo,SC,Santa Catarina,false
4214607,Rio do Oeste,SC,Santa Catarina,false
4214805,Rio do Sul,SC,Santa Catarina,false
4214706,Rio dos Cedros,SC,Santa Catarina,false
4214904,Rio Fortuna,SC,Santa Catarina,false
4215000,Rio Negrinho,SC,Santa Catarina,false
4215059,Rio Rufino,SC,Santa Catarina,false
4215075,Riqueza,SC,Santa Catarina,false
4215109,Rodeio,SC,Santa Catarina,false
4215208,Romelândia,SC,Santa Catarina,false
4215307,Salete,SC,Santa Catarina,false
4215356,Saltinho,SC,Santa Catarina,false
4215406,Salto Veloso,SC,Santa Catarina,false
4215455,Sangão,SC,Santa Catarina,false
4215505,Santa Cecília,SC,Santa Catarina,false
4215554,Santa Helena,SC,Santa Catarina,false
4215604,Santa Rosa de Lima,SC,Santa Catarina,false
4215653,Santa Rosa do Sul,SC,Santa Catarina,false
4215679,Santa Terezinha,SC,Santa Catarina,false
4215687,Santa Terezinha do Progresso,SC,Santa Catarina,false
4215695,Santiago do Sul,SC,Santa Catarina,false
4215703,Santo Amaro da Imperatriz,SC,Santa Catarina,false
4215802,São Bento do Sul,SC,Santa Catarina,false
4215752,São Bernardino,SC,Santa Catarina,false
4215901,São Bonifácio,SC,Santa Catarina,false
4216008,São Carlos,SC,Santa Catarina,false
4216057,São Cristóvão do Sul,SC,Santa Catarina,false
4216107,São Domingos,SC,Santa Catarina,false
4216206,São Francisco do Sul,SC,Santa Catarina,false
4216305,São João Batista,SC,Santa Catarina,false
4216354,São João do Itaperiú,SC,Santa Catarina,false
4216255,São João do Oeste,SC,Santa Catarina,false
4216404,São João do Sul,SC,Santa Catarina,false
4216503,São Joaquim,SC,Santa Catarina,false
4216602,São José,SC,Santa Catarina,false
4216701,São José do Cedro,SC,Santa Catarina,false
4216800,São José do Cerrito,SC,Santa Catarina,false
4216909,São Lourenço do Oeste,SC,Santa Catarina,false
4217006,São Ludgero,SC,Santa Catarina,false
4217105,São Martinho,SC,Santa Catarina,false
4217154,São Miguel da Boa Vista,SC,Santa Catarina,false
4217204,São Miguel do Oeste,SC,Santa Catarina,false
4217253,São Pedro de Alcântara,SC,Santa Catarina,false
4217303,Saudades,SC,Santa Catarina,false
4217402,Schroeder,SC,Santa Catarina,false
4217501,Seara,SC,Santa Catarina,false
4217550,Serra Alta,SC,Santa Catarina,false
4217600,Siderópolis,SC,Santa Catarina,false
4217709,Sombrio,SC,Santa Catarina,false
4217758,Sul Brasil,SC,Santa Catarina,false
4217808,Taió,SC,Santa Catarina,false
4217907,Tangará,SC,Santa Catarina,false
4217956,Tigrinhos,SC,Santa Catarina,false
4218004,Tijucas,SC,Santa Catarina,false
4218103,Timbé do Sul,SC,Santa Catarina,false
4218202,Timbó,SC,Santa Catarina,false
4218251,Timbó Grande,SC,Santa Catarina,false
4218301,Três Barras,SC,Santa Catarina,false
4218350,Treviso,SC,Santa Catarina,false
4218400,Treze de Maio,SC,Santa Catarina,false
4218509,Treze Tílias,SC,Santa Catarina,false
4218608,Trombudo Central,SC,Santa Catarina,false
4218707,Tubarão,SC,Santa Catarina,false
4218756,Tunápolis,SC,Santa Catarina,false
4218806,Turvo,SC,Santa Catarina,false
4218855,União do Oeste,SC,Santa Catarina,false
4218905,Urubici,SC,Santa Catarina,false
4218954,Urupema,SC,Santa Catarina,false
4219002,Urussanga,SC,Santa Catarina,false
4219101,Vargeão,SC,Santa Catarina,false
4219150,Vargem,SC,Santa Catarina,false
4219176,Vargem Bonita,SC,Santa Catarina,false
4219200,Vidal Ramos,SC,Santa Catarina,false
4219309,Videira,SC,Santa Catarina,false
4219358,Vitor Meireles,SC,Santa Catarina,false
4219408,Witmarsum,SC,Santa Catarina,false
4219507,Xanxerê,SC,Santa Catarina,false
4219606,Xavantina,SC,Santa Catarina,false
4219705,Xaxim,SC,Santa Catarina,false
4219853,Zortéa,SC,Santa Catarina,false
4300034,Aceguá,RS,Rio Grande do Sul,false
4300059,Água Santa,RS,Rio Grande do Sul,false
4300109,Agudo,RS,Rio Grande do Sul,false
4300208,Ajuricaba,RS,Rio Grande do Sul,false
4300307,Alecrim,RS,Rio Grande do Sul,false
4300406,Alegrete,RS,Rio Grande do Sul,false
4300455,Alegria,RS,Rio Grande do Sul,false
4300471,Almirante Tamandaré do Sul,RS,Rio Grande do Sul,false
4300505,Alpestre,RS,Rio Grande do Sul,false
4300554,Alto Alegre,RS,Rio Grande do Sul,false
4300570,Alto Feliz,RS,Rio Grande do Sul,false
4300604,Alvorada,RS,Rio Grande do Sul,false
4300638,Amaral Ferrador,RS,Rio Grande do Sul,false
4300646,Ametista do Sul,RS,Rio Grande do Sul,false
4300661,André da Rocha,RS,Rio Grande do Sul,false
4300703,Anta Gorda,RS,Rio Grande do Sul,false
4300802,Antônio Prado,RS,Rio Grande do Sul,false
4300851,Arambaré,RS,Rio Grande do Sul,false
4300877,Araricá,RS,Rio Grande do Sul,false
4300901,Aratiba,RS,Rio Grande do Sul,false
4301008,Arroio do Meio,RS,Rio Grande do Sul,false
4301073,Arroio do Padre,RS,Rio Grande do Sul,false
4301057,Arroio do Sal,RS,Rio Grande do Sul,false
4301206,Arroio do Tigre,RS,Rio Grande do Sul,false
4301107,Arroio dos Ratos,RS,Rio Grande do Sul,false
4301305,Arroio Grande,RS,Rio Grande do Sul,false
4301404,Arvorezinha,RS,Rio Grande do Sul,false
4301503,Augusto Pestana,RS,Rio Grande do Sul,false
4301552,Áurea,RS,Rio Grande do Sul,false
4301602,Bagé,RS,Rio Grande do Sul,false
4301636,Balneário Pinhal,RS,Rio Grande do Sul,false
4301651,Barão,RS,Rio Grande do Sul,false
4301701,Barão de Cotegipe,RS,Rio Grande do Sul,false
4301750,Barão do Triunfo,RS,Rio Grande do Sul,false
4301859,Barra do Guarita,RS,Rio Grande do Sul,false
4301875,Barra do Quaraí,RS,Rio Grande do Sul,false
4301909,Barra do Ribeiro,RS,Rio Grande do Sul,false
4301925,Barra do Rio Azul,RS,Rio Grande do Sul,false
4301958,Barra Funda,RS,Rio Grande do Sul,false
4301800,Barracão,RS,Rio Grande do Sul,false
4302006,Barros Cassal,RS,Rio Grande do Sul,false
4302055,Benjamin Constant do Sul,RS,Rio Grande do Sul,false
4302105,Bento Gonçalves,RS,Rio Grande do Sul,false
4302154,Boa Vista das Missões,RS,Rio Grande do Sul,false
4302204,Boa Vista do Buricá,RS,Rio Grande do Sul,false
4302220,Boa Vista do Cadeado,RS,Rio Grande do Sul,false
4302238,Boa Vista do Incra,RS,Rio Grande do Sul,false
4302253,Boa Vista do Sul,RS,Rio Grande do Sul,false
4302303,Bom Jesus,RS,Rio Grande do Sul,false
4302352,Bom Princípio,RS,Rio Grande do Sul,false
4302378,Bom Progresso,RS,Rio Grande do Sul,false
4302402,Bom Retiro do Sul,RS,Rio Grande do Sul,false
4302451,Boqueirão do Leão,RS,Rio Grande do Sul,false
4302501,Bossoroca,RS,Rio Grande do Sul,false
4302584,Bozano,RS,Rio Grande do Sul,false
4302600,Braga,RS,Rio Grande do Sul,false
4302659,Brochier,RS,Rio Grande do Sul,false
4302709,Butiá,RS,Rio Grande do Sul,false
4302808,Caçapava do Sul,RS,Rio Grande do Sul,false
4302907,Cacequi,RS,Rio Grande do Sul,false
4303004,Cachoeira do Sul,RS,Rio Grande do Sul,false
4303103,Cachoeirinha,RS,Rio Grande do Sul,false
4303202,Cacique Doble,RS,Rio Grande do Sul,false
4303301,Caibaté,RS,Rio Grande do Sul,false
4303400,Caiçara,RS,Rio Grande do Sul,false
4303509,Camaquã,RS,Rio Grande do Sul,false
4303558,Camargo,RS,Rio Grande do Sul,false
4303608,Cambará do Sul,RS,Rio Grande do Sul,false
4303673,Campestre da Serra,RS,Rio Grande do Sul,false
4303707,Campina das Missões,RS,Rio Grande do Sul,false
4303806,Campinas do Sul,RS,Rio Grande do Sul,false
4303905,Campo Bom,RS,Rio Grande do Sul,false
4304002,Campo Novo,RS,Rio Grande do Sul,false
4304101,Campos Borges,RS,Rio Grande do Sul,false
4304200,Candelária,RS,Rio Grande do Sul,false
4304309,Cândido Godói,RS,Rio Grande do Sul,false
4304358,Candiota,RS,Rio Grande do Sul,false
4304408,Canela,RS,Rio Grande do Sul,false
4304507,Canguçu,RS,Rio Grande do Sul,false
4304606,Canoas,RS,Rio Grande do Sul,false
4304614,Canudos do Vale,RS,Rio Grande do Sul,false
4304622,Capão Bonito do Sul,RS,Rio Grande do Sul,false
4304630,Capão da Canoa,RS,Rio Grande do Sul,false
4304655,Capão do Cipó,RS,Rio Grande do Sul,false
4304663,Capão do Leão,RS,Rio Grande do Sul,false
4304689,Capela de Santana,RS,Rio Grande do Sul,false
4304697,Capitão,RS,Rio Grande do Sul,false
4304671,Capivari do Sul,RS,Rio Grande do Sul,false
4304713,Caraá,RS,Rio Grande do Sul,false
4304705,Carazinho,RS,Rio Grande do Sul,false
4304804,Carlos Barbosa,RS,Rio Grande do Sul,false
4304853,Carlos Gomes,RS,Rio Grande do Sul,false
4304903,Casca,RS,Rio Grande do Sul,false
4304952,Caseiros,RS,Rio Grande do Sul,false
4305009,Catuípe,RS,Rio Grande do Sul,false
4305108,Caxias do Sul,RS,Rio Grande do Sul,false
4305116,Centenário,RS,Rio Grande do Sul,false
4305124,Cerrito,RS,Rio Grande do Sul,false
4305132,Cerro Branco,RS,Rio Grande do Sul,false
4305157,Cerro Grande,RS,Rio Grande do Sul,false
4305173,Cerro Grande do Sul,RS,Rio Grande do Sul,false
4305207,Cerro Largo,RS,Rio Grande do Sul,false
4305306,Chapada,RS,Rio Grande do Sul,false
4305355,Charqueadas,RS,Rio Grande do Sul,false
4305371,Charrua,RS,Rio Grande do Sul,false
4305405,Chiapetta,RS,Rio Grande do Sul,false
4305439,Chuí,RS,Rio Grande do Sul,false
4305447,Chuvisca,RS,Rio Grande do Sul,false
4305454,Cidreira,RS,Rio Grande do Sul,false
4305504,Ciríaco,RS,Rio Grande do Sul,false
4305587,Colinas,RS,Rio Grande do Sul,false
4305603,Colorado,RS,Rio Grande do Sul,false
4305702,Condor,RS,Rio Grande do Sul,false
4305801,Constantina,RS,Rio Grande do Sul,false
4305835,Coqueiro Baixo,RS,Rio Grande do Sul,false
4305850,Coqueiros do Sul,RS,Rio Grande do Sul,false
4305871,Coronel Barros,RS,Rio Grande do Sul,false
4305900,Coronel Bicaco,RS,Rio Grande do Sul,false
4305934,Coronel Pilar,RS,Rio Grande do Sul,false
4305959,Cotiporã,RS,Rio Grande do Sul,false
4305975,Coxilha,RS,Rio Grande do Sul,false
4306007,Crissiumal,RS,Rio Grande do Sul,false
4306056,Cristal,RS,Rio Grande do Sul,false
4306072,Cristal do Sul,RS,Rio Grande do Sul,false
4306106,Cruz Alta,RS,Rio Grande do Sul,false
4306130,Cruzaltense,RS,Rio Grande do Sul,false
4306205,Cruzeiro do Sul,RS,Rio Grande do Sul,false
4306304,David Canabarro,RS,Rio Grande do Sul,false
4306320,Derrubadas,RS,Rio Grande do Sul,false
4306353,Dezesseis de Novembro,RS,Rio Grande do Sul,false
4306379,Dilermando de Aguiar,RS,Rio Grande do Sul,false
4306403,Dois Irmãos,RS,Rio Grande do Sul,false
4306429,Dois Irmãos das Missões,RS,Rio Grande do Sul,false
4306452,Dois Lajeados,RS,Rio Grande do Sul,false
4306502,Dom Feliciano,RS,Rio Grande do Sul,false
4306601,Dom Pedrito,RS,Rio Grande do Sul,false
4306551,Dom Pedro de Alcântara,RS,Rio Grande do Sul,false
4306700,Dona Francisca,RS,Rio Grande do Sul,false
4306734,Doutor Maurício Cardoso,RS,Rio Grande do Sul,false
4306759,Doutor Ricardo,RS,Rio Grande do Sul,false
4306767,Eldorado do Sul,RS,Rio Grande do Sul,false
4306809,Encantado,RS,Rio Grande do Sul,false
4306908,Encruzilhada do Sul,RS,Rio Grande do Sul,false
4306924,Engenho Velho,RS,Rio Grande do Sul,false
4306957,Entre Rios do Sul,RS,Rio Grande do Sul,false
4306932,Entre-Ijuís,RS,Rio Grande do Sul,false
4306973,Erebango,RS,Rio Grande do Sul,false
4307005,Erechim,RS,Rio Grande do Sul,false
4307054,Ernestina,RS,Rio Grande do Sul,false
4307203,Erval Grande,RS,Rio Grande do Sul,false
4307302,Erval Seco,RS,Rio Grande do Sul,false
4307401,Esmeralda,RS,Rio Grande do Sul,false
4307450,Esperança do Sul,RS,Rio Grande do Sul,false
4307500,Espumoso,RS,Rio Grande do Sul,false
4307559,Estação,RS,Rio Grande do Sul,false
4307609,Estância Velha,RS,Rio Grande do Sul,false
4307708,Esteio,RS,Rio Grande do Sul,false
4307807,Estrela,RS,Rio Grande do Sul,false
4307815,Estrela Velha,RS,Rio Grande do Sul,false
4307831,Eugênio de Castro,RS,Rio Grande do Sul,false
4307864,Fagundes Varela,RS,Rio Grande do Sul,false
4307906,Farroupilha,RS,Rio Grande do Sul,false
4308003,Faxinal do Soturno,RS,Rio Grande do Sul,false
4308052,Faxinalzinho,RS,Rio Grande do Sul,false
4308078,Fazenda Vilanova,RS,Rio Grande do Sul,false
4308102,Feliz,RS,Rio Grande do Sul,false
4308201,Flores da Cunha,RS,Rio Grande do Sul,false
4308250,Floriano Peixoto,RS,Rio Grande do Sul,false
4308300,Fontoura Xavier,RS,Rio Grande do Sul,false
4308409,Formigueiro,RS,Rio Grande do Sul,false
4308433,Forquetinha,RS,Rio Grande do Sul,false
4308458,Fortaleza dos Valos,RS,Rio Grande do Sul,false
4308508,Frederico Westphalen,RS,Rio Grande do Sul,false
4308607,Garibaldi,RS,Rio Grande do Sul,false
4308656,Garruchos,RS,Rio Grande do Sul,false
4308706,Gaurama,RS,Rio Grande do Sul,false
4308805,General Câmara,RS,Rio Grande do Sul,false
4308854,Gentil,RS,Rio Grande do Sul,false
4308904,Getúlio Vargas,RS,Rio Grande do Sul,false
4309001,Giruá,RS,Rio Grande do Sul,false
4309050,Glorinha,RS,Rio Grande do Sul,false
4309100,Gramado,RS,Rio Grande do Sul,false
4309126,Gramado dos Loureiros,RS,Rio Grande do Sul,false
4309159,Gramado Xavier,RS,Rio Grande do Sul,false
4309209,Gravataí,RS,Rio Grande do Sul,false
4309258,Guabiju,RS,Rio Grande do Sul,false
4309308,Guaíba,RS,Rio Grande do Sul,false
4309407,Guaporé,RS,Rio Grande do Sul,false
4309506,Guarani das Missões,RS,Rio Grande do Sul,false
4309555,Harmonia,RS,Rio Grande do Sul,false
4307104,Herval,RS,Rio Grande do Sul,false
4309571,Herveiras,RS,Rio Grande do Sul,false
4309605,Horizontina,RS,Rio Grande do Sul,false
4309654,Hulha Negra,RS,Rio Grande do Sul,false
4309704,Humaitá,RS,Rio Grande do Sul,false
4309753,Ibarama,RS,Rio Grande do Sul,false
4309803,Ibiaçá,RS,Rio Grande do Sul,false
4309902,Ibiraiaras,RS,Rio Grande do Sul,false
4309951,Ibirapuitã,RS,Rio Grande do Sul,false
4310009,Ibirubá,RS,Rio Grande do Sul,false
4310108,Igrejinha,RS,Rio Grande do Sul,false
4310207,Ijuí,RS,Rio Grande do Sul,false
4310306,Ilópolis,RS,Rio Grande do Sul,false
4310330,Imbé,RS,Rio Grande do Sul,false
4310363,Imigrante,RS,Rio Grande do Sul,false
4310405,Independência,RS,Rio Grande do Sul,false
4310413,Inhacorá,RS,Rio Grande do Sul,false
4310439,Ipê,RS,Rio Grande do Sul,false
4310462,Ipiranga do Sul,RS,Rio Grande do Sul,false
4310504,Iraí,RS,Rio Grande do Sul,false
4310538,Itaara,RS,Rio Grande do Sul,false
4310553,Itacurubi,RS,Rio Grande do Sul,false
4310579,Itapuca,RS,Rio Grande do Sul,false
4310603,Itaqui,RS,Rio Grande do Sul,false
4310652,Itati,RS,Rio Grande do Sul,false
4310702,Itatiba do Sul,RS,Rio Grande do Sul,false
4310751,Ivorá,RS,Rio Grande do Sul,false
4310801,Ivoti,RS,Rio Grande do Sul,false
4310850,Jaboticaba,RS,Rio Grande do Sul,false
4310876,Jacuizinho,RS,Rio Grande do Sul,false
4310900,Jacutinga,RS,Rio Grande do Sul,false
4311007,Jaguarão,RS,Rio Grande do Sul,false
4311106,Jaguari,RS,Rio Grande do Sul,false
4311122,Jaquirana,RS,Rio Grande do Sul,false
4311130,Jari,RS,Rio Grande do Sul,false
4311155,Jóia,RS,Rio Grande do Sul,false
4311205,Júlio de Castilhos,RS,Rio Grande do Sul,false
4311239,Lagoa Bonita do Sul,RS,Rio Grande do Sul,false
4311270,Lagoa dos Três Cantos,RS,Rio Grande do Sul,false
4311304,Lagoa Vermelha,RS,Rio Grande do Sul,false
4311254,Lagoão,RS,Rio Grande do Sul,false
4311403,Lajeado,RS,Rio Grande do Sul,false
4311429,Lajeado do Bugre,RS,Rio Grande do Sul,false
4311502,Lavras do Sul,RS,Rio Grande do Sul,false
4311601,Liberato Salzano,RS,Rio Grande do Sul,false
4311627,Lindolfo Collor,RS,Rio Grande do Sul,false
4311643,Linha Nova,RS,Rio Grande do Sul,false
4311718,Maçambará,RS,Rio Grande do Sul,false
4311700,Machadinho,RS,Rio Grande do Sul,false
4311734,Mampituba,RS,Rio Grande do Sul,false
4311759,Manoel Viana,RS,Rio Grande do Sul,false
4311775,Maquiné,RS,Rio Grande do Sul,false
4311791,Maratá,RS,Rio Grande do Sul,false
4311809,Marau,RS,Rio Grande do Sul,false
4311908,Marcelino Ramos,RS,Rio Grande do Sul,false
4311981,Mariana Pimentel,RS,Rio Grande do Sul,false
4312005,Mariano Moro,RS,Rio Grande do Sul,false
4312054,Marques de Souza,RS,Rio Grande do Sul,false
4312104,Mata,RS,Rio Grande do Sul,false
4312138,Mato Castelhano,RS,Rio Grande do Sul,false
4312153,Mato Leitão,RS,Rio Grande do Sul,false
4312179,Mato Queimado,RS,Rio Grande do Sul,false
4312203,Maximiliano de Almeida,RS,Rio Grande do Sul,false
4312252,Minas do Leão,RS,Rio Grande do Sul,false
4312302,Miraguaí,RS,Rio Grande do Sul,false
4312351,Montauri,RS,Rio Grande do Sul,false
4312377,Monte Alegre dos Campos,RS,Rio Grande do Sul,false
4312385,Monte Belo do Sul,RS,Rio Grande do Sul,false
4312401,Montenegro,RS,Rio Grande do Sul,false
4312427,Mormaço,RS,Rio Grande do Sul,false
4312443,Morrinhos do Sul,RS,Rio Grande do Sul,false
4312450,Morro Redondo,RS,Rio Grande do Sul,false
4312476,Morro Reuter,RS,Rio Grande do Sul,false
4312500,Mostardas,RS,Rio Grande do Sul,false
4312609,Muçum,RS,Rio Grande do Sul,false
4312617,Muitos Capões,RS,Rio Grande do Sul,false
4312625,Muliterno,RS,Rio Grande do Sul,false
4312658,Não-Me-Toque,RS,Rio Grande do Sul,false
4312674,Nicolau Vergueiro,RS,Rio Grande do Sul,false
4312708,Nonoai,RS,Rio Grande do Sul,false
4312757,Nova Alvorada,RS,Rio Grande do Sul,false
4312807,Nova Araçá,RS,Rio Grande do Sul,false
4312906,Nova Bassano,RS,Rio Grande do Sul,false
4312955,Nova Boa Vista,RS,Rio Grande do Sul,false
4313003,Nova Bréscia,RS,Rio Grande do Sul,false
4313011,Nova Candelária,RS,Rio Grande do Sul,false
4313037,Nova Esperança do Sul,RS,Rio Grande do Sul,false
4313060,Nova Hartz,RS,Rio Grande do Sul,false
4313086,Nova Pádua,RS,Rio Grande do Sul,false
4313102,Nova Palma,RS,Rio Grande do Sul,false
4313201,Nova Petrópolis,RS,Rio Grande do Sul,false
4313300,Nova Prata,RS,Rio Grande do Sul,false
4313334,Nova Ramada,RS,Rio Grande do Sul,false
4313359,Nova Roma do Sul,RS,Rio Grande do Sul,false
4313375,Nova Santa Rita,RS,Rio Grande do Sul,false
4313490,Novo Barreiro,RS,Rio Grande do Sul,false
4313391,Novo Cabrais,RS,Rio Grande do Sul,false
4313409,Novo Hamburgo,RS,Rio Grande do Sul,false
4313425,Novo Machado,RS,Rio Grande do Sul,false
4313441,Novo Tiradentes,RS,Rio Grande do Sul,false
4313466,Novo Xingu,RS,Rio Grande do Sul,false
4313508,Osório,RS,Rio Grande do Sul,false
4313607,Paim Filho,RS,Rio Grande do Sul,false
4313656,Palmares do Sul,RS,Rio Grande do Sul,false
4313706,Palmeira das Missões,RS,Rio Grande do Sul,false
4313805,Palmitinho,RS,Rio Grande do Sul,false
4313904,Panambi,RS,Rio Grande do Sul,false
4313953,Pantano Grande,RS,Rio Grande do Sul,false
4314001,Paraí,RS,Rio Grande do Sul,false
4314027,Paraíso do Sul,RS,Rio Grande do Sul,false
4314035,Pareci Novo,RS,Rio Grande do Sul,false
4314050,Parobé,RS,Rio Grande do Sul,false
4314068,Passa Sete,RS,Rio Grande do Sul,false
4314076,Passo do Sobrado,RS,Rio Grande do Sul,false
4314100,Passo Fundo,RS,Rio Grande do Sul,false
4314134,Paulo Bento,RS,Rio Grande do Sul,false
4314159,Paverama,RS,Rio Grande do Sul,false
4314175,Pedras Altas,RS,Rio Grande do Sul,false
4314209,Pedro Osório,RS,Rio Grande do Sul,false
4314308,Pejuçara,RS,Rio Grande do Sul,false
4314407,Pelotas,RS,Rio Grande do Sul,false
4314423,Picada Café,RS,Rio Grande do Sul,false
4314456,Pinhal,RS,Rio Grande do Sul,false
4314464,Pinhal da Serra,RS,Rio Grande do Sul,false
4314472,Pinhal Grande,RS,Rio Grande do Sul,false
4314498,Pinheirinho do Vale,RS,Rio Grande do Sul,false
4314506,Pinheiro Machado,RS,Rio Grande do Sul,false
4314548,Pinto Bandeira,RS,Rio Grande do Sul,false
4314555,Pirapó,RS,Rio Grande do Sul,false
4314605,Piratini,RS,Rio Grande do Sul,false
4314704,Planalto,RS,Rio Grande do Sul,false
4314753,Poço das Antas,RS,Rio Grande do Sul,false
4314779,Pontão,RS,Rio Grande do Sul,false
4314787,Ponte Preta,RS,Rio Grande do Sul,false
4314803,Portão,RS,Rio Grande do Sul,false
4314902,Porto Alegre,RS,Rio Grande do Sul,false
4315008,Porto Lucena,RS,Rio Grande do Sul,false
4315057,Porto Mauá,RS,Rio Grande do Sul,false
4315073,Porto Vera Cruz,RS,Rio Grande do Sul,false
4315107,Porto Xavier,RS,Rio Grande do Sul,false
4315131,Pouso Novo,RS,Rio Grande do Sul,false
4315149,Presidente Lucena,RS,Rio Grande do Sul,false
4315156,Progresso,RS,Rio Grande do Sul,false
4315172,Protásio Alves,RS,Rio Grande do Sul,false
4315206,Putinga,RS,Rio Grande do Sul,false
4315305,Quaraí,RS,Rio Grande do Sul,false
4315313,Quatro Irmãos,RS,Rio Grande do Sul,false
4315321,Quevedos,RS,Rio Grande do Sul,false
4315354,Quinze de Novembro,RS,Rio Grande do Sul,false
4315404,Redentora,RS,Rio Grande do Sul,false
4315453,Relvado,RS,Rio Grande do Sul,false
4315503,Restinga Sêca,RS,Rio Grande do Sul,false
4315552,Rio dos Índios,RS,Rio Grande do Sul,false
4315602,Rio Grande,RS,Rio Grande do Sul,false
4315701,Rio Pardo,RS,Rio Grande do Sul,false
4315750,Riozinho,RS,Rio Grande do Sul,false
4315800,Roca Sales,RS,Rio Grande do Sul,false
4315909,Rodeio Bonito,RS,Rio Grande do Sul,false
4315958,Rolador,RS,Rio Grande do Sul,false
4316006,Rolante,RS,Rio Grande do Sul,false
4316105,Ronda Alta,RS,Rio Grande do Sul,false
4316204,Rondinha,RS,Rio Grande do Sul,false
4316303,Roque Gonzales,RS,Rio Grande do Sul,false
4316402,Rosário do Sul,RS,Rio Grande do Sul,false
4316428,Sagrada Família,RS,Rio Grande do Sul,false
4316436,Saldanha Marinho,RS,Rio Grande do Sul,false
4316451,Salto do Jacuí,RS,Rio Grande do Sul,false
4316477,Salvador das Missões,RS,Rio Grande do Sul,false
4316501,Salvador do Sul,RS,Rio Grande do Sul,false
4316600,Sananduva,RS,Rio Grande do Sul,false
4316709,Santa Bárbara do Sul,RS,Rio Grande do Sul,false
4316733,Santa Cecília do Sul,RS,Rio Grande do Sul,false
4316758,Santa Clara do Sul,RS,Rio Grande do Sul,false
4316808,Santa Cruz do Sul,RS,Rio Grande do Sul,false
4316972,Santa Margarida do Sul,RS,Rio Grande do Sul,false
4316907,Santa Maria,RS,Rio Grande do Sul,false
4316956,Santa Maria do Herval,RS,Rio Grande do Sul,false
4317202,Santa Rosa,RS,Rio Grande do Sul,false
4317251,Santa Tereza,RS,Rio Grande do Sul,false
4317301,Santa Vitória do Palmar,RS,Rio Grande do Sul,false
4317004,Santana da Boa Vista,RS,Rio Grande do Sul,false
4317103,Sant'Ana do Livramento,RS,Rio Grande do Sul,false
4317400,Santiago,RS,Rio Grande do Sul,false
4317509,Santo Ângelo,RS,Rio Grande do Sul,false
4317608,Santo Antônio da Patrulha,RS,Rio Grande do Sul,false
4317707,Santo Antônio das Missões,RS,Rio Grande do Sul,false
4317558,Santo Antônio do Palma,RS,Rio Grande do Sul,false
4317756,Santo Antônio do Planalto,RS,Rio Grande do Sul,false
4317806,Santo Augusto,RS,Rio Grande do Sul,false
4317905,Santo Cristo,RS,Rio Grande do Sul,false
4317954,Santo Expedito do Sul,RS,Rio Grande do Sul,false
4318002,São Borja,RS,Rio Grande do Sul,false
4318051,São Domingos do Sul,RS,Rio Grande do Sul,false
4318101,São Francisco de Assis,RS,Rio Grande do Sul,false
4318200,São Francisco de Paula,RS,Rio Grande do Sul,false
4318309,São Gabriel,RS,Rio Grande do Sul,false
4318408,São Jerônimo,RS,Rio Grande do Sul,false
4318424,São João da Urtiga,RS,Rio Grande do Sul,false
4318432,São João do Polêsine,RS,Rio Grande do Sul,false
4318440,São Jorge,RS,Rio Grande do Sul,false
4318457,São José das Missões,RS,Rio Grande do Sul,false
4318465,São José do Herval,RS,Rio Grande do Sul,false
4318481,São José do Hortêncio,RS,Rio Grande do Sul,false
4318499,São José do Inhacorá,RS,Rio Grande do Sul,false
4318507,São José do Norte,RS,Rio Grande do Sul,false
4318606,São José do Ouro,RS,Rio Grande do Sul,false
4318614,São José do Sul,RS,Rio Grande do Sul,false
4318622,São José dos Ausentes,RS,Rio Grande do Sul,false
4318705,São Leopoldo,RS,Rio Grande do Sul,false
4318804,São Lourenço do Sul,RS,Rio Grande do Sul,false
4318903,São Luiz Gonzaga,RS,Rio Grande do Sul,false
4319000,São Marcos,RS,Rio Grande do Sul,false
4319109,São Martinho,RS,Rio Grande do Sul,false
4319125,São Martinho da Serra,RS,Rio Grande do Sul,false
4319158,São Miguel das Missões,RS,Rio Grande do Sul,false
4319208,São Nicolau,RS,Rio Grande do Sul,false
4319307,São Paulo das Missões,RS,Rio Grande do Sul,false
4319356,São Pedro da Serra,RS,Rio Grande do Sul,false
4319364,São Pedro das Missões,RS,Rio Grande do Sul,false
4319372,São Pedro do Butiá,RS,Rio Grande do Sul,false
4319406,São Pedro do Sul,RS,Rio Grande do Sul,false
4319505,São Sebastião do Caí,RS,Rio Grande do Sul,false
4319604,São Sepé,RS,Rio Grande do Sul,false
4319703,São Valentim,RS,Rio Grande do Sul,false
4319711,São Valentim do Sul,RS,Rio Grande do Sul,false
4319737,São Valério do Sul,RS,Rio Grande do Sul,false
4319752,São Vendelino,RS,Rio Grande do Sul,false
4319802,São Vicente do Sul,RS,Rio Grande do Sul,false
4319901,Sapiranga,RS,Rio Grande do Sul,false
4320008,Sapucaia do Sul,RS,Rio Grande do Sul,false
4320107,Sarandi,RS,Rio Grande do Sul,false
4320206,Seberi,RS,Rio Grande do Sul,false
4320230,Sede Nova,RS,Rio Grande do Sul,false
4320263,Segredo,RS,Rio Grande do Sul,false
4320305,Selbach,RS,Rio Grande do Sul,false
4320321,Senador Salgado Filho,RS,Rio Grande do Sul,false
4320354,Sentinela do Sul,RS,Rio Grande do Sul,false
4320404,Serafina Corrêa,RS,Rio Grande do Sul,false
4320453,Sério,RS,Rio Grande do Sul,false
4320503,Sertão,RS,Rio Grande do Sul,false
4320552,Sertão Santana,RS,Rio Grande do Sul,false
4320578,Sete de Setembro,RS,Rio Grande do Sul,false
4320602,Severiano de Almeida,RS,Rio Grande do Sul,false
4320651,Silveira Martins,RS,Rio Grande do Sul,false
4320677,Sinimbu,RS,Rio Grande do Sul,false
4320701,Sobradinho,RS,Rio Grande do Sul,false
4320800,Soledade,RS,Rio Grande do Sul,false
4320859,Tabaí,RS,Rio Grande do Sul,false
4320909,Tapejara,RS,Rio Grande do Sul,false
4321006,Tapera,RS,Rio Grande do Sul,false
4321105,Tapes,RS,Rio Grande do Sul,false
4321204,Taquara,RS,Rio Grande do Sul,false
4321303,Taquari,RS,Rio Grande do Sul,false
4321329,Taquaruçu do Sul,RS,Rio Grande do Sul,false
4321352,Tavares,RS,Rio Grande do Sul,false
4321402,Tenente Portela,RS,Rio Grande do Sul,false
4321436,Terra de Areia,RS,Rio Grande do Sul,false
4321451,Teutônia,RS,Rio Grande do Sul,false
4321469,Tio Hugo,RS,Rio Grande do Sul,false
4321477,Tiradentes do Sul,RS,Rio Grande do Sul,false
4321493,Toropi,RS,Rio Grande do Sul,false
4321501,Torres,RS,Rio Grande do Sul,false
4321600,Tramandaí,RS,Rio Grande do Sul,false
4321626,Travesseiro,RS,Rio Grande do Sul,false
4321634,Três Arroios,RS,Rio Grande do Sul,false
4321667,Três Cachoeiras,RS,Rio Grande do Sul,false
4321709,Três Coroas,RS,Rio Grande do Sul,false
4321808,Três de Maio,RS,Rio Grande do Sul,false
4321832,Três Forquilhas,RS,Rio Grande do Sul,false
4321857,Três Palmeiras,RS,Rio Grande do Sul,false
4321907,Três Passos,RS,Rio Grande do Sul,false
4321956,Trindade do Sul,RS,Rio Grande do Sul,false
4322004,Triunfo,RS,Rio Grande do Sul,false
4322103,Tucunduva,RS,Rio Grande do Sul,false
4322152,Tunas,RS,Rio Grande do Sul,false
4322186,Tupanci do Sul,RS,Rio Grande do Sul,false
4322202,Tupanciretã,RS,Rio Grande do Sul,false
4322251,Tupandi,RS,Rio Grande do Sul,false
4322301,Tuparendi,RS,Rio Grande do Sul,false
4322327,Turuçu,RS,Rio Grande do Sul,false
4322343,Ubiretama,RS,Rio Grande do Sul,false
4322350,União da Serra,RS,Rio Grande do Sul,false
4322376,Unistalda,RS,Rio Grande do Sul,false
4322400,Uruguaiana,RS,Rio Grande do Sul,false
4322509,Vacaria,RS,Rio Grande do Sul,false
4322533,Vale do Sol,RS,Rio Grande do Sul,false
4322541,Vale Real,RS,Rio Grande do Sul,false
4322525,Vale Verde,RS,Rio Grande do Sul,false
4322558,Vanini,RS,Rio Grande do Sul,false
4322608,Venâncio Aires,RS,Rio Grande do Sul,false
4322707,Vera Cruz,RS,Rio Grande do Sul,false
4322806,Veranópolis,RS,Rio Grande do Sul,false
4322855,Vespasiano Corrêa,RS,Rio Grande do Sul,false
4322905,Viadutos,RS,Rio Grande do Sul,false
4323002,Viamão,RS,Rio Grande do Sul,false
4323101,Vicente Dutra,RS,Rio Grande do Sul,false
4323200,Victor Graeff,RS,Rio Grande do Sul,false
4323309,Vila Flores,RS,Rio Grande do Sul,false
4323358,Vila Lângaro,RS,Rio Grande do Sul,false
4323408,Vila Maria,RS,Rio Grande do Sul,false
4323457,Vila Nova do Sul,RS,Rio Grande do Sul,false
4323507,Vista Alegre,RS,Rio Grande do Sul,false
4323606,Vista Alegre do Prata,RS,Rio Grande do Sul,false
4323705,Vista Gaúcha,RS,Rio Grande do Sul,false
4323754,Vitória das Missões,RS,Rio Grande do Sul,false
4323770,Westfália,RS,Rio Grande do Sul,false
4323804,Xangri-lá,RS,Rio Grande do Sul,false
5000203,Água Clara,MS,Mato Grosso do Sul,false
5000252,Alcinópolis,MS,Mato Grosso do Sul,false
5000609,Amambai,MS,Mato Grosso do Sul,false
5000708,Anastácio,MS,Mato Grosso do Sul,false
5000807,Anaurilândia,MS,Mato Grosso do Sul,false
5000856,Angélica,MS,Mato Grosso do Sul,false
5000906,Antônio João,MS,Mato Grosso do Sul,false
5001003,Aparecida do Taboado,MS,Mato Grosso do Sul,false
5001102,Aquidauana,MS,Mato Grosso do Sul,false
5001243,Aral Moreira,MS,Mato Grosso do Sul,false
5001508,Bandeirantes,MS,Mato Grosso do Sul,false
5001904,Bataguassu,MS,Mato Grosso do Sul,false
5002001,Batayporã,MS,Mato Grosso do Sul,false
5002100,Bela Vista,MS,Mato Grosso do Sul,false
5002159,Bodoquena,MS,Mato Grosso do Sul,false
5002209,Bonito,MS,Mato Grosso do Sul,false
5002308,Brasilândia,MS,Mato Grosso do Sul,false
5002407,Caarapó,MS,Mato Grosso do Sul,false
5002605,Camapuã,MS,Mato Grosso do Sul,false
5002704,Campo Grande,MS,Mato Grosso do Sul,false
5002803,Caracol,MS,Mato Grosso do Sul,false
5002902,Cassilândia,MS,Mato Grosso do Sul,false
5002951,Chapadão do Sul,MS,Mato Grosso do Sul,false
5003108,Corguinho,MS,Mato Grosso do Sul,false
5003157,Coronel Sapucaia,MS,Mato Grosso do Sul,false
5003207,Corumbá,MS,Mato Grosso do Sul,false
5003256,Costa Rica,MS,Mato Grosso do Sul,false
5003306,Coxim,MS,Mato Grosso do Sul,false
5003454,Deodápolis,MS,Mato Grosso do Sul,false
5003488,Dois Irmãos do Buriti,MS,Mato Grosso do Sul,false
5003504,Douradina,MS,Mato Grosso do Sul,false
5003702,Dourados,MS,Mato Grosso do Sul,false
5003751,Eldorado,MS,Mato Grosso do Sul,false
5003801,Fátima do Sul,MS,Mato Grosso do Sul,false
5003900,Figueirão,MS,Mato Grosso do Sul,false
5004007,Glória de Dourados,MS,Mato Grosso do Sul,false
5004106,Guia Lopes da Laguna,MS,Mato Grosso do Sul,false
5004304,Iguatemi,MS,Mato Grosso do Sul,false
5004403,Inocência,MS,Mato Grosso do Sul,false
5004502,Itaporã,MS,Mato Grosso do Sul,false
5004601,Itaquiraí,MS,Mato Grosso do Sul,false
5004700,Ivinhema,MS,Mato Grosso do Sul,false
5004809,Japorã,MS,Mato Grosso do Sul,false
5004908,Jaraguari,MS,Mato Grosso do Sul,false
5005004,Jardim,MS,Mato Grosso do Sul,false
5005103,Jateí,MS,Mato Grosso do Sul,false
5005152,Juti,MS,Mato Grosso do Sul,false
5005202,Ladário,MS,Mato Grosso do Sul,false
5005251,Laguna Carapã,MS,Mato Grosso do Sul,false
5005400,Maracaju,MS,Mato Grosso do Sul,false
5005608,Miranda,MS,Mato Grosso do Sul,false
5005681,Mundo Novo,MS,Mato Grosso do Sul,false
5005707,Naviraí,MS,Mato Grosso do Sul,false
5005806,Nioaque,MS,Mato Grosso do Sul,false
5006002,Nova Alvorada do Sul,MS,Mato Grosso do Sul,false
5006200,Nova Andradina,MS,Mato Grosso do Sul,false
5006259,Novo Horizonte do Sul,MS,Mato Grosso do Sul,false
5006275,Paraíso das Águas,MS,Mato Grosso do Sul,false
5006309,Paranaíba,MS,Mato Grosso do Sul,false
5006358,Paranhos,MS,Mato Grosso do Sul,false
5006408,Pedro Gomes,MS,Mato Grosso do Sul,false
5006606,Ponta Porã,MS,Mato Grosso do Sul,false
5006903,Porto Murtinho,MS,Mato Grosso do Sul,false
5007109,Ribas do Rio Pardo,MS,Mato Grosso do Sul,false
5007208,Rio Brilhante,MS,Mato Grosso do Sul,false
5007307,Rio Negro,MS,Mato Grosso do Sul,false
5007406,Rio Verde de Mato Grosso,MS,Mato Grosso do Sul,false
5007505,Rochedo,MS,Mato Grosso do Sul,false
5007554,Santa Rita do Pardo,MS,Mato Grosso do Sul,false
5007695,São Gabriel do Oeste,MS,Mato Grosso do Sul,false
5007802,Selvíria,MS,Mato Grosso do Sul,false
5007703,Sete Quedas,MS,Mato Grosso do Sul,false
5007901,Sidrolândia,MS,Mato Grosso do Sul,false
5007935,Sonora,MS,Mato Grosso do Sul,false
5007950,Tacuru,MS,Mato Grosso do Sul,false
5007976,Taquarussu,MS,Mato Grosso do Sul,false
5008008,Terenos,MS,Mato Grosso do Sul,false
5008305,Três Lagoas,MS,Mato Grosso do Sul,false
5008404,Vicentina,MS,Mato Grosso do Sul,false
5100102,Acorizal,MT,Mato Grosso,false
5100201,Água Boa,MT,Mato Grosso,false
5100250,Alta Floresta,MT,Mato Grosso,false
5100300,Alto Araguaia,MT,Mato Grosso,false
5100359,Alto Boa Vista,MT,Mato Grosso,false
5100409,Alto Garças,MT,Mato Grosso,false
5100508,Alto Paraguai,MT,Mato Grosso,false
5100607,Alto Taquari,MT,Mato Grosso,false
5100805,Apiacás,MT,Mato Grosso,false
5101001,Araguaiana,MT,Mato Grosso,false
5101209,Araguainha,MT,Mato Grosso,false
5101258,Araputanga,MT,Mato Grosso,false
5101308,Arenápolis,MT,Mato Grosso,false
5101407,Aripuanã,MT,Mato Grosso,false
5101605,Barão de Melgaço,MT,Mato Grosso,false
5101704,Barra do Bugres,MT,Mato Grosso,false
5101803,Barra do Garças,MT,Mato Grosso,false
5101852,Bom Jesus do Araguaia,MT,Mato Grosso,false
5101902,Brasnorte,MT,Mato Grosso,false
5102504,Cáceres,MT,Mato Grosso,false
5102603,Campinápolis,MT,Mato Grosso,false
5102637,Campo Novo do Parecis,MT,Mato Grosso,false
5102678,Campo Verde,MT,Mato Grosso,false
5102686,Campos de Júlio,MT,Mato Grosso,false
5102694,Canabrava do Norte,MT,Mato Grosso,false
5102702,Canarana,MT,Mato Grosso,false
5102793,Carlinda,MT,Mato Grosso,false
5102850,Castanheira,MT,Mato Grosso,false
5103007,Chapada dos Guimarães,MT,Mato Grosso,false
5103056,Cláudia,MT,Mato Grosso,false
5103106,Cocalinho,MT,Mato Grosso,false
5103205,Colíder,MT,Mato Grosso,false
5103254,Colniza,MT,Mato Grosso,false
5103304,Comodoro,MT,Mato Grosso,false
5103353,Confresa,MT,Mato Grosso,false
5103361,Conquista D'Oeste,MT,Mato Grosso,false
5103379,Cotriguaçu,MT,Mato Grosso,false
5103403,Cuiabá,MT,Mato Grosso,false
5103437,Curvelândia,MT,Mato Grosso,false
5103452,Denise,MT,Mato Grosso,false
5103502,Diamantino,MT,Mato Grosso,false
5103601,Dom Aquino,MT,Mato Grosso,false
5103700,Feliz Natal,MT,Mato Grosso,false
5103809,Figueirópolis D'Oeste,MT,Mato Grosso,false
5103858,Gaúcha do Norte,MT,Mato Grosso,false
5103908,General Carneiro,MT,Mato Grosso,false
5103957,Glória D'Oeste,MT,Mato Grosso,false
5104104,Guarantã do Norte,MT,Mato Grosso,false
5104203,Guiratinga,MT,Mato Grosso,false
5104500,Indiavaí,MT,Mato Grosso,false
5104526,Ipiranga do Norte,MT,Mato Grosso,false
5104542,Itanhangá,MT,Mato Grosso,false
5104559,Itaúba,MT,Mato Grosso,false
5104609,Itiquira,MT,Mato Grosso,false
5104807,Jaciara,MT,Mato Grosso,false
5104906,Jangada,MT,Mato Grosso,false
5105002,Jauru,MT,Mato Grosso,false
5105101,Juara,MT,Mato Grosso,false
5105150,Juína,MT,Mato Grosso,false
5105176,Juruena,MT,Mato Grosso,false
5105200,Juscimeira,MT,Mato Grosso,false
5105234,Lambari D'Oeste,MT,Mato Grosso,false
5105259,Lucas do Rio Verde,MT,Mato Grosso,false
5105309,Luciara,MT,Mato Grosso,false
5105580,Marcelândia,MT,Mato Grosso,false
5105606,Matupá,MT,Mato Grosso,false
5105622,Mirassol d'Oeste,MT,Mato Grosso,false
5105903,Nobres,MT,Mato Grosso,false
5106000,Nortelândia,MT,Mato Grosso,false
5106109,Nossa Senhora do Livramento,MT,Mato Grosso,false
5106158,Nova Bandeirantes,MT,Mato Grosso,false
5106208,Nova Brasilândia,MT,Mato Grosso,false
5106216,Nova Canaã do Norte,MT,Mato Grosso,false
5108808,Nova Guarita,MT,Mato Grosso,false
5106182,Nova Lacerda,MT,Mato Grosso,false
5108857,Nova Marilândia,MT,Mato Grosso,false
5108907,Nova Maringá,MT,Mato Grosso,false
5108956,Nova Monte Verde,MT,Mato Grosso,false
5106224,Nova Mutum,MT,Mato Grosso,false
5106174,Nova Nazaré,MT,Mato Grosso,false
5106232,Nova Olímpia,MT,Mato Grosso,false
5106190,Nova Santa Helena,MT,Mato Grosso,false
5106240,Nova Ubiratã,MT,Mato Grosso,false
5106257,Nova Xavantina,MT,Mato Grosso,false
5106273,Novo Horizonte do Norte,MT,Mato Grosso,false
5106265,Novo Mundo,MT,Mato Grosso,false
5106315,Novo Santo Antônio,MT,Mato Grosso,false
5106281,Novo São Joaquim,MT,Mato Grosso,false
5106299,Paranaíta,MT,Mato Grosso,false
5106307,Paranatinga,MT,Mato Grosso,false
5106372,Pedra Preta,MT,Mato Grosso,false
5106422,Peixoto de Azevedo,MT,Mato Grosso,false
5106455,Planalto da Serra,MT,Mato Grosso,false
5106505,Poconé,MT,Mato Grosso,false
5106653,Pontal do Araguaia,MT,Mato Grosso,false
5106703,Ponte Branca,MT,Mato Grosso,false
5106752,Pontes e Lacerda,MT,Mato Grosso,false
5106778,Porto Alegre do Norte,MT,Mato Grosso,false
5106802,Porto dos Gaúchos,MT,Mato Grosso,false
5106828,Porto Esperidião,MT,Mato Grosso,false
5106851,Porto Estrela,MT,Mato Grosso,false
5107008,Poxoréu,MT,Mato Grosso,false
5107040,Primavera do Leste,MT,Mato Grosso,false
5107065,Querência,MT,Mato Grosso,false
5107156,Reserva do Cabaçal,MT,Mato Grosso,false
5107180,Ribeirão Cascalheira,MT,Mato Grosso,false
5107198,Ribeirãozinho,MT,Mato Grosso,false
5107206,Rio Branco,MT,Mato Grosso,false
5107578,Rondolândia,MT,Mato Grosso,false
5107602,Rondonópolis,MT,Mato Grosso,false
5107701,Rosário Oeste,MT,Mato Grosso,false
5107750,Salto do Céu,MT,Mato Grosso,false
5107248,Santa Carmem,MT,Mato Grosso,false
5107743,Santa Cruz do Xingu,MT,Mato Grosso,false
5107768,Santa Rita do Trivelato,MT,Mato Grosso,false
5107776,Santa Terezinha,MT,Mato Grosso,false
5107263,Santo Afonso,MT,Mato Grosso,false
5107800,Santo Antônio de Leverger,MT,Mato Grosso,false
5107792,Santo Antônio do Leste,MT,Mato Grosso,false
5107859,São Félix do Araguaia,MT,Mato Grosso,false
5107297,São José do Povo,MT,Mato Grosso,false
5107305,São José do Rio Claro,MT,Mato Grosso,false
5107354,São José do Xingu,MT,Mato Grosso,false
5107107,São José dos Quatro Marcos,MT,Mato Grosso,false
5107404,São Pedro da Cipa,MT,Mato Grosso,false
5107875,Sapezal,MT,Mato Grosso,false
5107883,Serra Nova Dourada,MT,Mato Grosso,false
5107909,Sinop,MT,Mato Grosso,false
5107925,Sorriso,MT,Mato Grosso,false
5107941,Tabaporã,MT,Mato Grosso,false
5107958,Tangará da Serra,MT,Mato Grosso,false
5108006,Tapurah,MT,Mato Grosso,false
5108055,Terra Nova do Norte,MT,Mato Grosso,false
5108105,Tesouro,MT,Mato Grosso,false
5108204,Torixoréu,MT,Mato Grosso,false
5108303,União do Sul,MT,Mato Grosso,false
5108352,Vale de São Domingos,MT,Mato Grosso,false
5108402,Várzea Grande,MT,Mato Grosso,false
5108501,Vera,MT,Mato Grosso,false
5105507,Vila Bela da Santíssima Trindade,MT,Mato Grosso,false
5108600,Vila Rica,MT,Mato Grosso,false
5200050,Abadia de Goiás,GO,Goiás,false
5200100,Abadiânia,GO,Goiás,false
5200134,Acreúna,GO,Goiás,false
5200159,Adelândia,GO,Goiás,false
5200175,Água Fria de Goiás,GO,Goiás,false
5200209,Água Limpa,GO,Goiás,false
5200258,Águas Lindas de Goiás,GO,Goiás,false
5200308,Alexânia,GO,Goiás,false
5200506,Aloândia,GO,Goiás,false
5200555,Alto Horizonte,GO,Goiás,false
5200605,Alto Paraíso de Goiás,GO,Goiás,false
5200803,Alvorada do Norte,GO,Goiás,false
5200829,Amaralina,GO,Goiás,false
5200852,Americano do Brasil,GO,Goiás,false
5200902,Amorinópolis,GO,Goiás,false
5201108,Anápolis,GO,Goiás,false
5201207,Anhanguera,GO,Goiás,false
5201306,Anicuns,GO,Goiás,false
5201405,Aparecida de Goiânia,GO,Goiás,false
5201454,Aparecida do Rio Doce,GO,Goiás,false
5201504,Aporé,GO,Goiás,false
5201603,Araçu,GO,Goiás,false
5201702,Aragarças,GO,Goiás,false
5201801,Aragoiânia,GO,Goiás,false
5202155,Araguapaz,GO,Goiás,false
5202353,Arenópolis,GO,Goiás,false
5202502,Aruanã,GO,Goiás,false
5202601,Aurilândia,GO,Goiás,false
5202809,Avelinópolis,GO,Goiás,false
5203104,Baliza,GO,Goiás,false
5203203,Barro Alto,GO,Goiás,false
5203302,Bela Vista de Goiás,GO,Goiás,false
5203401,Bom Jardim de Goiás,GO,Goiás,false
5203500,Bom Jesus de Goiás,GO,Goiás,false
5203559,Bonfinópolis,GO,Goiás,false
5203575,Bonópolis,GO,Goiás,false
5203609,Brazabrantes,GO,Goiás,false
5203807,Britânia,GO,Goiás,false
5203906,Buriti Alegre,GO,Goiás,false
5203939,Buriti de Goiás,GO,Goiás,false
5203962,Buritinópolis,GO,Goiás,false
5204003,Cabeceiras,GO,Goiás,false
5204102,Cachoeira Alta,GO,Goiás,false
5204201,Cachoeira de Goiás,GO,Goiás,false
5204250,Cachoeira Dourada,GO,Goiás,false
5204300,Caçu,GO,Goiás,false
5204409,Caiapônia,GO,Goiás,false
5204508,Caldas Novas,GO,Goiás,false
5204557,Caldazinha,GO,Goiás,false
5204607,Campestre de Goiás,GO,Goiás,false
5204656,Campinaçu,GO,Goiás,false
5204706,Campinorte,GO,Goiás,false
5204805,Campo Alegre de Goiás,GO,Goiás,false
5204854,Campo Limpo de Goiás,GO,Goiás,false
5204904,Campos Belos,GO,Goiás,false
5204953,Campos Verdes,GO,Goiás,false
5205000,Carmo do Rio Verde,GO,Goiás,false
5205059,Castelândia,GO,Goiás,false
5205109,Catalão,GO,Goiás,false
5205208,Caturaí,GO,Goiás,false
5205307,Cavalcante,GO,Goiás,false
5205406,Ceres,GO,Goiás,false
5205455,Cezarina,GO,Goiás,false
5205471,Chapadão do Céu,GO,Goiás,false
5205497,Cidade Ocidental,GO,Goiás,false
5205513,Cocalzinho de Goiás,GO,Goiás,false
5205521,Colinas do Sul,GO,Goiás,false
5205703,Córrego do Ouro,GO,Goiás,false
5205802,Corumbá de Goiás,GO,Goiás,false
5205901,Corumbaíba,GO,Goiás,false
5206206,Cristalina,GO,Goiás,false
5206305,Cristianópolis,GO,Goiás,false
5206404,Crixás,GO,Goiás,false
5206503,Cromínia,GO,Goiás,false
5206602,Cumari,GO,Goiás,false
5206701,Damianópolis,GO,Goiás,false
5206800,Damolândia,GO,Goiás,false
5206909,Davinópolis,GO,Goiás,false
5207105,Diorama,GO,Goiás,false
5208301,Divinópolis de Goiás,GO,Goiás,false
5207253,Doverlândia,GO,Goiás,false
5207352,Edealina,GO,Goiás,false
5207402,Edéia,GO,Goiás,false
5207501,Estrela do Norte,GO,Goiás,false
5207535,Faina,GO,Goiás,false
5207600,Fazenda Nova,GO,Goiás,false
5207808,Firminópolis,GO,Goiás,false
5207907,Flores de Goiás,GO,Goiás,false
5208004,Formosa,GO,Goiás,false
5208103,Formoso,GO,Goiás,false
5208152,Gameleira de Goiás,GO,Goiás,false
5208400,Goianápolis,GO,Goiás,false
5208509,Goiandira,GO,Goiás,false
5208608,Goianésia,GO,Goiás,false
5208707,Goiânia,GO,Goiás,false
5208806,Goianira,GO,Goiás,false
5208905,Goiás,GO,Goiás,false
5209101,Goiatuba,GO,Goiás,false
5209150,Gouvelândia,GO,Goiás,false
5209200,Guapó,GO,Goiás,false
5209291,Guaraíta,GO,Goiás,false
5209408,Guarani de Goiás,GO,Goiás,false
5209457,Guarinos,GO,Goiás,false
5209606,Heitoraí,GO,Goiás,false
5209705,Hidrolândia,GO,Goiás,false
5209804,Hidrolina,GO,Goiás,false
5209903,Iaciara,GO,Goiás,false
5209937,Inaciolândia,GO,Goiás,false
5209952,Indiara,GO,Goiás,false
5210000,Inhumas,GO,Goiás,false
5210109,Ipameri,GO,Goiás,false
5210158,Ipiranga de Goiás,GO,Goiás,false
5210208,Iporá,GO,Goiás,false
5210307,Israelândia,GO,Goiás,false
5210406,Itaberaí,GO,Goiás,false
5210562,Itaguari,GO,Goiás,false
5210604,Itaguaru,GO,Goiás,false
5210802,Itajá,GO,Goiás,false
5210901,Itapaci,GO,Goiás,false
5211008,Itapirapuã,GO,Goiás,false
5211206,Itapuranga,GO,Goiás,false
5211305,Itarumã,GO,Goiás,false
5211404,Itauçu,GO,Goiás,false
5211503,Itumbiara,GO,Goiás,false
5211602,Ivolândia,GO,Goiás,false
5211701,Jandaia,GO,Goiás,false
5211800,Jaraguá,GO,Goiás,false
5211909,Jataí,GO,Goiás,false
5212006,Jaupaci,GO,Goiás,false
5212055,Jesúpolis,GO,Goiás,false
5212105,Joviânia,GO,Goiás,false
5212204,Jussara,GO,Goiás,false
5212253,Lagoa Santa,GO,Goiás,false
5212303,Leopoldo de Bulhões,GO,Goiás,false
5212501,Luziânia,GO,Goiás,false
5212600,Mairipotaba,GO,Goiás,false
5212709,Mambaí,GO,Goiás,false
5212808,Mara Rosa,GO,Goiás,false
5212907,Marzagão,GO,Goiás,false
5212956,Matrinchã,GO,Goiás,false
5213004,Maurilândia,GO,Goiás,false
5213053,Mimoso de Goiás,GO,Goiás,false
5213087,Minaçu,GO,Goiás,false
5213103,Mineiros,GO,Goiás,false
5213400,Moiporá,GO,Goiás,false
5213509,Monte Alegre de Goiás,GO,Goiás,false
5213707,Montes Claros de Goiás,GO,Goiás,false
5213756,Montividiu,GO,Goiás,false
5213772,Montividiu do Norte,GO,Goiás,false
5213806,Morrinhos,GO,Goiás,false
5213855,Morro Agudo de Goiás,GO,Goiás,false
5213905,Mossâmedes,GO,Goiás,false
5214002,Mozarlândia,GO,Goiás,false
5214051,Mundo Novo,GO,Goiás,false
5214101,Mutunópolis,GO,Goiás,false
5214408,Nazário,GO,Goiás,false
5214507,Nerópolis,GO,Goiás,false
5214606,Niquelândia,GO,Goiás,false
5214705,Nova América,GO,Goiás,false
5214804,Nova Aurora,GO,Goiás,false
5214838,Nova Crixás,GO,Goiás,false
5214861,Nova Glória,GO,Goiás,false
5214879,Nova Iguaçu de Goiás,GO,Goiás,false
5214903,Nova Roma,GO,Goiás,false
5215009,Nova Veneza,GO,Goiás,false
5215207,Novo Brasil,GO,Goiás,false
5215231,Novo Gama,GO,Goiás,false
5215256,Novo Planalto,GO,Goiás,false
5215306,Orizona,GO,Goiás,false
5215405,Ouro Verde de Goiás,GO,Goiás,false
5215504,Ouvidor,GO,Goiás,false
5215603,Padre Bernardo,GO,Goiás,false
5215652,Palestina de Goiás,GO,Goiás,false
5215702,Palmeiras de Goiás,GO,Goiás,false
5215801,Palmelo,GO,Goiás,false
5215900,Palminópolis,GO,Goiás,false
5216007,Panamá,GO,Goiás,false
5216304,Paranaiguara,GO,Goiás,false
5216403,Paraúna,GO,Goiás,false
5216452,Perolândia,GO,Goiás,false
5216809,Petrolina de Goiás,GO,Goiás,false
5216908,Pilar de Goiás,GO,Goiás,false
5217104,Piracanjuba,GO,Goiás,false
5217203,Piranhas,GO,Goiás,false
5217302,Pirenópolis,GO,Goiás,false
5217401,Pires do Rio,GO,Goiás,false
5217609,Planaltina,GO,Goiás,false
5217708,Pontalina,GO,Goiás,false
5218003,Porangatu,GO,Goiás,false
5218052,Porteirão,GO,Goiás,false
5218102,Portelândia,GO,Goiás,false
5218300,Posse,GO,Goiás,false
5218391,Professor Jamil,GO,Goiás,false
5218508,Quirinópolis,GO,Goiás,false
5218607,Rialma,GO,Goiás,false
5218706,Rianápolis,GO,Goiás,false
5218789,Rio Quente,GO,Goiás,false
5218805,Rio Verde,GO,Goiás,false
5218904,Rubiataba,GO,Goiás,false
5219001,Sanclerlândia,GO,Goiás,false
5219100,Santa Bárbara de Goiás,GO,Goiás,false
5219209,Santa Cruz de Goiás,GO,Goiás,false
5219258,Santa Fé de Goiás,GO,Goiás,false
5219308,Santa Helena de Goiás,GO,Goiás,false
5219357,Santa Isabel,GO,Goiás,false
5219407,Santa Rita do Araguaia,GO,Goiás,false
5219456,Santa Rita do Novo Destino,GO,Goiás,false
5219506,Santa Rosa de Goiás,GO,Goiás,false
5219605,Santa Tereza de Goiás,GO,Goiás,false
5219704,Santa Terezinha de Goiás,GO,Goiás,false
5219712,Santo Antônio da Barra,GO,Goiás,false
5219738,Santo Antônio de Goiás,GO,Goiás,false
5219753,Santo Antônio do Descoberto,GO,Goiás,false
5219803,São Domingos,GO,Goiás,false
5219902,São Francisco de Goiás,GO,Goiás,false
5220058,São João da Paraúna,GO,Goiás,false
5220009,São João d'Aliança,GO,Goiás,false
5220108,São Luís de Montes Belos,GO,Goiás,false
5220157,São Luiz do Norte,GO,Goiás,false
5220207,São Miguel do Araguaia,GO,Goiás,false
5220264,São Miguel do Passa Quatro,GO,Goiás,false
5220280,São Patrício,GO,Goiás,false
5220405,São Simão,GO,Goiás,false
5220454,Senador Canedo,GO,Goiás,false
5220504,Serranópolis,GO,Goiás,false
5220603,Silvânia,GO,Goiás,false
5220686,Simolândia,GO,Goiás,false
5220702,Sítio d'Abadia,GO,Goiás,false
5221007,Taquaral de Goiás,GO,Goiás,false
5221080,Teresina de Goiás,GO,Goiás,false
5221197,Terezópolis de Goiás,GO,Goiás,false
5221304,Três Ranchos,GO,Goiás,false
5221403,Trindade,GO,Goiás,false
5221452,Trombas,GO,Goiás,false
5221502,Turvânia,GO,Goiás,false
5221551,Turvelândia,GO,Goiás,false
5221577,Uirapuru,GO,Goiás,false
5221601,Uruaçu,GO,Goiás,false
5221700,Uruana,GO,Goiás,false
5221809,Urutaí,GO,Goiás,false
5221858,Valparaíso de Goiás,GO,Goiás,false
5221908,Varjão,GO,Goiás,false
5222005,Vianópolis,GO,Goiás,false
5222054,Vicentinópolis,GO,Goiás,false
5222203,Vila Boa,GO,Goiás,false
5222302,Vila Propício,GO,Goiás,false
5300108,Brasília,DF,Distrito Federal,false